image,method,letters_pred,letters_conf,letters_format_ok,letters_mode,by_engine,number_pred,number_conf,province_pred,province_posterior,province_similarity,layout,n_letter_glyphs,n_number_glyphs,needs_review,error,classify_locate_ms,fields_ms,read_ms,letters_ms
plate_00001.jpg,group,ซ,0.0325,True,whole crop,,1,0.248,แพร่,0.41,0.0,car,1,1,True,,666,0,292,144.1
plate_00001.jpg,easyocr,ช,0.4334,True,per-letter,,1,0.248,แพร่,0.41,0.0,car,1,1,True,,666,0,292,249.8
plate_00001.jpg,cnn,ก,0.4889,True,per-letter,,1,0.248,แพร่,0.41,0.0,car,1,1,True,,666,0,292,3.6
plate_00001.jpg,tesseract,?,0.0,False,per-letter,,1,0.248,แพร่,0.41,0.0,car,1,1,True,,666,0,292,368.9
plate_00001.jpg,paddle,ท,0.6598,True,per-letter,,1,0.248,แพร่,0.41,0.0,car,1,1,True,,666,0,292,94.7
plate_00001.jpg,easyocr+cnn,ก,0.462,True,per-letter,easyocr=ช|cnn=ข,1,0.248,แพร่,0.41,0.0,car,1,1,True,,666,0,292,253.4
plate_00001.jpg,cnn+paddle,ก,0.3775,True,per-letter,cnn=ข|paddle=ท,1,0.248,แพร่,0.41,0.0,car,1,1,True,,666,0,292,98.3
plate_00001.jpg,easyocr+cnn+paddle,ก,0.3725,True,per-letter,easyocr=ช|cnn=ข|paddle=ท,1,0.248,แพร่,0.41,0.0,car,1,1,True,,666,0,292,348.0
plate_00001.jpg,easyocr+cnn+tesseract+paddle,ก,0.3712,True,per-letter,easyocr=ช|cnn=ข|tesseract=ก|paddle=ท,1,0.248,แพร่,0.41,0.0,car,1,1,True,,666,0,292,717.0
plate_00004.jpg,group,ดฟ,0.8191,True,whole crop,,8008,0.728,กรุงเทพมหานคร,1.0,0.88,car,2,4,True,,646,7,272,81.4
plate_00004.jpg,easyocr,ตฬ,0.5302,True,per-letter,,8008,0.728,กรุงเทพมหานคร,1.0,0.88,car,2,4,True,,646,7,272,305.8
plate_00004.jpg,cnn,ตฬ,0.9833,True,per-letter,,8008,0.728,กรุงเทพมหานคร,1.0,0.88,car,2,4,True,,646,7,272,1.9
plate_00004.jpg,tesseract,ต?,0.0,False,per-letter,,8008,0.728,กรุงเทพมหานคร,1.0,0.88,car,2,4,True,,646,7,272,271.1
plate_00004.jpg,paddle,ดฟ,0.4915,True,per-letter,,8008,0.728,กรุงเทพมหานคร,1.0,0.88,car,2,4,True,,646,7,272,149.8
plate_00004.jpg,easyocr+cnn,ตฬ,0.8902,True,per-letter,easyocr=ตฬ|cnn=ตฬ,8008,0.728,กรุงเทพมหานคร,1.0,0.88,car,2,4,True,,646,7,272,307.7
plate_00004.jpg,cnn+paddle,ตฬ,0.4373,True,per-letter,cnn=ตฬ|paddle=ดฟ,8008,0.728,กรุงเทพมหานคร,1.0,0.88,car,2,4,True,,646,7,272,151.8
plate_00004.jpg,easyocr+cnn+paddle,ตฬ,0.4607,True,per-letter,easyocr=ตฬ|cnn=ตฬ|paddle=ดฟ,8008,0.728,กรุงเทพมหานคร,1.0,0.88,car,2,4,True,,646,7,272,457.5
plate_00004.jpg,easyocr+cnn+tesseract+paddle,ตฬ,0.4651,True,per-letter,easyocr=ตฬ|cnn=ตฬ|tesseract=ตก|paddle=ดฟ,8008,0.728,กรุงเทพมหานคร,1.0,0.88,car,2,4,True,,646,7,272,728.7
plate_00015.jpg,group,ศศ,0.9901,True,whole crop,,5000,0.999,กรุงเทพมหานคร,1.0,1.0,car,2,4,False,,501,1,356,113.4
plate_00015.jpg,easyocr,ศศ,1.0,True,per-letter,,5000,0.999,กรุงเทพมหานคร,1.0,1.0,car,2,4,False,,501,1,356,391.5
plate_00015.jpg,cnn,ศศ,0.9937,True,per-letter,,5000,0.999,กรุงเทพมหานคร,1.0,1.0,car,2,4,False,,501,1,356,2.2
plate_00015.jpg,tesseract,ศศ,0.9982,True,per-letter,,5000,0.999,กรุงเทพมหานคร,1.0,1.0,car,2,4,False,,501,1,356,300.3
plate_00015.jpg,paddle,ศศ,0.9976,True,per-letter,,5000,0.999,กรุงเทพมหานคร,1.0,1.0,car,2,4,False,,501,1,356,211.8
plate_00015.jpg,easyocr+cnn,ศศ,0.9958,True,per-letter,easyocr=ศศ|cnn=ศศ,5000,0.999,กรุงเทพมหานคร,1.0,1.0,car,2,4,False,,501,1,356,393.7
plate_00015.jpg,cnn+paddle,ศศ,0.9952,True,per-letter,cnn=ศศ|paddle=ศศ,5000,0.999,กรุงเทพมหานคร,1.0,1.0,car,2,4,False,,501,1,356,214.0
plate_00015.jpg,easyocr+cnn+paddle,ศศ,0.9964,True,per-letter,easyocr=ศศ|cnn=ศศ|paddle=ศศ,5000,0.999,กรุงเทพมหานคร,1.0,1.0,car,2,4,False,,501,1,356,605.5
plate_00015.jpg,easyocr+cnn+tesseract+paddle,ศศ,0.9965,True,per-letter,easyocr=ศศ|cnn=ศศ|tesseract=ศศ|paddle=ศศ,5000,0.999,กรุงเทพมหานคร,1.0,1.0,car,2,4,False,,501,1,356,905.8
plate_00017.jpg,group,กร,0.6314,True,whole crop,,2782,0.999,เชียงใหม่,1.0,0.588,motorcycle,3,4,True,,310,1,273,77.8
plate_00017.jpg,easyocr,1กฐ,0.9978,True,per-letter,,2782,0.999,เชียงใหม่,1.0,0.588,motorcycle,3,4,True,,310,1,273,352.1
plate_00017.jpg,cnn,1กฐ,0.9843,True,per-letter,,2782,0.999,เชียงใหม่,1.0,0.588,motorcycle,3,4,True,,310,1,273,2.4
plate_00017.jpg,tesseract,1กร,0.9873,True,per-letter,,2782,0.999,เชียงใหม่,1.0,0.588,motorcycle,3,4,True,,310,1,273,458.8
plate_00017.jpg,paddle,1กซ,0.8968,True,per-letter,,2782,0.999,เชียงใหม่,1.0,0.588,motorcycle,3,4,True,,310,1,273,241.6
plate_00017.jpg,easyocr+cnn,1กฐ,0.9892,True,per-letter,easyocr=1กฐ|cnn=1กฐ,2782,0.999,เชียงใหม่,1.0,0.588,motorcycle,3,4,True,,310,1,273,354.5
plate_00017.jpg,cnn+paddle,1กฐ,0.5539,True,per-letter,cnn=1กฐ|paddle=1กซ,2782,0.999,เชียงใหม่,1.0,0.588,motorcycle,3,4,True,,310,1,273,244.0
plate_00017.jpg,easyocr+cnn+paddle,1กฐ,0.6515,True,per-letter,easyocr=1กฐ|cnn=1กฐ|paddle=1กซ,2782,0.999,เชียงใหม่,1.0,0.588,motorcycle,3,4,True,,310,1,273,596.1
plate_00017.jpg,easyocr+cnn+tesseract+paddle,1กฐ,0.563,True,per-letter,easyocr=1กฐ|cnn=1กฐ|tesseract=1กร|paddle=1กซ,2782,0.999,เชียงใหม่,1.0,0.588,motorcycle,3,4,True,,310,1,273,1054.9
plate_00018.jpg,group,อ,0.2136,True,whole crop,,642,0.723,เชียงใหม่,1.0,0.889,motorcycle,6,3,True,,412,2,287,91.5
plate_00018.jpg,easyocr,อ,0.2136,True,"whole crop, fallback",,642,0.723,เชียงใหม่,1.0,0.889,motorcycle,6,3,True,,412,2,287,91.5
plate_00018.jpg,cnn,อ,0.2136,True,"whole crop, fallback",,642,0.723,เชียงใหม่,1.0,0.889,motorcycle,6,3,True,,412,2,287,91.5
plate_00018.jpg,tesseract,อ,0.2136,True,"whole crop, fallback",,642,0.723,เชียงใหม่,1.0,0.889,motorcycle,6,3,True,,412,2,287,91.5
plate_00018.jpg,paddle,อ,0.2136,True,"whole crop, fallback",,642,0.723,เชียงใหม่,1.0,0.889,motorcycle,6,3,True,,412,2,287,91.5
plate_00018.jpg,easyocr+cnn,อ,0.2136,True,"whole crop, fallback",,642,0.723,เชียงใหม่,1.0,0.889,motorcycle,6,3,True,,412,2,287,91.5
plate_00018.jpg,cnn+paddle,อ,0.2136,True,"whole crop, fallback",,642,0.723,เชียงใหม่,1.0,0.889,motorcycle,6,3,True,,412,2,287,91.5
plate_00018.jpg,easyocr+cnn+paddle,อ,0.2136,True,"whole crop, fallback",,642,0.723,เชียงใหม่,1.0,0.889,motorcycle,6,3,True,,412,2,287,91.5
plate_00018.jpg,easyocr+cnn+tesseract+paddle,อ,0.2136,True,"whole crop, fallback",,642,0.723,เชียงใหม่,1.0,0.889,motorcycle,6,3,True,,412,2,287,91.5
plate_00023.jpg,group,สวบ,0.904,True,whole crop,,381,0.414,กรุงเทพมหานคร,1.0,0.8,motorcycle,3,4,True,,847,2,432,78.8
plate_00023.jpg,easyocr,สวบ,0.6423,True,per-letter,,381,0.414,กรุงเทพมหานคร,1.0,0.8,motorcycle,3,4,True,,847,2,432,704.1
plate_00023.jpg,cnn,สวบ,0.9647,True,per-letter,,381,0.414,กรุงเทพมหานคร,1.0,0.8,motorcycle,3,4,True,,847,2,432,4.0
plate_00023.jpg,tesseract,สวบ,0.9853,True,per-letter,,381,0.414,กรุงเทพมหานคร,1.0,0.8,motorcycle,3,4,True,,847,2,432,415.2
plate_00023.jpg,paddle,สวป,0.6846,True,per-letter,,381,0.414,กรุงเทพมหานคร,1.0,0.8,motorcycle,3,4,True,,847,2,432,255.4
plate_00023.jpg,easyocr+cnn,สวบ,0.9116,True,per-letter,easyocr=สงบ|cnn=สวบ,381,0.414,กรุงเทพมหานคร,1.0,0.8,motorcycle,3,4,True,,847,2,432,708.1
plate_00023.jpg,cnn+paddle,สวบ,0.7303,True,per-letter,cnn=สวบ|paddle=สวป,381,0.414,กรุงเทพมหานคร,1.0,0.8,motorcycle,3,4,True,,847,2,432,259.4
plate_00023.jpg,easyocr+cnn+paddle,สวบ,0.751,True,per-letter,easyocr=สงบ|cnn=สวบ|paddle=สวป,381,0.414,กรุงเทพมหานคร,1.0,0.8,motorcycle,3,4,True,,847,2,432,963.5
plate_00023.jpg,easyocr+cnn+tesseract+paddle,สวบ,0.7773,True,per-letter,easyocr=สงบ|cnn=สวบ|tesseract=สวบ|paddle=สวป,381,0.414,กรุงเทพมหานคร,1.0,0.8,motorcycle,3,4,True,,847,2,432,1378.7
plate_00032.jpg,group,1กน,0.8891,True,whole crop,,4049,0.615,นครปฐม,1.0,0.923,motorcycle,3,4,True,,609,1,276,88.6
plate_00032.jpg,easyocr,1กน,0.9903,True,per-letter,,4049,0.615,นครปฐม,1.0,0.923,motorcycle,3,4,True,,609,1,276,370.4
plate_00032.jpg,cnn,1กน,0.9927,True,per-letter,,4049,0.615,นครปฐม,1.0,0.923,motorcycle,3,4,True,,609,1,276,2.7
plate_00032.jpg,tesseract,1กน,0.9905,True,per-letter,,4049,0.615,นครปฐม,1.0,0.923,motorcycle,3,4,True,,609,1,276,419.5
plate_00032.jpg,paddle,1กน,0.9995,True,per-letter,,4049,0.615,นครปฐม,1.0,0.923,motorcycle,3,4,True,,609,1,276,230.7
plate_00032.jpg,easyocr+cnn,1กน,0.9921,True,per-letter,easyocr=1กน|cnn=1กน,4049,0.615,นครปฐม,1.0,0.923,motorcycle,3,4,True,,609,1,276,373.1
plate_00032.jpg,cnn+paddle,1กน,0.9952,True,per-letter,cnn=1กน|paddle=1กน,4049,0.615,นครปฐม,1.0,0.923,motorcycle,3,4,True,,609,1,276,233.4
plate_00032.jpg,easyocr+cnn+paddle,1กน,0.9941,True,per-letter,easyocr=1กน|cnn=1กน|paddle=1กน,4049,0.615,นครปฐม,1.0,0.923,motorcycle,3,4,True,,609,1,276,603.8
plate_00032.jpg,easyocr+cnn+tesseract+paddle,1กน,0.9941,True,per-letter,easyocr=1กน|cnn=1กน|tesseract=1กน|paddle=1กน,4049,0.615,นครปฐม,1.0,0.923,motorcycle,3,4,True,,609,1,276,1023.3
plate_00033.jpg,group,สก,0.996,True,whole crop,,1484,0.703,กรุงเทพมหานคร,1.0,0.96,car,2,4,True,,412,1,311,79.2
plate_00033.jpg,easyocr,สก,1.0,True,per-letter,,1484,0.703,กรุงเทพมหานคร,1.0,0.96,car,2,4,True,,412,1,311,283.6
plate_00033.jpg,cnn,สก,0.9933,True,per-letter,,1484,0.703,กรุงเทพมหานคร,1.0,0.96,car,2,4,True,,412,1,311,2.0
plate_00033.jpg,tesseract,สก,0.9988,True,per-letter,,1484,0.703,กรุงเทพมหานคร,1.0,0.96,car,2,4,True,,412,1,311,196.2
plate_00033.jpg,paddle,สก,0.9995,True,per-letter,,1484,0.703,กรุงเทพมหานคร,1.0,0.96,car,2,4,True,,412,1,311,160.4
plate_00033.jpg,easyocr+cnn,สก,0.9956,True,per-letter,easyocr=สก|cnn=สก,1484,0.703,กรุงเทพมหานคร,1.0,0.96,car,2,4,True,,412,1,311,285.7
plate_00033.jpg,cnn+paddle,สก,0.9956,True,per-letter,cnn=สก|paddle=สก,1484,0.703,กรุงเทพมหานคร,1.0,0.96,car,2,4,True,,412,1,311,162.5
plate_00033.jpg,easyocr+cnn+paddle,สก,0.9967,True,per-letter,easyocr=สก|cnn=สก|paddle=สก,1484,0.703,กรุงเทพมหานคร,1.0,0.96,car,2,4,True,,412,1,311,446.1
plate_00033.jpg,easyocr+cnn+tesseract+paddle,สก,0.9969,True,per-letter,easyocr=สก|cnn=สก|tesseract=สก|paddle=สก,1484,0.703,กรุงเทพมหานคร,1.0,0.96,car,2,4,True,,412,1,311,642.3
plate_00038.jpg,group,กด,0.3952,True,whole crop,,300,0.855,ระนอง,0.545,0.75,car,3,4,True,,734,2,357,94.2
plate_00038.jpg,easyocr,7ต8,0.0,False,per-letter,,300,0.855,ระนอง,0.545,0.75,car,3,4,True,,734,2,357,715.7
plate_00038.jpg,cnn,1ต8,0.0,False,per-letter,,300,0.855,ระนอง,0.545,0.75,car,3,4,True,,734,2,357,6.2
plate_00038.jpg,tesseract,?ตพ,0.0,False,per-letter,,300,0.855,ระนอง,0.545,0.75,car,3,4,True,,734,2,357,617.4
plate_00038.jpg,paddle,1ตซ,0.366,True,per-letter,,300,0.855,ระนอง,0.545,0.75,car,3,4,True,,734,2,357,298.3
plate_00038.jpg,easyocr+cnn,1ต8,0.0,False,per-letter,easyocr=7ต8|cnn=1ต8,300,0.855,ระนอง,0.545,0.75,car,3,4,True,,734,2,357,721.9
plate_00038.jpg,cnn+paddle,1ต8,0.0,False,per-letter,cnn=1ต8|paddle=1ต8,300,0.855,ระนอง,0.545,0.75,car,3,4,True,,734,2,357,304.6
plate_00038.jpg,easyocr+cnn+paddle,1ต8,0.0,False,per-letter,easyocr=7ต8|cnn=1ต8|paddle=1ต8,300,0.855,ระนอง,0.545,0.75,car,3,4,True,,734,2,357,1020.3
plate_00038.jpg,easyocr+cnn+tesseract+paddle,1ต8,0.0,False,per-letter,easyocr=7ต8|cnn=1ต8|tesseract=1ต8|paddle=1ต8,300,0.855,ระนอง,0.545,0.75,car,3,4,True,,734,2,357,1637.7
plate_00040.jpg,group,ณธ,0.4497,True,whole crop,,1826,1.0,กรุงเทพมหานคร,1.0,0.96,car,2,4,True,,412,2,324,86.6
plate_00040.jpg,easyocr,ณธ,0.8273,True,per-letter,,1826,1.0,กรุงเทพมหานคร,1.0,0.96,car,2,4,False,,412,2,324,351.8
plate_00040.jpg,cnn,ฌธ,0.9874,True,per-letter,,1826,1.0,กรุงเทพมหานคร,1.0,0.96,car,2,4,False,,412,2,324,2.3
plate_00040.jpg,tesseract,ญย,0.9568,True,per-letter,,1826,1.0,กรุงเทพมหานคร,1.0,0.96,car,2,4,False,,412,2,324,187.8
plate_00040.jpg,paddle,ณธ,0.5342,True,per-letter,,1826,1.0,กรุงเทพมหานคร,1.0,0.96,car,2,4,True,,412,2,324,152.5
plate_00040.jpg,easyocr+cnn,ฌธ,0.5744,True,per-letter,easyocr=ณธ|cnn=ฌธ,1826,1.0,กรุงเทพมหานคร,1.0,0.96,car,2,4,True,,412,2,324,354.0
plate_00040.jpg,cnn+paddle,ฌธ,0.6164,True,per-letter,cnn=ฌธ|paddle=ณธ,1826,1.0,กรุงเทพมหานคร,1.0,0.96,car,2,4,True,,412,2,324,154.8
plate_00040.jpg,easyocr+cnn+paddle,ณธ,0.4493,True,per-letter,easyocr=ณธ|cnn=ฌธ|paddle=ณธ,1826,1.0,กรุงเทพมหานคร,1.0,0.96,car,2,4,True,,412,2,324,506.6
plate_00040.jpg,easyocr+cnn+tesseract+paddle,ณธ,0.4216,True,per-letter,easyocr=ณธ|cnn=ฌธ|tesseract=ญย|paddle=ณธ,1826,1.0,กรุงเทพมหานคร,1.0,0.96,car,2,4,True,,412,2,324,694.4
plate_00041.jpg,group,น,0.4397,True,whole crop,,28,0.595,กรุงเทพมหานคร,1.0,0.96,car,1,3,True,,554,42,362,97.4
plate_00041.jpg,easyocr,ม,0.6879,True,per-letter,,28,0.595,กรุงเทพมหานคร,1.0,0.96,car,1,3,True,,554,42,362,303.7
plate_00041.jpg,cnn,บ,0.6107,True,per-letter,,28,0.595,กรุงเทพมหานคร,1.0,0.96,car,1,3,True,,554,42,362,1.7
plate_00041.jpg,tesseract,?,0.0,False,per-letter,,28,0.595,กรุงเทพมหานคร,1.0,0.96,car,1,3,True,,554,42,362,127.7
plate_00041.jpg,paddle,น,0.8204,True,per-letter,,28,0.595,กรุงเทพมหานคร,1.0,0.96,car,1,3,True,,554,42,362,81.3
plate_00041.jpg,easyocr+cnn,บ,0.3773,True,per-letter,easyocr=ม|cnn=บ,28,0.595,กรุงเทพมหานคร,1.0,0.96,car,1,3,True,,554,42,362,305.4
plate_00041.jpg,cnn+paddle,น,0.6128,True,per-letter,cnn=บ|paddle=น,28,0.595,กรุงเทพมหานคร,1.0,0.96,car,1,3,True,,554,42,362,83.0
plate_00041.jpg,easyocr+cnn+paddle,น,0.5572,True,per-letter,easyocr=ม|cnn=บ|paddle=น,28,0.595,กรุงเทพมหานคร,1.0,0.96,car,1,3,True,,554,42,362,386.7
plate_00041.jpg,easyocr+cnn+tesseract+paddle,น,0.5553,True,per-letter,easyocr=ม|cnn=บ|tesseract=ก|paddle=น,28,0.595,กรุงเทพมหานคร,1.0,0.96,car,1,3,True,,554,42,362,514.4
plate_00043.jpg,group,ตก,0.5706,True,whole crop,,4925,0.539,กรุงเทพมหานคร,1.0,0.963,car,2,4,True,,674,1,313,80.4
plate_00043.jpg,easyocr,ฒก,0.8798,True,per-letter,,4925,0.539,กรุงเทพมหานคร,1.0,0.963,car,2,4,True,,674,1,313,489.2
plate_00043.jpg,cnn,ฒก,0.9909,True,per-letter,,4925,0.539,กรุงเทพมหานคร,1.0,0.963,car,2,4,True,,674,1,313,2.3
plate_00043.jpg,tesseract,ฒก,0.9853,True,per-letter,,4925,0.539,กรุงเทพมหานคร,1.0,0.963,car,2,4,True,,674,1,313,223.8
plate_00043.jpg,paddle,พก,0.3966,True,per-letter,,4925,0.539,กรุงเทพมหานคร,1.0,0.963,car,2,4,True,,674,1,313,154.0
plate_00043.jpg,easyocr+cnn,ฒก,0.954,True,per-letter,easyocr=ฒก|cnn=ฒก,4925,0.539,กรุงเทพมหานคร,1.0,0.963,car,2,4,True,,674,1,313,491.5
plate_00043.jpg,cnn+paddle,ฒก,0.8101,True,per-letter,cnn=ฒก|paddle=พก,4925,0.539,กรุงเทพมหานคร,1.0,0.963,car,2,4,True,,674,1,313,156.2
plate_00043.jpg,easyocr+cnn+paddle,ฒก,0.8601,True,per-letter,easyocr=ฒก|cnn=ฒก|paddle=พก,4925,0.539,กรุงเทพมหานคร,1.0,0.963,car,2,4,True,,674,1,313,645.4
plate_00043.jpg,easyocr+cnn+tesseract+paddle,ฒก,0.8704,True,per-letter,easyocr=ฒก|cnn=ฒก|tesseract=ฒก|paddle=พก,4925,0.539,กรุงเทพมหานคร,1.0,0.963,car,2,4,True,,674,1,313,869.2
plate_00047.jpg,group,อห,0.3768,True,whole crop,,2502,0.997,กรุงเทพมหานคร,1.0,0.846,car,1,4,True,,897,1,266,79.5
plate_00047.jpg,easyocr,อห,0.3768,True,"whole crop, fallback",,2502,0.997,กรุงเทพมหานคร,1.0,0.846,car,1,4,True,,897,1,266,79.5
plate_00047.jpg,cnn,อห,0.3768,True,"whole crop, fallback",,2502,0.997,กรุงเทพมหานคร,1.0,0.846,car,1,4,True,,897,1,266,79.5
plate_00047.jpg,tesseract,อห,0.3768,True,"whole crop, fallback",,2502,0.997,กรุงเทพมหานคร,1.0,0.846,car,1,4,True,,897,1,266,79.5
plate_00047.jpg,paddle,อห,0.3768,True,"whole crop, fallback",,2502,0.997,กรุงเทพมหานคร,1.0,0.846,car,1,4,True,,897,1,266,79.5
plate_00047.jpg,easyocr+cnn,อห,0.3768,True,"whole crop, fallback",,2502,0.997,กรุงเทพมหานคร,1.0,0.846,car,1,4,True,,897,1,266,79.5
plate_00047.jpg,cnn+paddle,อห,0.3768,True,"whole crop, fallback",,2502,0.997,กรุงเทพมหานคร,1.0,0.846,car,1,4,True,,897,1,266,79.5
plate_00047.jpg,easyocr+cnn+paddle,อห,0.3768,True,"whole crop, fallback",,2502,0.997,กรุงเทพมหานคร,1.0,0.846,car,1,4,True,,897,1,266,79.5
plate_00047.jpg,easyocr+cnn+tesseract+paddle,อห,0.3768,True,"whole crop, fallback",,2502,0.997,กรุงเทพมหานคร,1.0,0.846,car,1,4,True,,897,1,266,79.5
plate_00052.jpg,group,2ตย,0.3521,True,whole crop,,3201,1.0,กรุงเทพมหานคร,1.0,0.88,car,3,4,True,,630,1,277,78.1
plate_00052.jpg,easyocr,2ฒย,0.8451,True,per-letter,,3201,1.0,กรุงเทพมหานคร,1.0,0.88,car,3,4,False,,630,1,277,718.7
plate_00052.jpg,cnn,2ฒย,0.9938,True,per-letter,,3201,1.0,กรุงเทพมหานคร,1.0,0.88,car,3,4,False,,630,1,277,3.4
plate_00052.jpg,tesseract,2ฒย,0.9932,True,per-letter,,3201,1.0,กรุงเทพมหานคร,1.0,0.88,car,3,4,False,,630,1,277,327.8
plate_00052.jpg,paddle,2ตย,0.5013,True,per-letter,,3201,1.0,กรุงเทพมหานคร,1.0,0.88,car,3,4,True,,630,1,277,212.8
plate_00052.jpg,easyocr+cnn,2ฒย,0.9457,True,per-letter,easyocr=2ฒย|cnn=2ฒย,3201,1.0,กรุงเทพมหานคร,1.0,0.88,car,3,4,False,,630,1,277,722.1
plate_00052.jpg,cnn+paddle,2ฒย,0.7797,True,per-letter,cnn=2ฒย|paddle=2ตย,3201,1.0,กรุงเทพมหานคร,1.0,0.88,car,3,4,False,,630,1,277,216.2
plate_00052.jpg,easyocr+cnn+paddle,2ฒย,0.8147,True,per-letter,easyocr=2ฒย|cnn=2ฒย|paddle=2ตย,3201,1.0,กรุงเทพมหานคร,1.0,0.88,car,3,4,False,,630,1,277,934.9
plate_00052.jpg,easyocr+cnn+tesseract+paddle,2ฒย,0.8347,True,per-letter,easyocr=2ฒย|cnn=2ฒย|tesseract=2ฒย|paddle=2ตย,3201,1.0,กรุงเทพมหานคร,1.0,0.88,car,3,4,False,,630,1,277,1262.7
plate_00057.jpg,group,ดร,0.4391,True,whole crop,,2002,0.999,เชียงใหม่,1.0,0.889,car,2,4,True,,640,1,268,83.4
plate_00057.jpg,easyocr,กร,0.9999,True,per-letter,,2002,0.999,เชียงใหม่,1.0,0.889,car,2,4,False,,640,1,268,437.6
plate_00057.jpg,cnn,กร,0.9961,True,per-letter,,2002,0.999,เชียงใหม่,1.0,0.889,car,2,4,False,,640,1,268,10.3
plate_00057.jpg,tesseract,กร,0.999,True,per-letter,,2002,0.999,เชียงใหม่,1.0,0.889,car,2,4,False,,640,1,268,326.5
plate_00057.jpg,paddle,กร,0.8856,True,per-letter,,2002,0.999,เชียงใหม่,1.0,0.889,car,2,4,False,,640,1,268,144.6
plate_00057.jpg,easyocr+cnn,กร,0.9975,True,per-letter,easyocr=กร|cnn=กร,2002,0.999,เชียงใหม่,1.0,0.889,car,2,4,False,,640,1,268,447.9
plate_00057.jpg,cnn+paddle,กร,0.9619,True,per-letter,cnn=กร|paddle=กร,2002,0.999,เชียงใหม่,1.0,0.889,car,2,4,False,,640,1,268,155.0
plate_00057.jpg,easyocr+cnn+paddle,กร,0.9718,True,per-letter,easyocr=กร|cnn=กร|paddle=กร,2002,0.999,เชียงใหม่,1.0,0.889,car,2,4,False,,640,1,268,592.6
plate_00057.jpg,easyocr+cnn+tesseract+paddle,กร,0.9746,True,per-letter,easyocr=กร|cnn=กร|tesseract=กร|paddle=กร,2002,0.999,เชียงใหม่,1.0,0.889,car,2,4,False,,640,1,268,919.1
plate_00059.jpg,group,กค,0.2434,True,whole crop,,4411,0.793,มหาสารคาม,1.0,0.706,car,2,4,True,,521,1,270,74.9
plate_00059.jpg,easyocr,กค,0.9896,True,per-letter,,4411,0.793,มหาสารคาม,1.0,0.706,car,2,4,True,,521,1,270,410.0
plate_00059.jpg,cnn,กค,0.9851,True,per-letter,,4411,0.793,มหาสารคาม,1.0,0.706,car,2,4,True,,521,1,270,4.4
plate_00059.jpg,tesseract,กด,0.993,True,per-letter,,4411,0.793,มหาสารคาม,1.0,0.706,car,2,4,True,,521,1,270,221.7
plate_00059.jpg,paddle,กค,0.9679,True,per-letter,,4411,0.793,มหาสารคาม,1.0,0.706,car,2,4,True,,521,1,270,162.0
plate_00059.jpg,easyocr+cnn,กค,0.9867,True,per-letter,easyocr=กค|cnn=กค,4411,0.793,มหาสารคาม,1.0,0.706,car,2,4,True,,521,1,270,414.4
plate_00059.jpg,cnn+paddle,กค,0.9805,True,per-letter,cnn=กค|paddle=กค,4411,0.793,มหาสารคาม,1.0,0.706,car,2,4,True,,521,1,270,166.5
plate_00059.jpg,easyocr+cnn+paddle,กค,0.9828,True,per-letter,easyocr=กค|cnn=กค|paddle=กค,4411,0.793,มหาสารคาม,1.0,0.706,car,2,4,True,,521,1,270,576.5
plate_00059.jpg,easyocr+cnn+tesseract+paddle,กค,0.9063,True,per-letter,easyocr=กค|cnn=กค|tesseract=กด|paddle=กค,4411,0.793,มหาสารคาม,1.0,0.706,car,2,4,True,,521,1,270,798.2
plate_00065.jpg,group,กค,0.28,True,whole crop,,882,0.917,พังงา,0.645,0.0,car,2,3,True,,716,2,246,70.5
plate_00065.jpg,easyocr,กค,0.9981,True,per-letter,,882,0.917,พังงา,0.645,0.0,car,2,3,True,,716,2,246,412.5
plate_00065.jpg,cnn,กค,0.9718,True,per-letter,,882,0.917,พังงา,0.645,0.0,car,2,3,True,,716,2,246,2.1
plate_00065.jpg,tesseract,กด,0.9917,True,per-letter,,882,0.917,พังงา,0.645,0.0,car,2,3,True,,716,2,246,265.6
plate_00065.jpg,paddle,กค,0.67,True,per-letter,,882,0.917,พังงา,0.645,0.0,car,2,3,True,,716,2,246,176.3
plate_00065.jpg,easyocr+cnn,กค,0.9808,True,per-letter,easyocr=กค|cnn=กค,882,0.917,พังงา,0.645,0.0,car,2,3,True,,716,2,246,414.6
plate_00065.jpg,cnn+paddle,กค,0.872,True,per-letter,cnn=กค|paddle=กค,882,0.917,พังงา,0.645,0.0,car,2,3,True,,716,2,246,178.4
plate_00065.jpg,easyocr+cnn+paddle,กค,0.9043,True,per-letter,easyocr=กค|cnn=กค|paddle=กค,882,0.917,พังงา,0.645,0.0,car,2,3,True,,716,2,246,590.9
plate_00065.jpg,easyocr+cnn+tesseract+paddle,กค,0.8293,True,per-letter,easyocr=กค|cnn=กค|tesseract=กด|paddle=กค,882,0.917,พังงา,0.645,0.0,car,2,3,True,,716,2,246,856.5
plate_00068.jpg,group,ทพ,0.2879,True,whole crop,,2392,0.999,กรุงเทพมหานคร,1.0,0.88,car,1,3,True,,588,1,243,77.5
plate_00068.jpg,easyocr,ทพ,0.2879,True,"whole crop, fallback",,2392,0.999,กรุงเทพมหานคร,1.0,0.88,car,1,3,True,,588,1,243,77.5
plate_00068.jpg,cnn,ทพ,0.2879,True,"whole crop, fallback",,2392,0.999,กรุงเทพมหานคร,1.0,0.88,car,1,3,True,,588,1,243,77.5
plate_00068.jpg,tesseract,ทพ,0.2879,True,"whole crop, fallback",,2392,0.999,กรุงเทพมหานคร,1.0,0.88,car,1,3,True,,588,1,243,77.5
plate_00068.jpg,paddle,ทพ,0.2879,True,"whole crop, fallback",,2392,0.999,กรุงเทพมหานคร,1.0,0.88,car,1,3,True,,588,1,243,77.5
plate_00068.jpg,easyocr+cnn,ทพ,0.2879,True,"whole crop, fallback",,2392,0.999,กรุงเทพมหานคร,1.0,0.88,car,1,3,True,,588,1,243,77.5
plate_00068.jpg,cnn+paddle,ทพ,0.2879,True,"whole crop, fallback",,2392,0.999,กรุงเทพมหานคร,1.0,0.88,car,1,3,True,,588,1,243,77.5
plate_00068.jpg,easyocr+cnn+paddle,ทพ,0.2879,True,"whole crop, fallback",,2392,0.999,กรุงเทพมหานคร,1.0,0.88,car,1,3,True,,588,1,243,77.5
plate_00068.jpg,easyocr+cnn+tesseract+paddle,ทพ,0.2879,True,"whole crop, fallback",,2392,0.999,กรุงเทพมหานคร,1.0,0.88,car,1,3,True,,588,1,243,77.5
plate_00071.jpg,group,11,0.2952,True,whole crop,,9667,0.999,กรุงเทพมหานคร,1.0,1.0,car,2,4,True,,864,11,255,77.4
plate_00071.jpg,easyocr,กก,0.3502,True,per-letter,,9667,0.999,กรุงเทพมหานคร,1.0,1.0,car,2,4,True,,864,11,255,419.8
plate_00071.jpg,cnn,11,0.9723,True,per-letter,,9667,0.999,กรุงเทพมหานคร,1.0,1.0,car,2,4,False,,864,11,255,2.0
plate_00071.jpg,tesseract,??,0.0,False,per-letter,,9667,0.999,กรุงเทพมหานคร,1.0,1.0,car,2,4,True,,864,11,255,157.4
plate_00071.jpg,paddle,11,0.9924,True,per-letter,,9667,0.999,กรุงเทพมหานคร,1.0,1.0,car,2,4,False,,864,11,255,152.6
plate_00071.jpg,easyocr+cnn,11,0.9517,True,per-letter,easyocr=กก|cnn=11,9667,0.999,กรุงเทพมหานคร,1.0,1.0,car,2,4,False,,864,11,255,421.8
plate_00071.jpg,cnn+paddle,11,0.9818,True,per-letter,cnn=11|paddle=11,9667,0.999,กรุงเทพมหานคร,1.0,1.0,car,2,4,False,,864,11,255,154.6
plate_00071.jpg,easyocr+cnn+paddle,11,0.9684,True,per-letter,easyocr=กก|cnn=11|paddle=11,9667,0.999,กรุงเทพมหานคร,1.0,1.0,car,2,4,False,,864,11,255,574.4
plate_00071.jpg,easyocr+cnn+tesseract+paddle,11,0.9658,True,per-letter,easyocr=กก|cnn=11|tesseract=กก|paddle=11,9667,0.999,กรุงเทพมหานคร,1.0,1.0,car,2,4,False,,864,11,255,731.8
plate_00072.jpg,group,71,0.4357,True,whole crop,,0638,1.0,เพชรบุรี,1.0,1.0,car,2,4,True,,559,7,273,78.6
plate_00072.jpg,easyocr,7ร,0.3929,True,per-letter,,0638,1.0,เพชรบุรี,1.0,1.0,car,2,4,True,,559,7,273,305.0
plate_00072.jpg,cnn,71,0.9695,True,per-letter,,0638,1.0,เพชรบุรี,1.0,1.0,car,2,4,False,,559,7,273,1.7
plate_00072.jpg,tesseract,7?,0.0,False,per-letter,,0638,1.0,เพชรบุรี,1.0,1.0,car,2,4,True,,559,7,273,208.6
plate_00072.jpg,paddle,71,0.9906,True,per-letter,,0638,1.0,เพชรบุรี,1.0,1.0,car,2,4,False,,559,7,273,148.5
plate_00072.jpg,easyocr+cnn,71,0.9307,True,per-letter,easyocr=7ร|cnn=71,0638,1.0,เพชรบุรี,1.0,1.0,car,2,4,False,,559,7,273,306.8
plate_00072.jpg,cnn+paddle,71,0.9791,True,per-letter,cnn=71|paddle=71,0638,1.0,เพชรบุรี,1.0,1.0,car,2,4,False,,559,7,273,150.2
plate_00072.jpg,easyocr+cnn+paddle,71,0.9544,True,per-letter,easyocr=7ร|cnn=71|paddle=71,0638,1.0,เพชรบุรี,1.0,1.0,car,2,4,False,,559,7,273,455.2
plate_00072.jpg,easyocr+cnn+tesseract+paddle,71,0.9527,True,per-letter,easyocr=7ร|cnn=71|tesseract=7ก|paddle=71,0638,1.0,เพชรบุรี,1.0,1.0,car,2,4,False,,559,7,273,663.8
plate_00073.jpg,group,16,0.9489,True,whole crop,,2444,0.955,กรุงเทพมหานคร,1.0,0.96,car,2,4,False,,704,10,294,76.3
plate_00073.jpg,easyocr,16,0.7662,True,per-letter,,2444,0.955,กรุงเทพมหานคร,1.0,0.96,car,2,4,False,,704,10,294,476.5
plate_00073.jpg,cnn,16,0.9842,True,per-letter,,2444,0.955,กรุงเทพมหานคร,1.0,0.96,car,2,4,False,,704,10,294,4.0
plate_00073.jpg,tesseract,?พ,0.0,False,per-letter,,2444,0.955,กรุงเทพมหานคร,1.0,0.96,car,2,4,True,,704,10,294,261.7
plate_00073.jpg,paddle,16,0.9992,True,per-letter,,2444,0.955,กรุงเทพมหานคร,1.0,0.96,car,2,4,False,,704,10,294,189.9
plate_00073.jpg,easyocr+cnn,16,0.9861,True,per-letter,easyocr=ก6|cnn=16,2444,0.955,กรุงเทพมหานคร,1.0,0.96,car,2,4,False,,704,10,294,480.5
plate_00073.jpg,cnn+paddle,16,0.9895,True,per-letter,cnn=16|paddle=16,2444,0.955,กรุงเทพมหานคร,1.0,0.96,car,2,4,False,,704,10,294,193.9
plate_00073.jpg,easyocr+cnn+paddle,16,0.9906,True,per-letter,easyocr=ก6|cnn=16|paddle=16,2444,0.955,กรุงเทพมหานคร,1.0,0.96,car,2,4,False,,704,10,294,670.4
plate_00073.jpg,easyocr+cnn+tesseract+paddle,16,0.9488,True,per-letter,easyocr=ก6|cnn=16|tesseract=ก8|paddle=16,2444,0.955,กรุงเทพมหานคร,1.0,0.96,car,2,4,False,,704,10,294,932.1
plate_00076.jpg,group,70,0.9967,True,whole crop,,2157,0.989,อุดรธานี,1.0,0.8,car,2,4,False,,686,6,275,82.7
plate_00076.jpg,easyocr,70,0.9964,True,per-letter,,2157,0.989,อุดรธานี,1.0,0.8,car,2,4,False,,686,6,275,401.9
plate_00076.jpg,cnn,70,0.9974,True,per-letter,,2157,0.989,อุดรธานี,1.0,0.8,car,2,4,False,,686,6,275,2.1
plate_00076.jpg,tesseract,70,0.9997,True,per-letter,,2157,0.989,อุดรธานี,1.0,0.8,car,2,4,False,,686,6,275,308.7
plate_00076.jpg,paddle,70,0.9999,True,per-letter,,2157,0.989,อุดรธานี,1.0,0.8,car,2,4,False,,686,6,275,225.4
plate_00076.jpg,easyocr+cnn,70,0.9975,True,per-letter,easyocr=70|cnn=70,2157,0.989,อุดรธานี,1.0,0.8,car,2,4,False,,686,6,275,404.1
plate_00076.jpg,cnn+paddle,70,0.9983,True,per-letter,cnn=70|paddle=70,2157,0.989,อุดรธานี,1.0,0.8,car,2,4,False,,686,6,275,227.5
plate_00076.jpg,easyocr+cnn+paddle,70,0.9981,True,per-letter,easyocr=70|cnn=70|paddle=70,2157,0.989,อุดรธานี,1.0,0.8,car,2,4,False,,686,6,275,629.4
plate_00076.jpg,easyocr+cnn+tesseract+paddle,70,0.9982,True,per-letter,easyocr=70|cnn=70|tesseract=70|paddle=70,2157,0.989,อุดรธานี,1.0,0.8,car,2,4,False,,686,6,275,938.2
plate_00077.jpg,group,306,0.9994,True,whole crop,,894,0.971,น่าน,0.416,0.0,car,3,4,True,,427,7,272,76.5
plate_00077.jpg,easyocr,306,0.998,True,per-letter,,894,0.971,น่าน,0.416,0.0,car,3,4,True,,427,7,272,577.4
plate_00077.jpg,cnn,306,0.9967,True,per-letter,,894,0.971,น่าน,0.416,0.0,car,3,4,True,,427,7,272,2.3
plate_00077.jpg,tesseract,308,0.9967,True,per-letter,,894,0.971,น่าน,0.416,0.0,car,3,4,True,,427,7,272,288.6
plate_00077.jpg,paddle,306,1.0,True,per-letter,,894,0.971,น่าน,0.416,0.0,car,3,4,True,,427,7,272,245.4
plate_00077.jpg,easyocr+cnn,306,0.997,True,per-letter,easyocr=306|cnn=306,894,0.971,น่าน,0.416,0.0,car,3,4,True,,427,7,272,579.7
plate_00077.jpg,cnn+paddle,306,0.9977,True,per-letter,cnn=306|paddle=306,894,0.971,น่าน,0.416,0.0,car,3,4,True,,427,7,272,247.7
plate_00077.jpg,easyocr+cnn+paddle,306,0.9977,True,per-letter,easyocr=306|cnn=306|paddle=306,894,0.971,น่าน,0.416,0.0,car,3,4,True,,427,7,272,825.1
plate_00077.jpg,easyocr+cnn+tesseract+paddle,306,0.9586,True,per-letter,easyocr=306|cnn=306|tesseract=308|paddle=306,894,0.971,น่าน,0.416,0.0,car,3,4,True,,427,7,272,1113.7
plate_00078.jpg,group,20,0.998,True,whole crop,,8236,0.965,เชียงใหม่,1.0,0.842,car,2,4,False,,405,1,277,77.9
plate_00078.jpg,easyocr,20,0.9993,True,per-letter,,8236,0.965,เชียงใหม่,1.0,0.842,car,2,4,False,,405,1,277,524.5
plate_00078.jpg,cnn,20,0.9942,True,per-letter,,8236,0.965,เชียงใหม่,1.0,0.842,car,2,4,False,,405,1,277,3.4
plate_00078.jpg,tesseract,20,0.9998,True,per-letter,,8236,0.965,เชียงใหม่,1.0,0.842,car,2,4,False,,405,1,277,158.8
plate_00078.jpg,paddle,20,0.9999,True,per-letter,,8236,0.965,เชียงใหม่,1.0,0.842,car,2,4,False,,405,1,277,150.6
plate_00078.jpg,easyocr+cnn,20,0.9961,True,per-letter,easyocr=20|cnn=20,8236,0.965,เชียงใหม่,1.0,0.842,car,2,4,False,,405,1,277,527.9
plate_00078.jpg,cnn+paddle,20,0.9962,True,per-letter,cnn=20|paddle=20,8236,0.965,เชียงใหม่,1.0,0.842,car,2,4,False,,405,1,277,154.0
plate_00078.jpg,easyocr+cnn+paddle,20,0.9971,True,per-letter,easyocr=20|cnn=20|paddle=20,8236,0.965,เชียงใหม่,1.0,0.842,car,2,4,False,,405,1,277,678.5
plate_00078.jpg,easyocr+cnn+tesseract+paddle,20,0.9973,True,per-letter,easyocr=20|cnn=20|tesseract=20|paddle=20,8236,0.965,เชียงใหม่,1.0,0.842,car,2,4,False,,405,1,277,837.3
plate_00089.jpg,group,กข,0.1939,True,whole crop,,330,0.999,พังงา,1.0,1.0,car,2,3,True,,718,1,246,77.5
plate_00089.jpg,easyocr,กข,0.4171,True,per-letter,,330,0.999,พังงา,1.0,1.0,car,2,3,True,,718,1,246,397.8
plate_00089.jpg,cnn,ฌข,0.982,True,per-letter,,330,0.999,พังงา,1.0,1.0,car,2,3,False,,718,1,246,3.1
plate_00089.jpg,tesseract,ณข,0.9931,True,per-letter,,330,0.999,พังงา,1.0,1.0,car,2,3,False,,718,1,246,180.0
plate_00089.jpg,paddle,พข,0.3839,True,per-letter,,330,0.999,พังงา,1.0,1.0,car,2,3,True,,718,1,246,141.5
plate_00089.jpg,easyocr+cnn,ฌข,0.658,True,per-letter,easyocr=ญข|cnn=ฌข,330,0.999,พังงา,1.0,1.0,car,2,3,True,,718,1,246,400.9
plate_00089.jpg,cnn+paddle,ฌข,0.6242,True,per-letter,cnn=ฌข|paddle=พข,330,0.999,พังงา,1.0,1.0,car,2,3,True,,718,1,246,144.6
plate_00089.jpg,easyocr+cnn+paddle,ฌข,0.5525,True,per-letter,easyocr=ญข|cnn=ฌข|paddle=พข,330,0.999,พังงา,1.0,1.0,car,2,3,True,,718,1,246,542.4
plate_00089.jpg,easyocr+cnn+tesseract+paddle,ฌข,0.4713,True,per-letter,easyocr=ญข|cnn=ฌข|tesseract=ณข|paddle=พข,330,0.999,พังงา,1.0,1.0,car,2,3,True,,718,1,246,722.3
plate_00102.jpg,group,ขคย,0.8681,True,whole crop,,242,0.998,กาญจนบุรี,1.0,0.889,motorcycle,3,3,False,,557,1,235,77.0
plate_00102.jpg,easyocr,ขคย,0.9504,True,per-letter,,242,0.998,กาญจนบุรี,1.0,0.889,motorcycle,3,3,False,,557,1,235,433.3
plate_00102.jpg,cnn,ขคย,0.9629,True,per-letter,,242,0.998,กาญจนบุรี,1.0,0.889,motorcycle,3,3,False,,557,1,235,2.6
plate_00102.jpg,tesseract,ขวย,0.898,True,per-letter,,242,0.998,กาญจนบุรี,1.0,0.889,motorcycle,3,3,False,,557,1,235,294.6
plate_00102.jpg,paddle,2คย,0.5833,True,per-letter,,242,0.998,กาญจนบุรี,1.0,0.889,motorcycle,3,3,True,,557,1,235,213.1
plate_00102.jpg,easyocr+cnn,ขคย,0.9649,True,per-letter,easyocr=ขคย|cnn=ขคย,242,0.998,กาญจนบุรี,1.0,0.889,motorcycle,3,3,False,,557,1,235,435.9
plate_00102.jpg,cnn+paddle,ขคย,0.8017,True,per-letter,cnn=ขคย|paddle=2คย,242,0.998,กาญจนบุรี,1.0,0.889,motorcycle,3,3,False,,557,1,235,215.7
plate_00102.jpg,easyocr+cnn+paddle,ขคย,0.8465,True,per-letter,easyocr=ขคย|cnn=ขคย|paddle=2คย,242,0.998,กาญจนบุรี,1.0,0.889,motorcycle,3,3,False,,557,1,235,649.0
plate_00102.jpg,easyocr+cnn+tesseract+paddle,ขคย,0.8551,True,per-letter,easyocr=ขคย|cnn=ขคย|tesseract=ขวย|paddle=2คย,242,0.998,กาญจนบุรี,1.0,0.889,motorcycle,3,3,False,,557,1,235,943.6
plate_00559.jpg,group,ด,0.1814,True,whole crop,,6000,0.714,กรุงเทพมหานคร,1.0,0.75,car,1,4,True,,233,1,260,109.3
plate_00559.jpg,easyocr,ก,0.9478,True,per-letter,,6000,0.714,กรุงเทพมหานคร,1.0,0.75,car,1,4,True,,233,1,260,221.9
plate_00559.jpg,cnn,ถ,0.4623,True,per-letter,,6000,0.714,กรุงเทพมหานคร,1.0,0.75,car,1,4,True,,233,1,260,1.3
plate_00559.jpg,tesseract,ฏ,0.8815,True,per-letter,,6000,0.714,กรุงเทพมหานคร,1.0,0.75,car,1,4,True,,233,1,260,105.4
plate_00559.jpg,paddle,ด,0.96,True,per-letter,,6000,0.714,กรุงเทพมหานคร,1.0,0.75,car,1,4,True,,233,1,260,83.6
plate_00559.jpg,easyocr+cnn,ก,0.6812,True,per-letter,easyocr=ก|cnn=ถ,6000,0.714,กรุงเทพมหานคร,1.0,0.75,car,1,4,True,,233,1,260,223.2
plate_00559.jpg,cnn+paddle,ด,0.5287,True,per-letter,cnn=ถ|paddle=ด,6000,0.714,กรุงเทพมหานคร,1.0,0.75,car,1,4,True,,233,1,260,84.8
plate_00559.jpg,easyocr+cnn+paddle,ก,0.4437,True,per-letter,easyocr=ก|cnn=ถ|paddle=ด,6000,0.714,กรุงเทพมหานคร,1.0,0.75,car,1,4,True,,233,1,260,306.7
plate_00559.jpg,easyocr+cnn+tesseract+paddle,ก,0.443,True,per-letter,easyocr=ก|cnn=ถ|tesseract=ฏ|paddle=ด,6000,0.714,กรุงเทพมหานคร,1.0,0.75,car,1,4,True,,233,1,260,412.2
plate_00578.jpg,group,พ,0.9894,True,whole crop,,1052,0.115,น่าน,0.43,0.0,car,1,4,True,,167,1,266,77.1
plate_00578.jpg,easyocr,ท,0.5535,True,per-letter,,1052,0.115,น่าน,0.43,0.0,car,1,4,True,,167,1,266,227.7
plate_00578.jpg,cnn,ท,0.9391,True,per-letter,,1052,0.115,น่าน,0.43,0.0,car,1,4,True,,167,1,266,1.6
plate_00578.jpg,tesseract,จ,0.9875,True,per-letter,,1052,0.115,น่าน,0.43,0.0,car,1,4,True,,167,1,266,148.7
plate_00578.jpg,paddle,พ,0.6334,True,per-letter,,1052,0.115,น่าน,0.43,0.0,car,1,4,True,,167,1,266,101.0
plate_00578.jpg,easyocr+cnn,ท,0.8983,True,per-letter,easyocr=ต|cnn=ท,1052,0.115,น่าน,0.43,0.0,car,1,4,True,,167,1,266,229.2
plate_00578.jpg,cnn+paddle,ท,0.6023,True,per-letter,cnn=ท|paddle=พ,1052,0.115,น่าน,0.43,0.0,car,1,4,True,,167,1,266,102.6
plate_00578.jpg,easyocr+cnn+paddle,ท,0.6207,True,per-letter,easyocr=ต|cnn=ท|paddle=พ,1052,0.115,น่าน,0.43,0.0,car,1,4,True,,167,1,266,330.3
plate_00578.jpg,easyocr+cnn+tesseract+paddle,ท,0.6335,True,per-letter,easyocr=ต|cnn=ท|tesseract=จ|paddle=พ,1052,0.115,น่าน,0.43,0.0,car,1,4,True,,167,1,266,479.0
plate_00596.jpg,group,ร,0.9392,True,whole crop,,9798,0.962,กรุงเทพมหานคร,1.0,0.8,car,1,4,False,,243,1,272,84.6
plate_00596.jpg,easyocr,ร,0.9969,True,per-letter,,9798,0.962,กรุงเทพมหานคร,1.0,0.8,car,1,4,False,,243,1,272,146.1
plate_00596.jpg,cnn,ร,0.9947,True,per-letter,,9798,0.962,กรุงเทพมหานคร,1.0,0.8,car,1,4,False,,243,1,272,2.1
plate_00596.jpg,tesseract,ว,0.9845,True,per-letter,,9798,0.962,กรุงเทพมหานคร,1.0,0.8,car,1,4,False,,243,1,272,151.4
plate_00596.jpg,paddle,ร,0.9844,True,per-letter,,9798,0.962,กรุงเทพมหานคร,1.0,0.8,car,1,4,False,,243,1,272,80.0
plate_00596.jpg,easyocr+cnn,ร,0.9959,True,per-letter,easyocr=ร|cnn=ร,9798,0.962,กรุงเทพมหานคร,1.0,0.8,car,1,4,False,,243,1,272,148.2
plate_00596.jpg,cnn+paddle,ร,0.9928,True,per-letter,cnn=ร|paddle=ร,9798,0.962,กรุงเทพมหานคร,1.0,0.8,car,1,4,False,,243,1,272,82.0
plate_00596.jpg,easyocr+cnn+paddle,ร,0.9941,True,per-letter,easyocr=ร|cnn=ร|paddle=ร,9798,0.962,กรุงเทพมหานคร,1.0,0.8,car,1,4,False,,243,1,272,228.1
plate_00596.jpg,easyocr+cnn+tesseract+paddle,ร,0.9538,True,per-letter,easyocr=ร|cnn=ร|tesseract=ว|paddle=ร,9798,0.962,กรุงเทพมหานคร,1.0,0.8,car,1,4,False,,243,1,272,379.5
plate_00603.jpg,group,ซ,0.0268,True,whole crop,,9999,0.754,กรุงเทพมหานคร,1.0,0.96,car,1,4,True,,466,1,269,77.6
plate_00603.jpg,easyocr,น,0.4018,True,per-letter,,9999,0.754,กรุงเทพมหานคร,1.0,0.96,car,1,4,True,,466,1,269,88.4
plate_00603.jpg,cnn,ม,0.9838,True,per-letter,,9999,0.754,กรุงเทพมหานคร,1.0,0.96,car,1,4,True,,466,1,269,1.1
plate_00603.jpg,tesseract,ม,0.9954,True,per-letter,,9999,0.754,กรุงเทพมหานคร,1.0,0.96,car,1,4,True,,466,1,269,127.2
plate_00603.jpg,paddle,ม,0.623,True,per-letter,,9999,0.754,กรุงเทพมหานคร,1.0,0.96,car,1,4,True,,466,1,269,79.8
plate_00603.jpg,easyocr+cnn,ม,0.916,True,per-letter,easyocr=ต|cnn=ม,9999,0.754,กรุงเทพมหานคร,1.0,0.96,car,1,4,True,,466,1,269,89.6
plate_00603.jpg,cnn+paddle,ม,0.8725,True,per-letter,cnn=ม|paddle=ม,9999,0.754,กรุงเทพมหานคร,1.0,0.96,car,1,4,True,,466,1,269,81.0
plate_00603.jpg,easyocr+cnn+paddle,ม,0.8361,True,per-letter,easyocr=ต|cnn=ม|paddle=ม,9999,0.754,กรุงเทพมหานคร,1.0,0.96,car,1,4,True,,466,1,269,169.4
plate_00603.jpg,easyocr+cnn+tesseract+paddle,ม,0.8564,True,per-letter,easyocr=ต|cnn=ม|tesseract=ม|paddle=ม,9999,0.754,กรุงเทพมหานคร,1.0,0.96,car,1,4,True,,466,1,269,296.7
plate_00606.jpg,group,พ,0.871,True,whole crop,,5723,0.189,เลย,0.814,0.0,car,1,3,True,,339,1,234,79.1
plate_00606.jpg,easyocr,ต,0.652,True,per-letter,,5723,0.189,เลย,0.814,0.0,car,1,3,True,,339,1,234,108.6
plate_00606.jpg,cnn,ช,0.4863,True,per-letter,,5723,0.189,เลย,0.814,0.0,car,1,3,True,,339,1,234,2.2
plate_00606.jpg,tesseract,น,0.9545,True,per-letter,,5723,0.189,เลย,0.814,0.0,car,1,3,True,,339,1,234,95.7
plate_00606.jpg,paddle,ซ,0.5448,True,per-letter,,5723,0.189,เลย,0.814,0.0,car,1,3,True,,339,1,234,78.5
plate_00606.jpg,easyocr+cnn,ช,0.386,True,per-letter,easyocr=ต|cnn=ช,5723,0.189,เลย,0.814,0.0,car,1,3,True,,339,1,234,110.8
plate_00606.jpg,cnn+paddle,ซ,0.5886,True,per-letter,cnn=ช|paddle=ซ,5723,0.189,เลย,0.814,0.0,car,1,3,True,,339,1,234,80.7
plate_00606.jpg,easyocr+cnn+paddle,ซ,0.5542,True,per-letter,easyocr=ต|cnn=ช|paddle=ซ,5723,0.189,เลย,0.814,0.0,car,1,3,True,,339,1,234,189.3
plate_00606.jpg,easyocr+cnn+tesseract+paddle,ซ,0.5527,True,per-letter,easyocr=ต|cnn=ช|tesseract=น|paddle=ซ,5723,0.189,เลย,0.814,0.0,car,1,3,True,,339,1,234,285.0
plate_00702.jpg,group,ซ,0.4893,True,whole crop,,192,0.034,เลย,0.825,0.0,motorcycle,1,3,True,,133,1,231,76.6
plate_00702.jpg,easyocr,ป,0.4961,True,per-letter,,192,0.034,เลย,0.825,0.0,motorcycle,1,3,True,,133,1,231,119.6
plate_00702.jpg,cnn,บ,0.5769,True,per-letter,,192,0.034,เลย,0.825,0.0,motorcycle,1,3,True,,133,1,231,1.6
plate_00702.jpg,tesseract,?,0.0,False,per-letter,,192,0.034,เลย,0.825,0.0,motorcycle,1,3,True,,133,1,231,86.0
plate_00702.jpg,paddle,ป,0.7458,True,per-letter,,192,0.034,เลย,0.825,0.0,motorcycle,1,3,True,,133,1,231,70.4
plate_00702.jpg,easyocr+cnn,บ,0.5778,True,per-letter,easyocr=ย|cnn=บ,192,0.034,เลย,0.825,0.0,motorcycle,1,3,True,,133,1,231,121.2
plate_00702.jpg,cnn+paddle,ป,0.39,True,per-letter,cnn=บ|paddle=ป,192,0.034,เลย,0.825,0.0,motorcycle,1,3,True,,133,1,231,72.0
plate_00702.jpg,easyocr+cnn+paddle,ป,0.4205,True,per-letter,easyocr=ย|cnn=บ|paddle=ป,192,0.034,เลย,0.825,0.0,motorcycle,1,3,True,,133,1,231,191.6
plate_00702.jpg,easyocr+cnn+tesseract+paddle,ป,0.4206,True,per-letter,easyocr=ย|cnn=บ|tesseract=ก|paddle=ป,192,0.034,เลย,0.825,0.0,motorcycle,1,3,True,,133,1,231,277.6
plate_00781.jpg,group,ทพ,0.3294,True,whole crop,,3060,0.997,นครสวรรค์,0.335,0.235,car,2,4,True,,440,1,267,77.9
plate_00781.jpg,easyocr,ทท,0.9963,True,per-letter,,3060,0.997,นครสวรรค์,0.335,0.235,car,2,4,True,,440,1,267,513.1
plate_00781.jpg,cnn,ทห,0.5023,True,per-letter,,3060,0.997,นครสวรรค์,0.335,0.235,car,2,4,True,,440,1,267,3.1
plate_00781.jpg,tesseract,ทห,0.9823,True,per-letter,,3060,0.997,นครสวรรค์,0.335,0.235,car,2,4,True,,440,1,267,200.5
plate_00781.jpg,paddle,ทท,0.3234,True,per-letter,,3060,0.997,นครสวรรค์,0.335,0.235,car,2,4,True,,440,1,267,152.1
plate_00781.jpg,easyocr+cnn,ทท,0.649,True,per-letter,easyocr=ทท|cnn=ทห,3060,0.997,นครสวรรค์,0.335,0.235,car,2,4,True,,440,1,267,516.2
plate_00781.jpg,cnn+paddle,ทท,0.3856,True,per-letter,cnn=ทห|paddle=ทท,3060,0.997,นครสวรรค์,0.335,0.235,car,2,4,True,,440,1,267,155.2
plate_00781.jpg,easyocr+cnn+paddle,ทท,0.5873,True,per-letter,easyocr=ทท|cnn=ทห|paddle=ทท,3060,0.997,นครสวรรค์,0.335,0.235,car,2,4,True,,440,1,267,668.3
plate_00781.jpg,easyocr+cnn+tesseract+paddle,ทท,0.5384,True,per-letter,easyocr=ทท|cnn=ทห|tesseract=ทห|paddle=ทท,3060,0.997,นครสวรรค์,0.335,0.235,car,2,4,True,,440,1,267,868.8
plate_00912.jpg,group,ท,0.1296,True,whole crop,,4444,0.709,กรุงเทพมหานคร,1.0,0.727,car,1,4,True,,270,1,268,80.1
plate_00912.jpg,easyocr,ก,0.9834,True,per-letter,,4444,0.709,กรุงเทพมหานคร,1.0,0.727,car,1,4,True,,270,1,268,95.8
plate_00912.jpg,cnn,ก,0.9614,True,per-letter,,4444,0.709,กรุงเทพมหานคร,1.0,0.727,car,1,4,True,,270,1,268,1.5
plate_00912.jpg,tesseract,พ,0.9594,True,per-letter,,4444,0.709,กรุงเทพมหานคร,1.0,0.727,car,1,4,True,,270,1,268,142.1
plate_00912.jpg,paddle,ท,0.8492,True,per-letter,,4444,0.709,กรุงเทพมหานคร,1.0,0.727,car,1,4,True,,270,1,268,73.1
plate_00912.jpg,easyocr+cnn,ก,0.9704,True,per-letter,easyocr=ก|cnn=ก,4444,0.709,กรุงเทพมหานคร,1.0,0.727,car,1,4,True,,270,1,268,97.2
plate_00912.jpg,cnn+paddle,ก,0.6737,True,per-letter,cnn=ก|paddle=ท,4444,0.709,กรุงเทพมหานคร,1.0,0.727,car,1,4,True,,270,1,268,74.5
plate_00912.jpg,easyocr+cnn+paddle,ก,0.7549,True,per-letter,easyocr=ก|cnn=ก|paddle=ท,4444,0.709,กรุงเทพมหานคร,1.0,0.727,car,1,4,True,,270,1,268,170.3
plate_00912.jpg,easyocr+cnn+tesseract+paddle,ก,0.7048,True,per-letter,easyocr=ก|cnn=ก|tesseract=พ|paddle=ท,4444,0.709,กรุงเทพมหานคร,1.0,0.727,car,1,4,True,,270,1,268,312.4
plate_00931.jpg,group,ทพ,0.1955,True,whole crop,,4648,1.0,กรุงเทพมหานคร,1.0,0.72,car,2,4,True,,313,1,274,76.1
plate_00931.jpg,easyocr,ทส,0.3573,True,per-letter,,4648,1.0,กรุงเทพมหานคร,1.0,0.72,car,2,4,True,,313,1,274,373.5
plate_00931.jpg,cnn,ทฬ,0.9869,True,per-letter,,4648,1.0,กรุงเทพมหานคร,1.0,0.72,car,2,4,False,,313,1,274,2.8
plate_00931.jpg,tesseract,หฬ,0.9673,True,per-letter,,4648,1.0,กรุงเทพมหานคร,1.0,0.72,car,2,4,False,,313,1,274,172.0
plate_00931.jpg,paddle,ทพ,0.3323,True,per-letter,,4648,1.0,กรุงเทพมหานคร,1.0,0.72,car,2,4,True,,313,1,274,151.4
plate_00931.jpg,easyocr+cnn,ทฬ,0.8542,True,per-letter,easyocr=ทส|cnn=ทฬ,4648,1.0,กรุงเทพมหานคร,1.0,0.72,car,2,4,False,,313,1,274,376.2
plate_00931.jpg,cnn+paddle,ทฬ,0.4753,True,per-letter,cnn=ทฬ|paddle=พพ,4648,1.0,กรุงเทพมหานคร,1.0,0.72,car,2,4,True,,313,1,274,154.2
plate_00931.jpg,easyocr+cnn+paddle,ทฬ,0.4697,True,per-letter,easyocr=ทส|cnn=ทฬ|paddle=พพ,4648,1.0,กรุงเทพมหานคร,1.0,0.72,car,2,4,True,,313,1,274,527.7
plate_00931.jpg,easyocr+cnn+tesseract+paddle,ทฬ,0.4899,True,per-letter,easyocr=ทส|cnn=ทฬ|tesseract=หฬ|paddle=พพ,4648,1.0,กรุงเทพมหานคร,1.0,0.72,car,2,4,True,,313,1,274,699.6
plate_01178.jpg,group,หล,0.2769,True,whole crop,,3168,0.999,กรุงเทพมหานคร,1.0,0.727,car,2,4,True,,212,1,274,82.7
plate_01178.jpg,easyocr,กล,0.4519,True,per-letter,,3168,0.999,กรุงเทพมหานคร,1.0,0.727,car,2,4,True,,212,1,274,308.1
plate_01178.jpg,cnn,ทส,0.9601,True,per-letter,,3168,0.999,กรุงเทพมหานคร,1.0,0.727,car,2,4,False,,212,1,274,3.6
plate_01178.jpg,tesseract,หล,0.9488,True,per-letter,,3168,0.999,กรุงเทพมหานคร,1.0,0.727,car,2,4,False,,212,1,274,188.8
plate_01178.jpg,paddle,พส,0.3876,True,per-letter,,3168,0.999,กรุงเทพมหานคร,1.0,0.727,car,2,4,True,,212,1,274,152.3
plate_01178.jpg,easyocr+cnn,ทส,0.6233,True,per-letter,easyocr=กล|cnn=ทส,3168,0.999,กรุงเทพมหานคร,1.0,0.727,car,2,4,True,,212,1,274,311.6
plate_01178.jpg,cnn+paddle,ทส,0.5293,True,per-letter,cnn=ทส|paddle=พซ,3168,0.999,กรุงเทพมหานคร,1.0,0.727,car,2,4,True,,212,1,274,155.8
plate_01178.jpg,easyocr+cnn+paddle,ทส,0.4035,True,per-letter,easyocr=กล|cnn=ทส|paddle=พซ,3168,0.999,กรุงเทพมหานคร,1.0,0.727,car,2,4,True,,212,1,274,463.9
plate_01178.jpg,easyocr+cnn+tesseract+paddle,ทส,0.3473,True,per-letter,easyocr=กล|cnn=ทส|tesseract=หล|paddle=พซ,3168,0.999,กรุงเทพมหานคร,1.0,0.727,car,2,4,True,,212,1,274,652.7
plate_01185.jpg,group,1มค,0.3178,True,whole crop,,3232,1.0,กรุงเทพมหานคร,1.0,0.571,car,3,4,True,,220,1,292,78.4
plate_01185.jpg,easyocr,1มค,0.4672,True,per-letter,,3232,1.0,กรุงเทพมหานคร,1.0,0.571,car,3,4,True,,220,1,292,477.0
plate_01185.jpg,cnn,1มศ,0.63,True,per-letter,,3232,1.0,กรุงเทพมหานคร,1.0,0.571,car,3,4,True,,220,1,292,3.4
plate_01185.jpg,tesseract,1มค,0.9877,True,per-letter,,3232,1.0,กรุงเทพมหานคร,1.0,0.571,car,3,4,True,,220,1,292,238.8
plate_01185.jpg,paddle,1มค,0.5237,True,per-letter,,3232,1.0,กรุงเทพมหานคร,1.0,0.571,car,3,4,True,,220,1,292,227.2
plate_01185.jpg,easyocr+cnn,1มศ,0.5695,True,per-letter,easyocr=1มศ|cnn=1มศ,3232,1.0,กรุงเทพมหานคร,1.0,0.571,car,3,4,True,,220,1,292,480.4
plate_01185.jpg,cnn+paddle,1มศ,0.5721,True,per-letter,cnn=1มศ|paddle=1มศ,3232,1.0,กรุงเทพมหานคร,1.0,0.571,car,3,4,True,,220,1,292,230.5
plate_01185.jpg,easyocr+cnn+paddle,1มศ,0.5437,True,per-letter,easyocr=1มศ|cnn=1มศ|paddle=1มศ,3232,1.0,กรุงเทพมหานคร,1.0,0.571,car,3,4,True,,220,1,292,707.6
plate_01185.jpg,easyocr+cnn+tesseract+paddle,1มค,0.4973,True,per-letter,easyocr=1มศ|cnn=1มศ|tesseract=1มค|paddle=1มศ,3232,1.0,กรุงเทพมหานคร,1.0,0.571,car,3,4,True,,220,1,292,946.4
plate_01194.jpg,group,พร,0.8375,True,whole crop,,317,0.999,กรุงเทพมหานคร,0.978,0.19,car,2,3,True,,298,1,238,79.2
plate_01194.jpg,easyocr,ตร,0.5159,True,per-letter,,317,0.999,กรุงเทพมหานคร,0.978,0.19,car,2,3,True,,298,1,238,273.0
plate_01194.jpg,cnn,พร,0.9956,True,per-letter,,317,0.999,กรุงเทพมหานคร,0.978,0.19,car,2,3,True,,298,1,238,2.3
plate_01194.jpg,tesseract,พร,0.9874,True,per-letter,,317,0.999,กรุงเทพมหานคร,0.978,0.19,car,2,3,True,,298,1,238,201.8
plate_01194.jpg,paddle,พร,0.9916,True,per-letter,,317,0.999,กรุงเทพมหานคร,0.978,0.19,car,2,3,True,,298,1,238,152.8
plate_01194.jpg,easyocr+cnn,พร,0.9488,True,per-letter,easyocr=ตร|cnn=พร,317,0.999,กรุงเทพมหานคร,0.978,0.19,car,2,3,True,,298,1,238,275.3
plate_01194.jpg,cnn+paddle,พร,0.9949,True,per-letter,cnn=พร|paddle=พร,317,0.999,กรุงเทพมหานคร,0.978,0.19,car,2,3,True,,298,1,238,155.1
plate_01194.jpg,easyocr+cnn+paddle,พร,0.9636,True,per-letter,easyocr=ตร|cnn=พร|paddle=พร,317,0.999,กรุงเทพมหานคร,0.978,0.19,car,2,3,True,,298,1,238,428.2
plate_01194.jpg,easyocr+cnn+tesseract+paddle,พร,0.9659,True,per-letter,easyocr=ตร|cnn=พร|tesseract=พร|paddle=พร,317,0.999,กรุงเทพมหานคร,0.978,0.19,car,2,3,True,,298,1,238,630.0
plate_01196.jpg,group,ฐจ,0.37,True,whole crop,,6,0.998,กรุงเทพมหานคร,1.0,0.87,car,2,1,True,,310,1,244,79.3
plate_01196.jpg,easyocr,ฐจ,0.9657,True,per-letter,,6,0.998,กรุงเทพมหานคร,1.0,0.87,car,2,1,False,,310,1,244,283.3
plate_01196.jpg,cnn,ฐจ,0.9969,True,per-letter,,6,0.998,กรุงเทพมหานคร,1.0,0.87,car,2,1,False,,310,1,244,3.2
plate_01196.jpg,tesseract,รจ,0.8698,True,per-letter,,6,0.998,กรุงเทพมหานคร,1.0,0.87,car,2,1,False,,310,1,244,225.9
plate_01196.jpg,paddle,ฐจ,0.4326,True,per-letter,,6,0.998,กรุงเทพมหานคร,1.0,0.87,car,2,1,True,,310,1,244,154.0
plate_01196.jpg,easyocr+cnn,ฐจ,0.9867,True,per-letter,easyocr=ฐจ|cnn=ฐจ,6,0.998,กรุงเทพมหานคร,1.0,0.87,car,2,1,False,,310,1,244,286.5
plate_01196.jpg,cnn+paddle,ฐจ,0.8713,True,per-letter,cnn=ฐจ|paddle=ฐจ,6,0.998,กรุงเทพมหานคร,1.0,0.87,car,2,1,False,,310,1,244,157.2
plate_01196.jpg,easyocr+cnn+paddle,ฐจ,0.899,True,per-letter,easyocr=ฐจ|cnn=ฐจ|paddle=ฐจ,6,0.998,กรุงเทพมหานคร,1.0,0.87,car,2,1,False,,310,1,244,440.5
plate_01196.jpg,easyocr+cnn+tesseract+paddle,ฐจ,0.887,True,per-letter,easyocr=ฐจ|cnn=ฐจ|tesseract=รจ|paddle=ฐจ,6,0.998,กรุงเทพมหานคร,1.0,0.87,car,2,1,False,,310,1,244,666.4
plate_01282.jpg,group,ฐร,0.1552,True,whole crop,,7442,0.949,กรุงเทพมหานคร,1.0,0.923,car,2,4,True,,171,1,275,80.2
plate_01282.jpg,easyocr,ฐร,0.9985,True,per-letter,,7442,0.949,กรุงเทพมหานคร,1.0,0.923,car,2,4,False,,171,1,275,331.4
plate_01282.jpg,cnn,ฐร,0.9861,True,per-letter,,7442,0.949,กรุงเทพมหานคร,1.0,0.923,car,2,4,False,,171,1,275,3.4
plate_01282.jpg,tesseract,รร,0.9698,True,per-letter,,7442,0.949,กรุงเทพมหานคร,1.0,0.923,car,2,4,False,,171,1,275,156.6
plate_01282.jpg,paddle,จร,0.4907,True,per-letter,,7442,0.949,กรุงเทพมหานคร,1.0,0.923,car,2,4,True,,171,1,275,152.0
plate_01282.jpg,easyocr+cnn,ฐร,0.9903,True,per-letter,easyocr=ฐร|cnn=ฐร,7442,0.949,กรุงเทพมหานคร,1.0,0.923,car,2,4,False,,171,1,275,334.8
plate_01282.jpg,cnn+paddle,ฐร,0.7788,True,per-letter,cnn=ฐร|paddle=ซร,7442,0.949,กรุงเทพมหานคร,1.0,0.923,car,2,4,False,,171,1,275,155.5
plate_01282.jpg,easyocr+cnn+paddle,ฐร,0.8412,True,per-letter,easyocr=ฐร|cnn=ฐร|paddle=ซร,7442,0.949,กรุงเทพมหานคร,1.0,0.923,car,2,4,False,,171,1,275,486.9
plate_01282.jpg,easyocr+cnn+tesseract+paddle,ฐร,0.8396,True,per-letter,easyocr=ฐร|cnn=ฐร|tesseract=รร|paddle=ซร,7442,0.949,กรุงเทพมหานคร,1.0,0.923,car,2,4,False,,171,1,275,643.5
plate_01286.jpg,group,น,0.1748,True,whole crop,,1,0.158,เลย,0.904,0.0,motorcycle,1,4,True,,405,5,261,79.4
plate_01286.jpg,easyocr,ม,0.6064,True,per-letter,,1,0.158,เลย,0.904,0.0,motorcycle,1,4,True,,405,5,261,98.8
plate_01286.jpg,cnn,บ,0.9392,True,per-letter,,1,0.158,เลย,0.904,0.0,motorcycle,1,4,True,,405,5,261,1.4
plate_01286.jpg,tesseract,?,0.0,False,per-letter,,1,0.158,เลย,0.904,0.0,motorcycle,1,4,True,,405,5,261,153.1
plate_01286.jpg,paddle,ม,0.4564,True,per-letter,,1,0.158,เลย,0.904,0.0,motorcycle,1,4,True,,405,5,261,78.6
plate_01286.jpg,easyocr+cnn,บ,0.7447,True,per-letter,easyocr=ม|cnn=บ,1,0.158,เลย,0.904,0.0,motorcycle,1,4,True,,405,5,261,100.2
plate_01286.jpg,cnn+paddle,บ,0.789,True,per-letter,cnn=บ|paddle=ม,1,0.158,เลย,0.904,0.0,motorcycle,1,4,True,,405,5,261,80.0
plate_01286.jpg,easyocr+cnn+paddle,บ,0.6765,True,per-letter,easyocr=ม|cnn=บ|paddle=ม,1,0.158,เลย,0.904,0.0,motorcycle,1,4,True,,405,5,261,178.8
plate_01286.jpg,easyocr+cnn+tesseract+paddle,บ,0.6743,True,per-letter,easyocr=ม|cnn=บ|tesseract=ก|paddle=ม,1,0.158,เลย,0.904,0.0,motorcycle,1,4,True,,405,5,261,331.9
plate_01378.jpg,group,จจ,0.994,True,whole crop,,170,1.0,กรุงเทพมหานคร,1.0,0.96,car,2,3,False,,374,4,233,80.2
plate_01378.jpg,easyocr,จจ,0.9913,True,per-letter,,170,1.0,กรุงเทพมหานคร,1.0,0.96,car,2,3,False,,374,4,233,252.6
plate_01378.jpg,cnn,จจ,0.9914,True,per-letter,,170,1.0,กรุงเทพมหานคร,1.0,0.96,car,2,3,False,,374,4,233,1.6
plate_01378.jpg,tesseract,จจ,0.999,True,per-letter,,170,1.0,กรุงเทพมหานคร,1.0,0.96,car,2,3,False,,374,4,233,246.0
plate_01378.jpg,paddle,จจ,0.998,True,per-letter,,170,1.0,กรุงเทพมหานคร,1.0,0.96,car,2,3,False,,374,4,233,148.2
plate_01378.jpg,easyocr+cnn,จจ,0.9911,True,per-letter,easyocr=จจ|cnn=จจ,170,1.0,กรุงเทพมหานคร,1.0,0.96,car,2,3,False,,374,4,233,254.2
plate_01378.jpg,cnn+paddle,จจ,0.9944,True,per-letter,cnn=จจ|paddle=จจ,170,1.0,กรุงเทพมหานคร,1.0,0.96,car,2,3,False,,374,4,233,149.8
plate_01378.jpg,easyocr+cnn+paddle,จจ,0.9934,True,per-letter,easyocr=จจ|cnn=จจ|paddle=จจ,170,1.0,กรุงเทพมหานคร,1.0,0.96,car,2,3,False,,374,4,233,402.3
plate_01378.jpg,easyocr+cnn+tesseract+paddle,จจ,0.9939,True,per-letter,easyocr=จจ|cnn=จจ|tesseract=จจ|paddle=จจ,170,1.0,กรุงเทพมหานคร,1.0,0.96,car,2,3,False,,374,4,233,648.3
plate_01394.jpg,group,จจ,0.9952,True,whole crop,,170,1.0,กรุงเทพมหานคร,1.0,0.923,car,2,3,False,,257,1,239,79.7
plate_01394.jpg,easyocr,จจ,0.9999,True,per-letter,,170,1.0,กรุงเทพมหานคร,1.0,0.923,car,2,3,False,,257,1,239,275.5
plate_01394.jpg,cnn,จจ,0.9984,True,per-letter,,170,1.0,กรุงเทพมหานคร,1.0,0.923,car,2,3,False,,257,1,239,1.9
plate_01394.jpg,tesseract,จจ,0.9991,True,per-letter,,170,1.0,กรุงเทพมหานคร,1.0,0.923,car,2,3,False,,257,1,239,177.0
plate_01394.jpg,paddle,จจ,0.9986,True,per-letter,,170,1.0,กรุงเทพมหานคร,1.0,0.923,car,2,3,False,,257,1,239,153.6
plate_01394.jpg,easyocr+cnn,จจ,0.9989,True,per-letter,easyocr=จจ|cnn=จจ,170,1.0,กรุงเทพมหานคร,1.0,0.923,car,2,3,False,,257,1,239,277.5
plate_01394.jpg,cnn+paddle,จจ,0.9989,True,per-letter,cnn=จจ|paddle=จจ,170,1.0,กรุงเทพมหานคร,1.0,0.923,car,2,3,False,,257,1,239,155.6
plate_01394.jpg,easyocr+cnn+paddle,จจ,0.9992,True,per-letter,easyocr=จจ|cnn=จจ|paddle=จจ,170,1.0,กรุงเทพมหานคร,1.0,0.923,car,2,3,False,,257,1,239,431.1
plate_01394.jpg,easyocr+cnn+tesseract+paddle,จจ,0.9992,True,per-letter,easyocr=จจ|cnn=จจ|tesseract=จจ|paddle=จจ,170,1.0,กรุงเทพมหานคร,1.0,0.923,car,2,3,False,,257,1,239,608.0
plate_01567.jpg,group,ซ,0.1773,True,whole crop,,4142,0.203,น่าน,0.423,0.0,car,1,4,True,,476,7,265,110.2
plate_01567.jpg,easyocr,ซ,0.5258,True,per-letter,,4142,0.203,น่าน,0.423,0.0,car,1,4,True,,476,7,265,118.6
plate_01567.jpg,cnn,ฬ,0.4582,True,per-letter,,4142,0.203,น่าน,0.423,0.0,car,1,4,True,,476,7,265,1.6
plate_01567.jpg,tesseract,?,0.0,False,per-letter,,4142,0.203,น่าน,0.423,0.0,car,1,4,True,,476,7,265,154.6
plate_01567.jpg,paddle,ซ,0.6769,True,per-letter,,4142,0.203,น่าน,0.423,0.0,car,1,4,True,,476,7,265,79.0
plate_01567.jpg,easyocr+cnn,ฮ,0.4678,True,per-letter,easyocr=ฮ|cnn=ฬ,4142,0.203,น่าน,0.423,0.0,car,1,4,True,,476,7,265,120.2
plate_01567.jpg,cnn+paddle,ซ,0.5626,True,per-letter,cnn=ฬ|paddle=ซ,4142,0.203,น่าน,0.423,0.0,car,1,4,True,,476,7,265,80.5
plate_01567.jpg,easyocr+cnn+paddle,ซ,0.5985,True,per-letter,easyocr=ฮ|cnn=ฬ|paddle=ซ,4142,0.203,น่าน,0.423,0.0,car,1,4,True,,476,7,265,199.1
plate_01567.jpg,easyocr+cnn+tesseract+paddle,ซ,0.5974,True,per-letter,easyocr=ฮ|cnn=ฬ|tesseract=ก|paddle=ซ,4142,0.203,น่าน,0.423,0.0,car,1,4,True,,476,7,265,353.7
plate_01570.jpg,group,1กว,0.3768,True,whole crop,,2876,0.745,กรุงเทพมหานคร,1.0,0.88,car,3,4,True,,274,2,316,77.1
plate_01570.jpg,easyocr,1กว,0.9187,True,per-letter,,2876,0.745,กรุงเทพมหานคร,1.0,0.88,car,3,4,True,,274,2,316,380.7
plate_01570.jpg,cnn,1กว,0.9931,True,per-letter,,2876,0.745,กรุงเทพมหานคร,1.0,0.88,car,3,4,True,,274,2,316,2.7
plate_01570.jpg,tesseract,1กว,0.9873,True,per-letter,,2876,0.745,กรุงเทพมหานคร,1.0,0.88,car,3,4,True,,274,2,316,354.9
plate_01570.jpg,paddle,1กว,0.9838,True,per-letter,,2876,0.745,กรุงเทพมหานคร,1.0,0.88,car,3,4,True,,274,2,316,288.6
plate_01570.jpg,easyocr+cnn,1กว,0.9751,True,per-letter,easyocr=1กว|cnn=1กว,2876,0.745,กรุงเทพมหานคร,1.0,0.88,car,3,4,True,,274,2,316,383.4
plate_01570.jpg,cnn+paddle,1กว,0.9904,True,per-letter,cnn=1กว|paddle=1กว,2876,0.745,กรุงเทพมหานคร,1.0,0.88,car,3,4,True,,274,2,316,291.3
plate_01570.jpg,easyocr+cnn+paddle,1กว,0.9775,True,per-letter,easyocr=1กว|cnn=1กว|paddle=1กว,2876,0.745,กรุงเทพมหานคร,1.0,0.88,car,3,4,True,,274,2,316,672.0
plate_01570.jpg,easyocr+cnn+tesseract+paddle,1กว,0.9783,True,per-letter,easyocr=1กว|cnn=1กว|tesseract=1กว|paddle=1กว,2876,0.745,กรุงเทพมหานคร,1.0,0.88,car,3,4,True,,274,2,316,1026.9
plate_01603.jpg,group,ซ,0.0533,True,whole crop,,,0.0,ระนอง,0.314,0.0,car,1,3,True,,183,1,244,77.2
plate_01603.jpg,easyocr,บ,0.3566,True,per-letter,,,0.0,ระนอง,0.314,0.0,car,1,3,True,,183,1,244,122.1
plate_01603.jpg,cnn,ก,0.6241,True,per-letter,,,0.0,ระนอง,0.314,0.0,car,1,3,True,,183,1,244,3.6
plate_01603.jpg,tesseract,?,0.0,False,per-letter,,,0.0,ระนอง,0.314,0.0,car,1,3,True,,183,1,244,164.3
plate_01603.jpg,paddle,อ,0.5792,True,per-letter,,,0.0,ระนอง,0.314,0.0,car,1,3,True,,183,1,244,108.8
plate_01603.jpg,easyocr+cnn,ก,0.5247,True,per-letter,easyocr=บ|cnn=ก,,0.0,ระนอง,0.314,0.0,car,1,3,True,,183,1,244,125.7
plate_01603.jpg,cnn+paddle,อ,0.437,True,per-letter,cnn=ก|paddle=อ,,0.0,ระนอง,0.314,0.0,car,1,3,True,,183,1,244,112.4
plate_01603.jpg,easyocr+cnn+paddle,อ,0.4021,True,per-letter,easyocr=บ|cnn=ก|paddle=อ,,0.0,ระนอง,0.314,0.0,car,1,3,True,,183,1,244,234.5
plate_01603.jpg,easyocr+cnn+tesseract+paddle,อ,0.4025,True,per-letter,easyocr=บ|cnn=ก|tesseract=ก|paddle=อ,,0.0,ระนอง,0.314,0.0,car,1,3,True,,183,1,244,398.8
plate_01619.jpg,group,มพ,0.3351,True,whole crop,,,0.0,เลย,0.593,0.0,car,2,4,True,,352,1,263,77.5
plate_01619.jpg,easyocr,มห,0.3602,True,per-letter,,,0.0,เลย,0.593,0.0,car,2,4,True,,352,1,263,300.7
plate_01619.jpg,cnn,มห,0.9658,True,per-letter,,,0.0,เลย,0.593,0.0,car,2,4,True,,352,1,263,1.9
plate_01619.jpg,tesseract,มห,0.997,True,per-letter,,,0.0,เลย,0.593,0.0,car,2,4,True,,352,1,263,252.0
plate_01619.jpg,paddle,มพ,0.9485,True,per-letter,,,0.0,เลย,0.593,0.0,car,2,4,True,,352,1,263,155.0
plate_01619.jpg,easyocr+cnn,มห,0.8123,True,per-letter,easyocr=มต|cnn=มห,,0.0,เลย,0.593,0.0,car,2,4,True,,352,1,263,302.6
plate_01619.jpg,cnn+paddle,มห,0.6109,True,per-letter,cnn=มห|paddle=มพ,,0.0,เลย,0.593,0.0,car,2,4,True,,352,1,263,156.9
plate_01619.jpg,easyocr+cnn+paddle,มห,0.6047,True,per-letter,easyocr=มต|cnn=มห|paddle=มพ,,0.0,เลย,0.593,0.0,car,2,4,True,,352,1,263,457.6
plate_01619.jpg,easyocr+cnn+tesseract+paddle,มห,0.6514,True,per-letter,easyocr=มต|cnn=มห|tesseract=มห|paddle=มพ,,0.0,เลย,0.593,0.0,car,2,4,True,,352,1,263,709.7
plate_01645.jpg,group,ม,0.4499,True,whole crop,,1036,0.876,กรุงเทพมหานคร,1.0,0.88,car,1,4,True,,198,8,277,76.5
plate_01645.jpg,easyocr,ม,0.9898,True,per-letter,,1036,0.876,กรุงเทพมหานคร,1.0,0.88,car,1,4,False,,198,8,277,118.1
plate_01645.jpg,cnn,ม,0.9738,True,per-letter,,1036,0.876,กรุงเทพมหานคร,1.0,0.88,car,1,4,False,,198,8,277,1.4
plate_01645.jpg,tesseract,?,0.0,False,per-letter,,1036,0.876,กรุงเทพมหานคร,1.0,0.88,car,1,4,True,,198,8,277,130.3
plate_01645.jpg,paddle,ม,0.5559,True,per-letter,,1036,0.876,กรุงเทพมหานคร,1.0,0.88,car,1,4,True,,198,8,277,73.6
plate_01645.jpg,easyocr+cnn,ม,0.98,True,per-letter,easyocr=ม|cnn=ม,1036,0.876,กรุงเทพมหานคร,1.0,0.88,car,1,4,False,,198,8,277,119.5
plate_01645.jpg,cnn+paddle,ม,0.8748,True,per-letter,cnn=ม|paddle=ม,1036,0.876,กรุงเทพมหานคร,1.0,0.88,car,1,4,False,,198,8,277,75.0
plate_01645.jpg,easyocr+cnn+paddle,ม,0.9082,True,per-letter,easyocr=ม|cnn=ม|paddle=ม,1036,0.876,กรุงเทพมหานคร,1.0,0.88,car,1,4,False,,198,8,277,193.1
plate_01645.jpg,easyocr+cnn+tesseract+paddle,ม,0.9037,True,per-letter,easyocr=ม|cnn=ม|tesseract=ก|paddle=ม,1036,0.876,กรุงเทพมหานคร,1.0,0.88,car,1,4,False,,198,8,277,323.4
plate_01704.jpg,group,พ,0.3719,True,whole crop,,3095,0.884,กรุงเทพมหานคร,1.0,0.56,car,1,4,True,,438,1,314,79.0
plate_01704.jpg,easyocr,ต,0.4764,True,per-letter,,3095,0.884,กรุงเทพมหานคร,1.0,0.56,car,1,4,True,,438,1,314,163.2
plate_01704.jpg,cnn,ห,0.7626,True,per-letter,,3095,0.884,กรุงเทพมหานคร,1.0,0.56,car,1,4,True,,438,1,314,1.5
plate_01704.jpg,tesseract,ท,0.7199,True,per-letter,,3095,0.884,กรุงเทพมหานคร,1.0,0.56,car,1,4,True,,438,1,314,79.4
plate_01704.jpg,paddle,พ,0.4259,True,per-letter,,3095,0.884,กรุงเทพมหานคร,1.0,0.56,car,1,4,True,,438,1,314,75.0
plate_01704.jpg,easyocr+cnn,ห,0.7047,True,per-letter,easyocr=ต|cnn=ห,3095,0.884,กรุงเทพมหานคร,1.0,0.56,car,1,4,True,,438,1,314,164.6
plate_01704.jpg,cnn+paddle,ห,0.6224,True,per-letter,cnn=ห|paddle=พ,3095,0.884,กรุงเทพมหานคร,1.0,0.56,car,1,4,True,,438,1,314,76.5
plate_01704.jpg,easyocr+cnn+paddle,ห,0.6073,True,per-letter,easyocr=ต|cnn=ห|paddle=พ,3095,0.884,กรุงเทพมหานคร,1.0,0.56,car,1,4,True,,438,1,314,239.7
plate_01704.jpg,easyocr+cnn+tesseract+paddle,ห,0.5913,True,per-letter,easyocr=ต|cnn=ห|tesseract=ท|paddle=พ,3095,0.884,กรุงเทพมหานคร,1.0,0.56,car,1,4,True,,438,1,314,319.0
plate_01721.jpg,group,ซ,0.0554,True,whole crop,,1550,0.129,น่าน,0.815,0.0,car,1,3,True,,200,1,260,79.1
plate_01721.jpg,easyocr,ต,0.5382,True,per-letter,,1550,0.129,น่าน,0.815,0.0,car,1,3,True,,200,1,260,229.2
plate_01721.jpg,cnn,จ,0.4819,True,per-letter,,1550,0.129,น่าน,0.815,0.0,car,1,3,True,,200,1,260,2.1
plate_01721.jpg,tesseract,?,0.0,False,per-letter,,1550,0.129,น่าน,0.815,0.0,car,1,3,True,,200,1,260,88.2
plate_01721.jpg,paddle,ซ,0.9032,True,per-letter,,1550,0.129,น่าน,0.815,0.0,car,1,3,True,,200,1,260,74.7
plate_01721.jpg,easyocr+cnn,จ,0.4314,True,per-letter,easyocr=ต|cnn=จ,1550,0.129,น่าน,0.815,0.0,car,1,3,True,,200,1,260,231.4
plate_01721.jpg,cnn+paddle,ซ,0.6856,True,per-letter,cnn=จ|paddle=ซ,1550,0.129,น่าน,0.815,0.0,car,1,3,True,,200,1,260,76.9
plate_01721.jpg,easyocr+cnn+paddle,ซ,0.6645,True,per-letter,easyocr=ต|cnn=จ|paddle=ซ,1550,0.129,น่าน,0.815,0.0,car,1,3,True,,200,1,260,306.1
plate_01721.jpg,easyocr+cnn+tesseract+paddle,ซ,0.6605,True,per-letter,easyocr=ต|cnn=จ|tesseract=ก|paddle=ซ,1550,0.129,น่าน,0.815,0.0,car,1,3,True,,200,1,260,394.3
plate_01725.jpg,group,,,,,,,,,,,,,,,PlateNotFound: could not find the large characters of the top line,,,,
plate_01725.jpg,easyocr,,,,,,,,,,,,,,,PlateNotFound: could not find the large characters of the top line,,,,
plate_01725.jpg,cnn,,,,,,,,,,,,,,,PlateNotFound: could not find the large characters of the top line,,,,
plate_01725.jpg,tesseract,,,,,,,,,,,,,,,PlateNotFound: could not find the large characters of the top line,,,,
plate_01725.jpg,paddle,,,,,,,,,,,,,,,PlateNotFound: could not find the large characters of the top line,,,,
plate_01725.jpg,easyocr+cnn,,,,,,,,,,,,,,,PlateNotFound: could not find the large characters of the top line,,,,
plate_01725.jpg,cnn+paddle,,,,,,,,,,,,,,,PlateNotFound: could not find the large characters of the top line,,,,
plate_01725.jpg,easyocr+cnn+paddle,,,,,,,,,,,,,,,PlateNotFound: could not find the large characters of the top line,,,,
plate_01725.jpg,easyocr+cnn+tesseract+paddle,,,,,,,,,,,,,,,PlateNotFound: could not find the large characters of the top line,,,,
plate_01727.jpg,group,ก,0.5393,True,whole crop,,9007,0.842,นนทบุรี,1.0,1.0,car,1,4,True,,409,1,334,78.3
plate_01727.jpg,easyocr,ก,1.0,True,per-letter,,9007,0.842,นนทบุรี,1.0,1.0,car,1,4,False,,409,1,334,118.8
plate_01727.jpg,cnn,ก,0.9952,True,per-letter,,9007,0.842,นนทบุรี,1.0,1.0,car,1,4,False,,409,1,334,1.7
plate_01727.jpg,tesseract,ก,0.9978,True,per-letter,,9007,0.842,นนทบุรี,1.0,1.0,car,1,4,False,,409,1,334,77.3
plate_01727.jpg,paddle,ก,0.9928,True,per-letter,,9007,0.842,นนทบุรี,1.0,1.0,car,1,4,False,,409,1,334,74.5
plate_01727.jpg,easyocr+cnn,ก,0.9969,True,per-letter,easyocr=ก|cnn=ก,9007,0.842,นนทบุรี,1.0,1.0,car,1,4,False,,409,1,334,120.5
plate_01727.jpg,cnn+paddle,ก,0.9949,True,per-letter,cnn=ก|paddle=ก,9007,0.842,นนทบุรี,1.0,1.0,car,1,4,False,,409,1,334,76.1
plate_01727.jpg,easyocr+cnn+paddle,ก,0.9962,True,per-letter,easyocr=ก|cnn=ก|paddle=ก,9007,0.842,นนทบุรี,1.0,1.0,car,1,4,False,,409,1,334,195.0
plate_01727.jpg,easyocr+cnn+tesseract+paddle,ก,0.9963,True,per-letter,easyocr=ก|cnn=ก|tesseract=ก|paddle=ก,9007,0.842,นนทบุรี,1.0,1.0,car,1,4,False,,409,1,334,272.3
plate_01742.jpg,group,ป,0.0267,True,whole crop,,156,0.81,แพร่,0.612,0.0,car,2,4,True,,299,1,264,81.3
plate_01742.jpg,easyocr,ฟก,0.275,True,per-letter,,156,0.81,แพร่,0.612,0.0,car,2,4,True,,299,1,264,266.6
plate_01742.jpg,cnn,11,0.9811,True,per-letter,,156,0.81,แพร่,0.612,0.0,car,2,4,True,,299,1,264,2.1
plate_01742.jpg,tesseract,??,0.0,False,per-letter,,156,0.81,แพร่,0.612,0.0,car,2,4,True,,299,1,264,208.4
plate_01742.jpg,paddle,พท,0.6487,True,per-letter,,156,0.81,แพร่,0.612,0.0,car,2,4,True,,299,1,264,151.8
plate_01742.jpg,easyocr+cnn,ฬก,0.4042,True,per-letter,easyocr=ฟก|cnn=ฬ1,156,0.81,แพร่,0.612,0.0,car,2,4,True,,299,1,264,268.7
plate_01742.jpg,cnn+paddle,ฬ1,0.0,False,per-letter,cnn=ฬ1|paddle=พ1,156,0.81,แพร่,0.612,0.0,car,2,4,True,,299,1,264,153.9
plate_01742.jpg,easyocr+cnn+paddle,ฬก,0.3099,True,per-letter,easyocr=ฟก|cnn=ฬ1|paddle=พ1,156,0.81,แพร่,0.612,0.0,car,2,4,True,,299,1,264,420.5
plate_01742.jpg,easyocr+cnn+tesseract+paddle,ฬก,0.3045,True,per-letter,easyocr=ฟก|cnn=ฬ1|tesseract=กก|paddle=พ1,156,0.81,แพร่,0.612,0.0,car,2,4,True,,299,1,264,628.8
plate_01803.jpg,group,,,,,,,,,,,,,,,PlateNotFound: could not find the large characters of the top line,,,,
plate_01803.jpg,easyocr,,,,,,,,,,,,,,,PlateNotFound: could not find the large characters of the top line,,,,
plate_01803.jpg,cnn,,,,,,,,,,,,,,,PlateNotFound: could not find the large characters of the top line,,,,
plate_01803.jpg,tesseract,,,,,,,,,,,,,,,PlateNotFound: could not find the large characters of the top line,,,,
plate_01803.jpg,paddle,,,,,,,,,,,,,,,PlateNotFound: could not find the large characters of the top line,,,,
plate_01803.jpg,easyocr+cnn,,,,,,,,,,,,,,,PlateNotFound: could not find the large characters of the top line,,,,
plate_01803.jpg,cnn+paddle,,,,,,,,,,,,,,,PlateNotFound: could not find the large characters of the top line,,,,
plate_01803.jpg,easyocr+cnn+paddle,,,,,,,,,,,,,,,PlateNotFound: could not find the large characters of the top line,,,,
plate_01803.jpg,easyocr+cnn+tesseract+paddle,,,,,,,,,,,,,,,PlateNotFound: could not find the large characters of the top line,,,,
plate_01832.jpg,group,น,0.9611,True,whole crop,,9879,0.997,นครนายก,0.28,0.182,car,1,4,True,,274,1,262,73.8
plate_01832.jpg,easyocr,น,0.9331,True,per-letter,,9879,0.997,นครนายก,0.28,0.182,car,1,4,True,,274,1,262,120.2
plate_01832.jpg,cnn,น,0.9972,True,per-letter,,9879,0.997,นครนายก,0.28,0.182,car,1,4,True,,274,1,262,1.3
plate_01832.jpg,tesseract,น,0.9978,True,per-letter,,9879,0.997,นครนายก,0.28,0.182,car,1,4,True,,274,1,262,157.6
plate_01832.jpg,paddle,น,0.9989,True,per-letter,,9879,0.997,นครนายก,0.28,0.182,car,1,4,True,,274,1,262,116.5
plate_01832.jpg,easyocr+cnn,น,0.9769,True,per-letter,easyocr=น|cnn=น,9879,0.997,นครนายก,0.28,0.182,car,1,4,True,,274,1,262,121.5
plate_01832.jpg,cnn+paddle,น,0.9982,True,per-letter,cnn=น|paddle=น,9879,0.997,นครนายก,0.28,0.182,car,1,4,True,,274,1,262,117.7
plate_01832.jpg,easyocr+cnn+paddle,น,0.9827,True,per-letter,easyocr=น|cnn=น|paddle=น,9879,0.997,นครนายก,0.28,0.182,car,1,4,True,,274,1,262,237.9
plate_01832.jpg,easyocr+cnn+tesseract+paddle,น,0.9843,True,per-letter,easyocr=น|cnn=น|tesseract=น|paddle=น,9879,0.997,นครนายก,0.28,0.182,car,1,4,True,,274,1,262,395.6
plate_01906.jpg,group,ท,0.0388,True,whole crop,,39,0.963,เลย,0.461,0.0,car,1,4,True,,286,7,260,80.8
plate_01906.jpg,easyocr,ร,0.5587,True,per-letter,,39,0.963,เลย,0.461,0.0,car,1,4,True,,286,7,260,98.0
plate_01906.jpg,cnn,ก,0.9769,True,per-letter,,39,0.963,เลย,0.461,0.0,car,1,4,True,,286,7,260,1.3
plate_01906.jpg,tesseract,?,0.0,False,per-letter,,39,0.963,เลย,0.461,0.0,car,1,4,True,,286,7,260,134.3
plate_01906.jpg,paddle,ท,0.7881,True,per-letter,,39,0.963,เลย,0.461,0.0,car,1,4,True,,286,7,260,76.8
plate_01906.jpg,easyocr+cnn,ก,0.7956,True,per-letter,easyocr=ร|cnn=ก,39,0.963,เลย,0.461,0.0,car,1,4,True,,286,7,260,99.3
plate_01906.jpg,cnn+paddle,ก,0.7022,True,per-letter,cnn=ก|paddle=ท,39,0.963,เลย,0.461,0.0,car,1,4,True,,286,7,260,78.1
plate_01906.jpg,easyocr+cnn+paddle,ก,0.6459,True,per-letter,easyocr=ร|cnn=ก|paddle=ท,39,0.963,เลย,0.461,0.0,car,1,4,True,,286,7,260,176.1
plate_01906.jpg,easyocr+cnn+tesseract+paddle,ก,0.6415,True,per-letter,easyocr=ร|cnn=ก|tesseract=ก|paddle=ท,39,0.963,เลย,0.461,0.0,car,1,4,True,,286,7,260,310.4
plate_01911.jpg,group,ซ,0.0573,True,whole crop,,220,0.345,เลย,0.342,0.0,car,2,3,True,,301,5,244,77.3
plate_01911.jpg,easyocr,กย,0.3517,True,per-letter,,220,0.345,เลย,0.342,0.0,car,2,3,True,,301,5,244,319.3
plate_01911.jpg,cnn,1ย,0.4737,True,per-letter,,220,0.345,เลย,0.342,0.0,car,2,3,True,,301,5,244,3.5
plate_01911.jpg,tesseract,1ย,0.9519,True,per-letter,,220,0.345,เลย,0.342,0.0,car,2,3,True,,301,5,244,177.3
plate_01911.jpg,paddle,1ย,0.3936,True,per-letter,,220,0.345,เลย,0.342,0.0,car,2,3,True,,301,5,244,149.5
plate_01911.jpg,easyocr+cnn,1ย,0.6173,True,per-letter,easyocr=ถย|cnn=1ย,220,0.345,เลย,0.342,0.0,car,2,3,True,,301,5,244,322.8
plate_01911.jpg,cnn+paddle,1ย,0.5214,True,per-letter,cnn=1ย|paddle=1ย,220,0.345,เลย,0.342,0.0,car,2,3,True,,301,5,244,153.0
plate_01911.jpg,easyocr+cnn+paddle,1ย,0.658,True,per-letter,easyocr=ถย|cnn=1ย|paddle=1ย,220,0.345,เลย,0.342,0.0,car,2,3,True,,301,5,244,472.3
plate_01911.jpg,easyocr+cnn+tesseract+paddle,1ย,0.6857,True,per-letter,easyocr=ถย|cnn=1ย|tesseract=1ย|paddle=1ย,220,0.345,เลย,0.342,0.0,car,2,3,True,,301,5,244,649.6
plate_01932.jpg,group,ร,0.2408,True,whole crop,,2229,0.706,กรุงเทพมหานคร,1.0,0.769,car,1,4,True,,319,1,272,75.4
plate_01932.jpg,easyocr,ร,0.9998,True,per-letter,,2229,0.706,กรุงเทพมหานคร,1.0,0.769,car,1,4,True,,319,1,272,140.1
plate_01932.jpg,cnn,ร,0.9942,True,per-letter,,2229,0.706,กรุงเทพมหานคร,1.0,0.769,car,1,4,True,,319,1,272,3.0
plate_01932.jpg,tesseract,ว,0.9869,True,per-letter,,2229,0.706,กรุงเทพมหานคร,1.0,0.769,car,1,4,True,,319,1,272,141.4
plate_01932.jpg,paddle,ร,0.8428,True,per-letter,,2229,0.706,กรุงเทพมหานคร,1.0,0.769,car,1,4,True,,319,1,272,71.7
plate_01932.jpg,easyocr+cnn,ร,0.9961,True,per-letter,easyocr=ร|cnn=ร,2229,0.706,กรุงเทพมหานคร,1.0,0.769,car,1,4,True,,319,1,272,143.0
plate_01932.jpg,cnn+paddle,ร,0.9478,True,per-letter,cnn=ร|paddle=ร,2229,0.706,กรุงเทพมหานคร,1.0,0.769,car,1,4,True,,319,1,272,74.7
plate_01932.jpg,easyocr+cnn+paddle,ร,0.9614,True,per-letter,easyocr=ร|cnn=ร|paddle=ร,2229,0.706,กรุงเทพมหานคร,1.0,0.769,car,1,4,True,,319,1,272,214.7
plate_01932.jpg,easyocr+cnn+tesseract+paddle,ร,0.9241,True,per-letter,easyocr=ร|cnn=ร|tesseract=ว|paddle=ร,2229,0.706,กรุงเทพมหานคร,1.0,0.769,car,1,4,True,,319,1,272,356.1
plate_01944.jpg,group,,,,,,,,,,,,,,,PlateNotFound: could not find the large characters of the top line,,,,
plate_01944.jpg,easyocr,,,,,,,,,,,,,,,PlateNotFound: could not find the large characters of the top line,,,,
plate_01944.jpg,cnn,,,,,,,,,,,,,,,PlateNotFound: could not find the large characters of the top line,,,,
plate_01944.jpg,tesseract,,,,,,,,,,,,,,,PlateNotFound: could not find the large characters of the top line,,,,
plate_01944.jpg,paddle,,,,,,,,,,,,,,,PlateNotFound: could not find the large characters of the top line,,,,
plate_01944.jpg,easyocr+cnn,,,,,,,,,,,,,,,PlateNotFound: could not find the large characters of the top line,,,,
plate_01944.jpg,cnn+paddle,,,,,,,,,,,,,,,PlateNotFound: could not find the large characters of the top line,,,,
plate_01944.jpg,easyocr+cnn+paddle,,,,,,,,,,,,,,,PlateNotFound: could not find the large characters of the top line,,,,
plate_01944.jpg,easyocr+cnn+tesseract+paddle,,,,,,,,,,,,,,,PlateNotFound: could not find the large characters of the top line,,,,
plate_02128.jpg,group,งว,0.7347,True,whole crop,,7178,0.997,กรุงเทพมหานคร,1.0,0.75,car,2,4,False,,225,1,272,76.1
plate_02128.jpg,easyocr,งว,0.6762,True,per-letter,,7178,0.997,กรุงเทพมหานคร,1.0,0.75,car,2,4,True,,225,1,272,339.7
plate_02128.jpg,cnn,งว,0.9064,True,per-letter,,7178,0.997,กรุงเทพมหานคร,1.0,0.75,car,2,4,False,,225,1,272,2.1
plate_02128.jpg,tesseract,งว,0.9905,True,per-letter,,7178,0.997,กรุงเทพมหานคร,1.0,0.75,car,2,4,False,,225,1,272,259.8
plate_02128.jpg,paddle,ซว,0.679,True,per-letter,,7178,0.997,กรุงเทพมหานคร,1.0,0.75,car,2,4,True,,225,1,272,148.2
plate_02128.jpg,easyocr+cnn,งว,0.9004,True,per-letter,easyocr=งว|cnn=งว,7178,0.997,กรุงเทพมหานคร,1.0,0.75,car,2,4,False,,225,1,272,341.9
plate_02128.jpg,cnn+paddle,งว,0.7766,True,per-letter,cnn=งว|paddle=ซว,7178,0.997,กรุงเทพมหานคร,1.0,0.75,car,2,4,False,,225,1,272,150.4
plate_02128.jpg,easyocr+cnn+paddle,งว,0.8072,True,per-letter,easyocr=งว|cnn=งว|paddle=ซว,7178,0.997,กรุงเทพมหานคร,1.0,0.75,car,2,4,False,,225,1,272,490.1
plate_02128.jpg,easyocr+cnn+tesseract+paddle,งว,0.8296,True,per-letter,easyocr=งว|cnn=งว|tesseract=งว|paddle=ซว,7178,0.997,กรุงเทพมหานคร,1.0,0.75,car,2,4,False,,225,1,272,749.9
plate_02164.jpg,group,ท,0.0974,True,whole crop,,330,0.371,เลย,0.897,0.0,car,1,3,True,,220,1,241,76.0
plate_02164.jpg,easyocr,ก,0.9543,True,per-letter,,330,0.371,เลย,0.897,0.0,car,1,3,True,,220,1,241,169.7
plate_02164.jpg,cnn,ก,0.9981,True,per-letter,,330,0.371,เลย,0.897,0.0,car,1,3,True,,220,1,241,1.4
plate_02164.jpg,tesseract,ก,0.8906,True,per-letter,,330,0.371,เลย,0.897,0.0,car,1,3,True,,220,1,241,124.4
plate_02164.jpg,paddle,ท,0.4848,True,per-letter,,330,0.371,เลย,0.897,0.0,car,1,3,True,,220,1,241,125.6
plate_02164.jpg,easyocr+cnn,ก,0.9838,True,per-letter,easyocr=ก|cnn=ก,330,0.371,เลย,0.897,0.0,car,1,3,True,,220,1,241,171.0
plate_02164.jpg,cnn+paddle,ก,0.8338,True,per-letter,cnn=ก|paddle=ก,330,0.371,เลย,0.897,0.0,car,1,3,True,,220,1,241,127.0
plate_02164.jpg,easyocr+cnn+paddle,ก,0.8727,True,per-letter,easyocr=ก|cnn=ก|paddle=ก,330,0.371,เลย,0.897,0.0,car,1,3,True,,220,1,241,296.7
plate_02164.jpg,easyocr+cnn+tesseract+paddle,ก,0.8728,True,per-letter,easyocr=ก|cnn=ก|tesseract=ก|paddle=ก,330,0.371,เลย,0.897,0.0,car,1,3,True,,220,1,241,421.1
plate_02223.jpg,group,ซพ,0.4596,True,whole crop,,2442,0.58,กรุงเทพมหานคร,1.0,0.923,car,2,4,True,,323,5,276,78.8
plate_02223.jpg,easyocr,ชฬ,0.3512,True,per-letter,,2442,0.58,กรุงเทพมหานคร,1.0,0.923,car,2,4,True,,323,5,276,460.1
plate_02223.jpg,cnn,ชฬ,0.9762,True,per-letter,,2442,0.58,กรุงเทพมหานคร,1.0,0.923,car,2,4,True,,323,5,276,4.2
plate_02223.jpg,tesseract,?ฬ,0.0,False,per-letter,,2442,0.58,กรุงเทพมหานคร,1.0,0.923,car,2,4,True,,323,5,276,212.8
plate_02223.jpg,paddle,ซพ,0.8525,True,per-letter,,2442,0.58,กรุงเทพมหานคร,1.0,0.923,car,2,4,True,,323,5,276,149.7
plate_02223.jpg,easyocr+cnn,ชฬ,0.7797,True,per-letter,easyocr=ชฬ|cnn=ชฬ,2442,0.58,กรุงเทพมหานคร,1.0,0.923,car,2,4,True,,323,5,276,464.2
plate_02223.jpg,cnn+paddle,ชฬ,0.3393,True,per-letter,cnn=ชฬ|paddle=ซพ,2442,0.58,กรุงเทพมหานคร,1.0,0.923,car,2,4,True,,323,5,276,153.9
plate_02223.jpg,easyocr+cnn+paddle,ชฬ,0.3437,True,per-letter,easyocr=ชฬ|cnn=ชฬ|paddle=ซพ,2442,0.58,กรุงเทพมหานคร,1.0,0.923,car,2,4,True,,323,5,276,613.9
plate_02223.jpg,easyocr+cnn+tesseract+paddle,ชฬ,0.3648,True,per-letter,easyocr=ชฬ|cnn=ชฬ|tesseract=กฬ|paddle=ซพ,2442,0.58,กรุงเทพมหานคร,1.0,0.923,car,2,4,True,,323,5,276,826.7
plate_02254.jpg,group,ทพ,0.2729,True,whole crop,,9925,0.999,กรุงเทพมหานคร,1.0,0.923,car,2,4,True,,341,1,269,78.5
plate_02254.jpg,easyocr,ทฟ,0.611,True,per-letter,,9925,0.999,กรุงเทพมหานคร,1.0,0.923,car,2,4,True,,341,1,269,440.4
plate_02254.jpg,cnn,ทฬ,0.9827,True,per-letter,,9925,0.999,กรุงเทพมหานคร,1.0,0.923,car,2,4,False,,341,1,269,1.9
plate_02254.jpg,tesseract,ทพ,0.9665,True,per-letter,,9925,0.999,กรุงเทพมหานคร,1.0,0.923,car,2,4,False,,341,1,269,164.0
plate_02254.jpg,paddle,ทพ,0.7567,True,per-letter,,9925,0.999,กรุงเทพมหานคร,1.0,0.923,car,2,4,False,,341,1,269,187.8
plate_02254.jpg,easyocr+cnn,ทฬ,0.7252,True,per-letter,easyocr=ทฟ|cnn=ทฬ,9925,0.999,กรุงเทพมหานคร,1.0,0.923,car,2,4,False,,341,1,269,442.3
plate_02254.jpg,cnn+paddle,ทฬ,0.6403,True,per-letter,cnn=ทฬ|paddle=ทพ,9925,0.999,กรุงเทพมหานคร,1.0,0.923,car,2,4,True,,341,1,269,189.8
plate_02254.jpg,easyocr+cnn+paddle,ทฬ,0.5174,True,per-letter,easyocr=ทฟ|cnn=ทฬ|paddle=ทพ,9925,0.999,กรุงเทพมหานคร,1.0,0.923,car,2,4,True,,341,1,269,630.2
plate_02254.jpg,easyocr+cnn+tesseract+paddle,ทฬ,0.4872,True,per-letter,easyocr=ทฟ|cnn=ทฬ|tesseract=ทพ|paddle=ทพ,9925,0.999,กรุงเทพมหานคร,1.0,0.923,car,2,4,True,,341,1,269,794.2
plate_02256.jpg,group,22,0.2855,True,whole crop,,1,0.673,เลย,0.976,0.0,motorcycle,5,1,True,,299,1,242,79.4
plate_02256.jpg,easyocr,22,0.2855,True,"whole crop, fallback",,1,0.673,เลย,0.976,0.0,motorcycle,5,1,True,,299,1,242,79.4
plate_02256.jpg,cnn,22,0.2855,True,"whole crop, fallback",,1,0.673,เลย,0.976,0.0,motorcycle,5,1,True,,299,1,242,79.4
plate_02256.jpg,tesseract,22,0.2855,True,"whole crop, fallback",,1,0.673,เลย,0.976,0.0,motorcycle,5,1,True,,299,1,242,79.4
plate_02256.jpg,paddle,22,0.2855,True,"whole crop, fallback",,1,0.673,เลย,0.976,0.0,motorcycle,5,1,True,,299,1,242,79.4
plate_02256.jpg,easyocr+cnn,22,0.2855,True,"whole crop, fallback",,1,0.673,เลย,0.976,0.0,motorcycle,5,1,True,,299,1,242,79.4
plate_02256.jpg,cnn+paddle,22,0.2855,True,"whole crop, fallback",,1,0.673,เลย,0.976,0.0,motorcycle,5,1,True,,299,1,242,79.4
plate_02256.jpg,easyocr+cnn+paddle,22,0.2855,True,"whole crop, fallback",,1,0.673,เลย,0.976,0.0,motorcycle,5,1,True,,299,1,242,79.4
plate_02256.jpg,easyocr+cnn+tesseract+paddle,22,0.2855,True,"whole crop, fallback",,1,0.673,เลย,0.976,0.0,motorcycle,5,1,True,,299,1,242,79.4
plate_02342.jpg,group,ซ,0.2453,True,whole crop,,2,0.082,นครพนม,0.217,0.0,car,1,1,True,,199,1,231,77.1
plate_02342.jpg,easyocr,พ,0.8205,True,per-letter,,2,0.082,นครพนม,0.217,0.0,car,1,1,True,,199,1,231,103.8
plate_02342.jpg,cnn,ษ,0.5721,True,per-letter,,2,0.082,นครพนม,0.217,0.0,car,1,1,True,,199,1,231,1.5
plate_02342.jpg,tesseract,ม,0.7643,True,per-letter,,2,0.082,นครพนม,0.217,0.0,car,1,1,True,,199,1,231,112.0
plate_02342.jpg,paddle,ซ,0.6761,True,per-letter,,2,0.082,นครพนม,0.217,0.0,car,1,1,True,,199,1,231,76.6
plate_02342.jpg,easyocr+cnn,พ,0.5634,True,per-letter,easyocr=พ|cnn=ษ,2,0.082,นครพนม,0.217,0.0,car,1,1,True,,199,1,231,105.2
plate_02342.jpg,cnn+paddle,ซ,0.5108,True,per-letter,cnn=ษ|paddle=ซ,2,0.082,นครพนม,0.217,0.0,car,1,1,True,,199,1,231,78.0
plate_02342.jpg,easyocr+cnn+paddle,พ,0.4595,True,per-letter,easyocr=พ|cnn=ษ|paddle=ซ,2,0.082,นครพนม,0.217,0.0,car,1,1,True,,199,1,231,181.8
plate_02342.jpg,easyocr+cnn+tesseract+paddle,พ,0.4579,True,per-letter,easyocr=พ|cnn=ษ|tesseract=ม|paddle=ซ,2,0.082,นครพนม,0.217,0.0,car,1,1,True,,199,1,231,293.8
plate_02350.jpg,group,,0.0,False,whole crop,,1,0.168,เลย,0.909,0.0,motorcycle,3,2,True,,373,1,229,75.6
plate_02350.jpg,easyocr,นตต,0.1138,True,per-letter,,1,0.168,เลย,0.909,0.0,motorcycle,3,2,True,,373,1,229,352.0
plate_02350.jpg,cnn,991,0.55,True,per-letter,,1,0.168,เลย,0.909,0.0,motorcycle,3,2,True,,373,1,229,2.5
plate_02350.jpg,tesseract,??ก,0.0,False,per-letter,,1,0.168,เลย,0.909,0.0,motorcycle,3,2,True,,373,1,229,281.8
plate_02350.jpg,paddle,พซ1,0.0,False,per-letter,,1,0.168,เลย,0.909,0.0,motorcycle,3,2,True,,373,1,229,229.4
plate_02350.jpg,easyocr+cnn,991,0.5238,True,per-letter,easyocr=นตต|cnn=991,1,0.168,เลย,0.909,0.0,motorcycle,3,2,True,,373,1,229,354.5
plate_02350.jpg,cnn+paddle,991,0.4994,True,per-letter,cnn=991|paddle=พซ1,1,0.168,เลย,0.909,0.0,motorcycle,3,2,True,,373,1,229,232.0
plate_02350.jpg,easyocr+cnn+paddle,991,0.4791,True,per-letter,easyocr=นตต|cnn=991|paddle=พซ1,1,0.168,เลย,0.909,0.0,motorcycle,3,2,True,,373,1,229,584.0
plate_02350.jpg,easyocr+cnn+tesseract+paddle,991,0.5537,True,per-letter,easyocr=นตต|cnn=991|tesseract=กก1|paddle=พซ1,1,0.168,เลย,0.909,0.0,motorcycle,3,2,True,,373,1,229,865.7
plate_02491.jpg,group,,,,,,,,,,,,,,,PlateNotFound: could not find the large characters of the top line,,,,
plate_02491.jpg,easyocr,,,,,,,,,,,,,,,PlateNotFound: could not find the large characters of the top line,,,,
plate_02491.jpg,cnn,,,,,,,,,,,,,,,PlateNotFound: could not find the large characters of the top line,,,,
plate_02491.jpg,tesseract,,,,,,,,,,,,,,,PlateNotFound: could not find the large characters of the top line,,,,
plate_02491.jpg,paddle,,,,,,,,,,,,,,,PlateNotFound: could not find the large characters of the top line,,,,
plate_02491.jpg,easyocr+cnn,,,,,,,,,,,,,,,PlateNotFound: could not find the large characters of the top line,,,,
plate_02491.jpg,cnn+paddle,,,,,,,,,,,,,,,PlateNotFound: could not find the large characters of the top line,,,,
plate_02491.jpg,easyocr+cnn+paddle,,,,,,,,,,,,,,,PlateNotFound: could not find the large characters of the top line,,,,
plate_02491.jpg,easyocr+cnn+tesseract+paddle,,,,,,,,,,,,,,,PlateNotFound: could not find the large characters of the top line,,,,
plate_02556.jpg,group,ซ,0.1162,True,whole crop,,1227,0.848,กรุงเทพมหานคร,1.0,0.583,car,1,3,True,,287,1,235,76.7
plate_02556.jpg,easyocr,ศ,0.8411,True,per-letter,,1227,0.848,กรุงเทพมหานคร,1.0,0.583,car,1,3,True,,287,1,235,116.7
plate_02556.jpg,cnn,ฬ,0.7068,True,per-letter,,1227,0.848,กรุงเทพมหานคร,1.0,0.583,car,1,3,True,,287,1,235,1.6
plate_02556.jpg,tesseract,ห,0.9778,True,per-letter,,1227,0.848,กรุงเทพมหานคร,1.0,0.583,car,1,3,True,,287,1,235,83.8
plate_02556.jpg,paddle,พ,0.6536,True,per-letter,,1227,0.848,กรุงเทพมหานคร,1.0,0.583,car,1,3,True,,287,1,235,76.4
plate_02556.jpg,easyocr+cnn,ฬ,0.4855,True,per-letter,easyocr=ศ|cnn=ฬ,1227,0.848,กรุงเทพมหานคร,1.0,0.583,car,1,3,True,,287,1,235,118.3
plate_02556.jpg,cnn+paddle,ฬ,0.3884,True,per-letter,cnn=ฬ|paddle=พ,1227,0.848,กรุงเทพมหานคร,1.0,0.583,car,1,3,True,,287,1,235,78.0
plate_02556.jpg,easyocr+cnn+paddle,ฬ,0.3761,True,per-letter,easyocr=ศ|cnn=ฬ|paddle=พ,1227,0.848,กรุงเทพมหานคร,1.0,0.583,car,1,3,True,,287,1,235,194.7
plate_02556.jpg,easyocr+cnn+tesseract+paddle,ฬ,0.375,True,per-letter,easyocr=ศ|cnn=ฬ|tesseract=ห|paddle=พ,1227,0.848,กรุงเทพมหานคร,1.0,0.583,car,1,3,True,,287,1,235,278.5
plate_02642.jpg,group,ทพ,0.4907,True,whole crop,,6811,0.997,กรุงเทพมหานคร,1.0,0.583,car,2,4,True,,431,1,277,77.3
plate_02642.jpg,easyocr,ทพ,0.5181,True,per-letter,,6811,0.997,กรุงเทพมหานคร,1.0,0.583,car,2,4,True,,431,1,277,382.7
plate_02642.jpg,cnn,ทฬ,0.974,True,per-letter,,6811,0.997,กรุงเทพมหานคร,1.0,0.583,car,2,4,True,,431,1,277,2.2
plate_02642.jpg,tesseract,ท?,0.0,False,per-letter,,6811,0.997,กรุงเทพมหานคร,1.0,0.583,car,2,4,True,,431,1,277,222.9
plate_02642.jpg,paddle,ทพ,0.7407,True,per-letter,,6811,0.997,กรุงเทพมหานคร,1.0,0.583,car,2,4,True,,431,1,277,140.9
plate_02642.jpg,easyocr+cnn,ทฬ,0.713,True,per-letter,easyocr=ทพ|cnn=ทฬ,6811,0.997,กรุงเทพมหานคร,1.0,0.583,car,2,4,True,,431,1,277,385.0
plate_02642.jpg,cnn+paddle,ทฬ,0.5646,True,per-letter,cnn=ทฬ|paddle=ทพ,6811,0.997,กรุงเทพมหานคร,1.0,0.583,car,2,4,True,,431,1,277,143.2
plate_02642.jpg,easyocr+cnn+paddle,ทฬ,0.4619,True,per-letter,easyocr=ทพ|cnn=ทฬ|paddle=ทพ,6811,0.997,กรุงเทพมหานคร,1.0,0.583,car,2,4,True,,431,1,277,525.9
plate_02642.jpg,easyocr+cnn+tesseract+paddle,ทฬ,0.4603,True,per-letter,easyocr=ทพ|cnn=ทฬ|tesseract=ทก|paddle=ทพ,6811,0.997,กรุงเทพมหานคร,1.0,0.583,car,2,4,True,,431,1,277,748.8
plate_02771.jpg,group,ซ,0.1299,True,whole crop,,,0.0,เลย,0.931,0.0,motorcycle,1,1,True,,205,1,235,79.4
plate_02771.jpg,easyocr,ช,0.4462,True,per-letter,,,0.0,เลย,0.931,0.0,motorcycle,1,1,True,,205,1,235,115.1
plate_02771.jpg,cnn,ก,0.4463,True,per-letter,,,0.0,เลย,0.931,0.0,motorcycle,1,1,True,,205,1,235,1.4
plate_02771.jpg,tesseract,?,0.0,False,per-letter,,,0.0,เลย,0.931,0.0,motorcycle,1,1,True,,205,1,235,101.8
plate_02771.jpg,paddle,ซ,0.462,True,per-letter,,,0.0,เลย,0.931,0.0,motorcycle,1,1,True,,205,1,235,79.3
plate_02771.jpg,easyocr+cnn,ส,0.4479,True,per-letter,easyocr=ช|cnn=ก,,0.0,เลย,0.931,0.0,motorcycle,1,1,True,,205,1,235,116.5
plate_02771.jpg,cnn+paddle,ซ,0.4252,True,per-letter,cnn=ก|paddle=ซ,,0.0,เลย,0.931,0.0,motorcycle,1,1,True,,205,1,235,80.7
plate_02771.jpg,easyocr+cnn+paddle,ซ,0.4331,True,per-letter,easyocr=ช|cnn=ก|paddle=ซ,,0.0,เลย,0.931,0.0,motorcycle,1,1,True,,205,1,235,195.8
plate_02771.jpg,easyocr+cnn+tesseract+paddle,ซ,0.4313,True,per-letter,easyocr=ช|cnn=ก|tesseract=ก|paddle=ซ,,0.0,เลย,0.931,0.0,motorcycle,1,1,True,,205,1,235,297.5
plate_02805.jpg,group,ก,0.0824,True,whole crop,,,0.0,เบตง,0.727,0.667,motorcycle,1,1,True,,611,1,236,78.8
plate_02805.jpg,easyocr,ก,0.9544,True,per-letter,,,0.0,เบตง,0.727,0.667,motorcycle,1,1,True,,611,1,236,114.1
plate_02805.jpg,cnn,ก,0.9809,True,per-letter,,,0.0,เบตง,0.727,0.667,motorcycle,1,1,True,,611,1,236,1.1
plate_02805.jpg,tesseract,ถ,0.9697,True,per-letter,,,0.0,เบตง,0.727,0.667,motorcycle,1,1,True,,611,1,236,106.8
plate_02805.jpg,paddle,ก,0.5548,True,per-letter,,,0.0,เบตง,0.727,0.667,motorcycle,1,1,True,,611,1,236,78.9
plate_02805.jpg,easyocr+cnn,ก,0.982,True,per-letter,easyocr=ก|cnn=ก,,0.0,เบตง,0.727,0.667,motorcycle,1,1,True,,611,1,236,115.2
plate_02805.jpg,cnn+paddle,ก,0.8761,True,per-letter,cnn=ก|paddle=ก,,0.0,เบตง,0.727,0.667,motorcycle,1,1,True,,611,1,236,80.1
plate_02805.jpg,easyocr+cnn+paddle,ก,0.9071,True,per-letter,easyocr=ก|cnn=ก|paddle=ก,,0.0,เบตง,0.727,0.667,motorcycle,1,1,True,,611,1,236,194.1
plate_02805.jpg,easyocr+cnn+tesseract+paddle,ก,0.8881,True,per-letter,easyocr=ก|cnn=ก|tesseract=ถ|paddle=ก,,0.0,เบตง,0.727,0.667,motorcycle,1,1,True,,611,1,236,301.0
plate_02870.jpg,group,5ขม,0.3834,True,whole crop,,1856,0.999,กรุงเทพมหานคร,1.0,1.0,car,3,4,True,,320,1,271,83.1
plate_02870.jpg,easyocr,5ขฆ,0.9789,True,per-letter,,1856,0.999,กรุงเทพมหานคร,1.0,1.0,car,3,4,False,,320,1,271,326.4
plate_02870.jpg,cnn,5ขฆ,0.984,True,per-letter,,1856,0.999,กรุงเทพมหานคร,1.0,1.0,car,3,4,False,,320,1,271,2.7
plate_02870.jpg,tesseract,5ข?,0.0,False,per-letter,,1856,0.999,กรุงเทพมหานคร,1.0,1.0,car,3,4,True,,320,1,271,264.7
plate_02870.jpg,paddle,5ซม,0.4673,True,per-letter,,1856,0.999,กรุงเทพมหานคร,1.0,1.0,car,3,4,True,,320,1,271,236.2
plate_02870.jpg,easyocr+cnn,5ขฆ,0.9836,True,per-letter,easyocr=5ขฆ|cnn=5ขฆ,1856,0.999,กรุงเทพมหานคร,1.0,1.0,car,3,4,False,,320,1,271,329.1
plate_02870.jpg,cnn+paddle,5ขฆ,0.566,True,per-letter,cnn=5ขฆ|paddle=5ซม,1856,0.999,กรุงเทพมหานคร,1.0,1.0,car,3,4,True,,320,1,271,239.0
plate_02870.jpg,easyocr+cnn+paddle,5ขฆ,0.6709,True,per-letter,easyocr=5ขฆ|cnn=5ขฆ|paddle=5ซม,1856,0.999,กรุงเทพมหานคร,1.0,1.0,car,3,4,True,,320,1,271,565.3
plate_02870.jpg,easyocr+cnn+tesseract+paddle,5ขฆ,0.6749,True,per-letter,easyocr=5ขฆ|cnn=5ขฆ|tesseract=5ขก|paddle=5ซม,1856,0.999,กรุงเทพมหานคร,1.0,1.0,car,3,4,True,,320,1,271,830.0
plate_02872.jpg,group,ส,0.4358,True,whole crop,,5585,0.999,กรุงเทพมหานคร,1.0,0.923,car,1,4,True,,252,1,267,80.9
plate_02872.jpg,easyocr,ส,1.0,True,per-letter,,5585,0.999,กรุงเทพมหานคร,1.0,0.923,car,1,4,False,,252,1,267,103.6
plate_02872.jpg,cnn,ส,0.998,True,per-letter,,5585,0.999,กรุงเทพมหานคร,1.0,0.923,car,1,4,False,,252,1,267,1.5
plate_02872.jpg,tesseract,ส,0.9995,True,per-letter,,5585,0.999,กรุงเทพมหานคร,1.0,0.923,car,1,4,False,,252,1,267,103.3
plate_02872.jpg,paddle,ส,0.9994,True,per-letter,,5585,0.999,กรุงเทพมหานคร,1.0,0.923,car,1,4,False,,252,1,267,77.1
plate_02872.jpg,easyocr+cnn,ส,0.9987,True,per-letter,easyocr=ส|cnn=ส,5585,0.999,กรุงเทพมหานคร,1.0,0.923,car,1,4,False,,252,1,267,105.1
plate_02872.jpg,cnn+paddle,ส,0.9987,True,per-letter,cnn=ส|paddle=ส,5585,0.999,กรุงเทพมหานคร,1.0,0.923,car,1,4,False,,252,1,267,78.6
plate_02872.jpg,easyocr+cnn+paddle,ส,0.999,True,per-letter,easyocr=ส|cnn=ส|paddle=ส,5585,0.999,กรุงเทพมหานคร,1.0,0.923,car,1,4,False,,252,1,267,182.2
plate_02872.jpg,easyocr+cnn+tesseract+paddle,ส,0.9991,True,per-letter,easyocr=ส|cnn=ส|tesseract=ส|paddle=ส,5585,0.999,กรุงเทพมหานคร,1.0,0.923,car,1,4,False,,252,1,267,285.5
plate_02944.jpg,group,พค,0.354,True,whole crop,,6888,0.902,กรุงเทพมหานคร,1.0,0.923,car,2,4,True,,285,1,268,83.8
plate_02944.jpg,easyocr,พค,0.7815,True,per-letter,,6888,0.902,กรุงเทพมหานคร,1.0,0.923,car,2,4,False,,285,1,268,259.0
plate_02944.jpg,cnn,พค,0.9871,True,per-letter,,6888,0.902,กรุงเทพมหานคร,1.0,0.923,car,2,4,False,,285,1,268,1.9
plate_02944.jpg,tesseract,?ด,0.0,False,per-letter,,6888,0.902,กรุงเทพมหานคร,1.0,0.923,car,2,4,True,,285,1,268,200.9
plate_02944.jpg,paddle,พค,0.9916,True,per-letter,,6888,0.902,กรุงเทพมหานคร,1.0,0.923,car,2,4,False,,285,1,268,156.3
plate_02944.jpg,easyocr+cnn,พค,0.9357,True,per-letter,easyocr=พค|cnn=พค,6888,0.902,กรุงเทพมหานคร,1.0,0.923,car,2,4,False,,285,1,268,260.9
plate_02944.jpg,cnn+paddle,พค,0.9886,True,per-letter,cnn=พค|paddle=พค,6888,0.902,กรุงเทพมหานคร,1.0,0.923,car,2,4,False,,285,1,268,158.2
plate_02944.jpg,easyocr+cnn+paddle,พค,0.951,True,per-letter,easyocr=พค|cnn=พค|paddle=พค,6888,0.902,กรุงเทพมหานคร,1.0,0.923,car,2,4,False,,285,1,268,417.2
plate_02944.jpg,easyocr+cnn+tesseract+paddle,พค,0.8826,True,per-letter,easyocr=พค|cnn=พค|tesseract=กด|paddle=พค,6888,0.902,กรุงเทพมหานคร,1.0,0.923,car,2,4,False,,285,1,268,618.0
plate_02957.jpg,group,กศ,0.2807,True,whole crop,,1881,0.967,สตูล,0.955,0.667,car,2,4,True,,414,2,266,79.5
plate_02957.jpg,easyocr,กค,0.9726,True,per-letter,,1881,0.967,สตูล,0.955,0.667,car,2,4,True,,414,2,266,250.2
plate_02957.jpg,cnn,กค,0.8975,True,per-letter,,1881,0.967,สตูล,0.955,0.667,car,2,4,True,,414,2,266,2.0
plate_02957.jpg,tesseract,กค,0.9818,True,per-letter,,1881,0.967,สตูล,0.955,0.667,car,2,4,True,,414,2,266,213.2
plate_02957.jpg,paddle,กค,0.5113,True,per-letter,,1881,0.967,สตูล,0.955,0.667,car,2,4,True,,414,2,266,154.4
plate_02957.jpg,easyocr+cnn,กค,0.9242,True,per-letter,easyocr=กค|cnn=กค,1881,0.967,สตูล,0.955,0.667,car,2,4,True,,414,2,266,252.3
plate_02957.jpg,cnn+paddle,กค,0.7707,True,per-letter,cnn=กค|paddle=กค,1881,0.967,สตูล,0.955,0.667,car,2,4,True,,414,2,266,156.4
plate_02957.jpg,easyocr+cnn+paddle,กค,0.8241,True,per-letter,easyocr=กค|cnn=กค|paddle=กค,1881,0.967,สตูล,0.955,0.667,car,2,4,True,,414,2,266,406.6
plate_02957.jpg,easyocr+cnn+tesseract+paddle,กค,0.8347,True,per-letter,easyocr=กค|cnn=กค|tesseract=กค|paddle=กค,1881,0.967,สตูล,0.955,0.667,car,2,4,True,,414,2,266,619.9
plate_02960.jpg,group,ท,0.1206,True,whole crop,,2333,0.964,นครนายก,0.27,0.0,car,1,4,True,,361,6,380,81.9
plate_02960.jpg,easyocr,ก,0.9939,True,per-letter,,2333,0.964,นครนายก,0.27,0.0,car,1,4,True,,361,6,380,122.8
plate_02960.jpg,cnn,ก,0.9592,True,per-letter,,2333,0.964,นครนายก,0.27,0.0,car,1,4,True,,361,6,380,1.4
plate_02960.jpg,tesseract,?,0.0,False,per-letter,,2333,0.964,นครนายก,0.27,0.0,car,1,4,True,,361,6,380,111.1
plate_02960.jpg,paddle,ด,0.3758,True,per-letter,,2333,0.964,นครนายก,0.27,0.0,car,1,4,True,,361,6,380,80.2
plate_02960.jpg,easyocr+cnn,ก,0.9734,True,per-letter,easyocr=ก|cnn=ก,2333,0.964,นครนายก,0.27,0.0,car,1,4,True,,361,6,380,124.2
plate_02960.jpg,cnn+paddle,ก,0.8172,True,per-letter,cnn=ก|paddle=ด,2333,0.964,นครนายก,0.27,0.0,car,1,4,True,,361,6,380,81.6
plate_02960.jpg,easyocr+cnn+paddle,ก,0.8701,True,per-letter,easyocr=ก|cnn=ก|paddle=ด,2333,0.964,นครนายก,0.27,0.0,car,1,4,True,,361,6,380,204.4
plate_02960.jpg,easyocr+cnn+tesseract+paddle,ก,0.8644,True,per-letter,easyocr=ก|cnn=ก|tesseract=ก|paddle=ด,2333,0.964,นครนายก,0.27,0.0,car,1,4,True,,361,6,380,315.5
plate_02982.jpg,group,ณข,0.3667,True,whole crop,,1975,1.0,ภูเก็ต,1.0,0.833,car,2,4,True,,423,1,265,78.5
plate_02982.jpg,easyocr,กข,0.7416,True,per-letter,,1975,1.0,ภูเก็ต,1.0,0.833,car,2,4,False,,423,1,265,267.7
plate_02982.jpg,cnn,ณข,0.9874,True,per-letter,,1975,1.0,ภูเก็ต,1.0,0.833,car,2,4,False,,423,1,265,2.2
plate_02982.jpg,tesseract,?ข,0.0,False,per-letter,,1975,1.0,ภูเก็ต,1.0,0.833,car,2,4,True,,423,1,265,199.6
plate_02982.jpg,paddle,ณซ,0.5151,True,per-letter,,1975,1.0,ภูเก็ต,1.0,0.833,car,2,4,True,,423,1,265,151.8
plate_02982.jpg,easyocr+cnn,ณข,0.8201,True,per-letter,easyocr=กข|cnn=ณข,1975,1.0,ภูเก็ต,1.0,0.833,car,2,4,False,,423,1,265,270.0
plate_02982.jpg,cnn+paddle,ณข,0.8031,True,per-letter,cnn=ณข|paddle=ณซ,1975,1.0,ภูเก็ต,1.0,0.833,car,2,4,False,,423,1,265,154.0
plate_02982.jpg,easyocr+cnn+paddle,ณข,0.7492,True,per-letter,easyocr=กข|cnn=ณข|paddle=ณซ,1975,1.0,ภูเก็ต,1.0,0.833,car,2,4,False,,423,1,265,421.7
plate_02982.jpg,easyocr+cnn+tesseract+paddle,ณข,0.7597,True,per-letter,easyocr=กข|cnn=ณข|tesseract=กข|paddle=ณซ,1975,1.0,ภูเก็ต,1.0,0.833,car,2,4,False,,423,1,265,621.4
plate_02990.jpg,group,กป,0.0084,True,whole crop,,4081,0.998,ภูเก็ต,0.676,0.25,car,2,1,True,,246,1,237,79.9
plate_02990.jpg,easyocr,รป,0.933,True,per-letter,,4081,0.998,ภูเก็ต,0.676,0.25,car,2,1,True,,246,1,237,245.6
plate_02990.jpg,cnn,ณข,0.6465,True,per-letter,,4081,0.998,ภูเก็ต,0.676,0.25,car,2,1,True,,246,1,237,2.3
plate_02990.jpg,tesseract,งจ,0.8501,True,per-letter,,4081,0.998,ภูเก็ต,0.676,0.25,car,2,1,True,,246,1,237,197.2
plate_02990.jpg,paddle,กซ,0.5185,True,per-letter,,4081,0.998,ภูเก็ต,0.676,0.25,car,2,1,True,,246,1,237,152.8
plate_02990.jpg,easyocr+cnn,ณข,0.4946,True,per-letter,easyocr=รป|cnn=ณข,4081,0.998,ภูเก็ต,0.676,0.25,car,2,1,True,,246,1,237,247.9
plate_02990.jpg,cnn+paddle,ณซ,0.3434,True,per-letter,cnn=ณข|paddle=กซ,4081,0.998,ภูเก็ต,0.676,0.25,car,2,1,True,,246,1,237,155.1
plate_02990.jpg,easyocr+cnn+paddle,ณซ,0.2805,True,per-letter,easyocr=รป|cnn=ณข|paddle=กซ,4081,0.998,ภูเก็ต,0.676,0.25,car,2,1,True,,246,1,237,400.7
plate_02990.jpg,easyocr+cnn+tesseract+paddle,ณซ,0.2802,True,per-letter,easyocr=รป|cnn=ณข|tesseract=งจ|paddle=กซ,4081,0.998,ภูเก็ต,0.676,0.25,car,2,1,True,,246,1,237,597.9
plate_03016.jpg,group,กฎ,0.2948,True,whole crop,,4040,0.567,กรุงเทพมหานคร,1.0,0.96,car,2,4,True,,192,1,313,77.7
plate_03016.jpg,easyocr,กฎ,0.8936,True,per-letter,,4040,0.567,กรุงเทพมหานคร,1.0,0.96,car,2,4,True,,192,1,313,271.7
plate_03016.jpg,cnn,กฎ,0.9954,True,per-letter,,4040,0.567,กรุงเทพมหานคร,1.0,0.96,car,2,4,True,,192,1,313,1.9
plate_03016.jpg,tesseract,กฎ,0.9421,True,per-letter,,4040,0.567,กรุงเทพมหานคร,1.0,0.96,car,2,4,True,,192,1,313,184.7
plate_03016.jpg,paddle,กป,0.5592,True,per-letter,,4040,0.567,กรุงเทพมหานคร,1.0,0.96,car,2,4,True,,192,1,313,151.5
plate_03016.jpg,easyocr+cnn,กฎ,0.9637,True,per-letter,easyocr=กฎ|cnn=กฎ,4040,0.567,กรุงเทพมหานคร,1.0,0.96,car,2,4,True,,192,1,313,273.6
plate_03016.jpg,cnn+paddle,กฎ,0.945,True,per-letter,cnn=กฎ|paddle=ก0,4040,0.567,กรุงเทพมหานคร,1.0,0.96,car,2,4,True,,192,1,313,153.4
plate_03016.jpg,easyocr+cnn+paddle,กฎ,0.9491,True,per-letter,easyocr=กฎ|cnn=กฎ|paddle=ก0,4040,0.567,กรุงเทพมหานคร,1.0,0.96,car,2,4,True,,192,1,313,425.1
plate_03016.jpg,easyocr+cnn+tesseract+paddle,กฎ,0.9491,True,per-letter,easyocr=กฎ|cnn=กฎ|tesseract=กฎ|paddle=ก0,4040,0.567,กรุงเทพมหานคร,1.0,0.96,car,2,4,True,,192,1,313,609.8
plate_03041.jpg,group,กค,0.5665,True,whole crop,,9898,0.999,สุรินทร์,1.0,0.941,car,2,4,True,,273,1,273,79.5
plate_03041.jpg,easyocr,กค,0.9732,True,per-letter,,9898,0.999,สุรินทร์,1.0,0.941,car,2,4,False,,273,1,273,281.1
plate_03041.jpg,cnn,กค,0.9783,True,per-letter,,9898,0.999,สุรินทร์,1.0,0.941,car,2,4,False,,273,1,273,3.4
plate_03041.jpg,tesseract,กด,0.9856,True,per-letter,,9898,0.999,สุรินทร์,1.0,0.941,car,2,4,False,,273,1,273,159.3
plate_03041.jpg,paddle,กค,0.9867,True,per-letter,,9898,0.999,สุรินทร์,1.0,0.941,car,2,4,False,,273,1,273,152.8
plate_03041.jpg,easyocr+cnn,กค,0.9766,True,per-letter,easyocr=กค|cnn=กค,9898,0.999,สุรินทร์,1.0,0.941,car,2,4,False,,273,1,273,284.5
plate_03041.jpg,cnn+paddle,กค,0.9813,True,per-letter,cnn=กค|paddle=กค,9898,0.999,สุรินทร์,1.0,0.941,car,2,4,False,,273,1,273,156.1
plate_03041.jpg,easyocr+cnn+paddle,กค,0.9793,True,per-letter,easyocr=กค|cnn=กค|paddle=กค,9898,0.999,สุรินทร์,1.0,0.941,car,2,4,False,,273,1,273,437.2
plate_03041.jpg,easyocr+cnn+tesseract+paddle,กค,0.9164,True,per-letter,easyocr=กค|cnn=กค|tesseract=กด|paddle=กค,9898,0.999,สุรินทร์,1.0,0.941,car,2,4,False,,273,1,273,596.5
plate_03169.jpg,group,ท,0.2089,True,whole crop,,1,0.726,เลย,0.799,0.0,motorcycle,1,1,True,,203,1,233,80.5
plate_03169.jpg,easyocr,ก,0.4565,True,per-letter,,1,0.726,เลย,0.799,0.0,motorcycle,1,1,True,,203,1,233,115.4
plate_03169.jpg,cnn,ก,0.8126,True,per-letter,,1,0.726,เลย,0.799,0.0,motorcycle,1,1,True,,203,1,233,1.5
plate_03169.jpg,tesseract,?,0.0,False,per-letter,,1,0.726,เลย,0.799,0.0,motorcycle,1,1,True,,203,1,233,77.5
plate_03169.jpg,paddle,ท,0.9751,True,per-letter,,1,0.726,เลย,0.799,0.0,motorcycle,1,1,True,,203,1,233,79.0
plate_03169.jpg,easyocr+cnn,ก,0.7616,True,per-letter,easyocr=ล|cnn=ก,1,0.726,เลย,0.799,0.0,motorcycle,1,1,True,,203,1,233,116.9
plate_03169.jpg,cnn+paddle,ท,0.7467,True,per-letter,cnn=ก|paddle=ท,1,0.726,เลย,0.799,0.0,motorcycle,1,1,True,,203,1,233,80.6
plate_03169.jpg,easyocr+cnn+paddle,ท,0.7047,True,per-letter,easyocr=ล|cnn=ก|paddle=ท,1,0.726,เลย,0.799,0.0,motorcycle,1,1,True,,203,1,233,195.9
plate_03169.jpg,easyocr+cnn+tesseract+paddle,ท,0.7014,True,per-letter,easyocr=ล|cnn=ก|tesseract=ก|paddle=ท,1,0.726,เลย,0.799,0.0,motorcycle,1,1,True,,203,1,233,273.4
plate_03198.jpg,group,5ก,0.7277,True,whole crop,,5727,0.951,กรุงเทพมหานคร,1.0,0.8,car,1,1,True,,207,1,242,78.0
plate_03198.jpg,easyocr,5ก,0.7277,True,"whole crop, fallback",,5727,0.951,กรุงเทพมหานคร,1.0,0.8,car,1,1,True,,207,1,242,78.0
plate_03198.jpg,cnn,5ก,0.7277,True,"whole crop, fallback",,5727,0.951,กรุงเทพมหานคร,1.0,0.8,car,1,1,True,,207,1,242,78.0
plate_03198.jpg,tesseract,5ก,0.7277,True,"whole crop, fallback",,5727,0.951,กรุงเทพมหานคร,1.0,0.8,car,1,1,True,,207,1,242,78.0
plate_03198.jpg,paddle,5ก,0.7277,True,"whole crop, fallback",,5727,0.951,กรุงเทพมหานคร,1.0,0.8,car,1,1,True,,207,1,242,78.0
plate_03198.jpg,easyocr+cnn,5ก,0.7277,True,"whole crop, fallback",,5727,0.951,กรุงเทพมหานคร,1.0,0.8,car,1,1,True,,207,1,242,78.0
plate_03198.jpg,cnn+paddle,5ก,0.7277,True,"whole crop, fallback",,5727,0.951,กรุงเทพมหานคร,1.0,0.8,car,1,1,True,,207,1,242,78.0
plate_03198.jpg,easyocr+cnn+paddle,5ก,0.7277,True,"whole crop, fallback",,5727,0.951,กรุงเทพมหานคร,1.0,0.8,car,1,1,True,,207,1,242,78.0
plate_03198.jpg,easyocr+cnn+tesseract+paddle,5ก,0.7277,True,"whole crop, fallback",,5727,0.951,กรุงเทพมหานคร,1.0,0.8,car,1,1,True,,207,1,242,78.0
plate_03267.jpg,group,6กอ,0.304,True,whole crop,,3663,0.999,กรุงเทพมหานคร,1.0,0.917,car,3,4,True,,296,1,266,82.7
plate_03267.jpg,easyocr,6กอ,0.9999,True,per-letter,,3663,0.999,กรุงเทพมหานคร,1.0,0.917,car,3,4,False,,296,1,266,328.5
plate_03267.jpg,cnn,6กอ,0.9956,True,per-letter,,3663,0.999,กรุงเทพมหานคร,1.0,0.917,car,3,4,False,,296,1,266,2.5
plate_03267.jpg,tesseract,6กอ,0.9953,True,per-letter,,3663,0.999,กรุงเทพมหานคร,1.0,0.917,car,3,4,False,,296,1,266,299.0
plate_03267.jpg,paddle,6กอ,0.9991,True,per-letter,,3663,0.999,กรุงเทพมหานคร,1.0,0.917,car,3,4,False,,296,1,266,236.5
plate_03267.jpg,easyocr+cnn,6กอ,0.9971,True,per-letter,easyocr=6กอ|cnn=6กอ,3663,0.999,กรุงเทพมหานคร,1.0,0.917,car,3,4,False,,296,1,266,331.0
plate_03267.jpg,cnn+paddle,6กอ,0.997,True,per-letter,cnn=6กอ|paddle=6กอ,3663,0.999,กรุงเทพมหานคร,1.0,0.917,car,3,4,False,,296,1,266,238.9
plate_03267.jpg,easyocr+cnn+paddle,6กอ,0.9978,True,per-letter,easyocr=6กอ|cnn=6กอ|paddle=6กอ,3663,0.999,กรุงเทพมหานคร,1.0,0.917,car,3,4,False,,296,1,266,567.5
plate_03267.jpg,easyocr+cnn+tesseract+paddle,6กอ,0.9975,True,per-letter,easyocr=6กอ|cnn=6กอ|tesseract=6กอ|paddle=6กอ,3663,0.999,กรุงเทพมหานคร,1.0,0.917,car,3,4,False,,296,1,266,866.5
plate_03299.jpg,group,กจ,0.9163,True,whole crop,,7733,0.897,สุราษฎร์ธานี,1.0,0.353,car,2,4,True,,459,1,268,85.4
plate_03299.jpg,easyocr,กจ,0.9995,True,per-letter,,7733,0.897,สุราษฎร์ธานี,1.0,0.353,car,2,4,True,,459,1,268,261.0
plate_03299.jpg,cnn,กจ,0.9949,True,per-letter,,7733,0.897,สุราษฎร์ธานี,1.0,0.353,car,2,4,True,,459,1,268,1.9
plate_03299.jpg,tesseract,กจ,0.999,True,per-letter,,7733,0.897,สุราษฎร์ธานี,1.0,0.353,car,2,4,True,,459,1,268,193.9
plate_03299.jpg,paddle,กจ,0.9919,True,per-letter,,7733,0.897,สุราษฎร์ธานี,1.0,0.353,car,2,4,True,,459,1,268,155.7
plate_03299.jpg,easyocr+cnn,กจ,0.9965,True,per-letter,easyocr=กจ|cnn=กจ,7733,0.897,สุราษฎร์ธานี,1.0,0.353,car,2,4,True,,459,1,268,263.0
plate_03299.jpg,cnn+paddle,กจ,0.9959,True,per-letter,cnn=กจ|paddle=กจ,7733,0.897,สุราษฎร์ธานี,1.0,0.353,car,2,4,True,,459,1,268,157.6
plate_03299.jpg,easyocr+cnn+paddle,กจ,0.9968,True,per-letter,easyocr=กจ|cnn=กจ|paddle=กจ,7733,0.897,สุราษฎร์ธานี,1.0,0.353,car,2,4,True,,459,1,268,418.6
plate_03299.jpg,easyocr+cnn+tesseract+paddle,กจ,0.997,True,per-letter,easyocr=กจ|cnn=กจ|tesseract=กจ|paddle=กจ,7733,0.897,สุราษฎร์ธานี,1.0,0.353,car,2,4,True,,459,1,268,612.6
plate_03347.jpg,group,ปพ,0.2385,True,whole crop,,2727,0.998,เชียงใหม่,1.0,0.889,car,2,4,True,,552,1,271,78.6
plate_03347.jpg,easyocr,จอ,0.1328,True,per-letter,,2727,0.998,เชียงใหม่,1.0,0.889,car,2,4,True,,552,1,271,257.5
plate_03347.jpg,cnn,ขพ,0.9666,True,per-letter,,2727,0.998,เชียงใหม่,1.0,0.889,car,2,4,False,,552,1,271,2.1
plate_03347.jpg,tesseract,ซฟ,0.9435,True,per-letter,,2727,0.998,เชียงใหม่,1.0,0.889,car,2,4,False,,552,1,271,229.0
plate_03347.jpg,paddle,ซพ,0.9518,True,per-letter,,2727,0.998,เชียงใหม่,1.0,0.889,car,2,4,False,,552,1,271,209.1
plate_03347.jpg,easyocr+cnn,ขพ,0.897,True,per-letter,easyocr=สอ|cnn=ขพ,2727,0.998,เชียงใหม่,1.0,0.889,car,2,4,False,,552,1,271,259.5
plate_03347.jpg,cnn+paddle,ขพ,0.6399,True,per-letter,cnn=ขพ|paddle=ซพ,2727,0.998,เชียงใหม่,1.0,0.889,car,2,4,True,,552,1,271,211.1
plate_03347.jpg,easyocr+cnn+paddle,ขพ,0.6349,True,per-letter,easyocr=สอ|cnn=ขพ|paddle=ซพ,2727,0.998,เชียงใหม่,1.0,0.889,car,2,4,True,,552,1,271,468.6
plate_03347.jpg,easyocr+cnn+tesseract+paddle,ขพ,0.5685,True,per-letter,easyocr=สอ|cnn=ขพ|tesseract=ซฟ|paddle=ซพ,2727,0.998,เชียงใหม่,1.0,0.889,car,2,4,True,,552,1,271,697.6
plate_03415.jpg,group,กว,0.53,True,whole crop,,4747,0.989,สุราษฎร์ธานี,1.0,0.917,car,2,4,True,,399,1,266,79.1
plate_03415.jpg,easyocr,กว,1.0,True,per-letter,,4747,0.989,สุราษฎร์ธานี,1.0,0.917,car,2,4,False,,399,1,266,262.4
plate_03415.jpg,cnn,กว,0.9836,True,per-letter,,4747,0.989,สุราษฎร์ธานี,1.0,0.917,car,2,4,False,,399,1,266,1.7
plate_03415.jpg,tesseract,กจ,0.9982,True,per-letter,,4747,0.989,สุราษฎร์ธานี,1.0,0.917,car,2,4,False,,399,1,266,212.6
plate_03415.jpg,paddle,กว,0.6504,True,per-letter,,4747,0.989,สุราษฎร์ธานี,1.0,0.917,car,2,4,True,,399,1,266,154.0
plate_03415.jpg,easyocr+cnn,กว,0.9895,True,per-letter,easyocr=กว|cnn=กว,4747,0.989,สุราษฎร์ธานี,1.0,0.917,car,2,4,False,,399,1,266,264.0
plate_03415.jpg,cnn+paddle,กว,0.9023,True,per-letter,cnn=กว|paddle=กว,4747,0.989,สุราษฎร์ธานี,1.0,0.917,car,2,4,False,,399,1,266,155.7
plate_03415.jpg,easyocr+cnn+paddle,กว,0.9312,True,per-letter,easyocr=กว|cnn=กว|paddle=กว,4747,0.989,สุราษฎร์ธานี,1.0,0.917,car,2,4,False,,399,1,266,418.0
plate_03415.jpg,easyocr+cnn+tesseract+paddle,กว,0.88,True,per-letter,easyocr=กว|cnn=กว|tesseract=กจ|paddle=กว,4747,0.989,สุราษฎร์ธานี,1.0,0.917,car,2,4,False,,399,1,266,630.6
plate_03444.jpg,group,,0.0,False,whole crop,,0239,0.989,กรุงเทพมหานคร,1.0,0.917,car,2,4,True,,346,1,268,79.5
plate_03444.jpg,easyocr,1ม,0.5957,True,per-letter,,0239,0.989,กรุงเทพมหานคร,1.0,0.917,car,2,4,True,,346,1,268,295.7
plate_03444.jpg,cnn,1ฬ,0.3919,True,per-letter,,0239,0.989,กรุงเทพมหานคร,1.0,0.917,car,2,4,True,,346,1,268,2.0
plate_03444.jpg,tesseract,ลฬ,0.8324,True,per-letter,,0239,0.989,กรุงเทพมหานคร,1.0,0.917,car,2,4,False,,346,1,268,208.4
plate_03444.jpg,paddle,7ฟ,0.1691,True,per-letter,,0239,0.989,กรุงเทพมหานคร,1.0,0.917,car,2,4,True,,346,1,268,249.8
plate_03444.jpg,easyocr+cnn,1ฬ,0.3127,True,per-letter,easyocr=1ม|cnn=กฬ,0239,0.989,กรุงเทพมหานคร,1.0,0.917,car,2,4,True,,346,1,268,297.7
plate_03444.jpg,cnn+paddle,1ฬ,0.2942,True,per-letter,cnn=กฬ|paddle=7ฟ,0239,0.989,กรุงเทพมหานคร,1.0,0.917,car,2,4,True,,346,1,268,251.9
plate_03444.jpg,easyocr+cnn+paddle,1ฬ,0.2793,True,per-letter,easyocr=1ม|cnn=กฬ|paddle=7ฟ,0239,0.989,กรุงเทพมหานคร,1.0,0.917,car,2,4,True,,346,1,268,547.5
plate_03444.jpg,easyocr+cnn+tesseract+paddle,1ฬ,0.2919,True,per-letter,easyocr=1ม|cnn=กฬ|tesseract=ลฬ|paddle=7ฟ,0239,0.989,กรุงเทพมหานคร,1.0,0.917,car,2,4,True,,346,1,268,755.9
plate_03479.jpg,group,ซ,0.1563,True,whole crop,,,0.0,เลย,0.656,0.0,car,1,1,True,,218,1,239,83.9
plate_03479.jpg,easyocr,ร,0.3542,True,per-letter,,,0.0,เลย,0.656,0.0,car,1,1,True,,218,1,239,114.2
plate_03479.jpg,cnn,ม,0.5889,True,per-letter,,,0.0,เลย,0.656,0.0,car,1,1,True,,218,1,239,1.2
plate_03479.jpg,tesseract,?,0.0,False,per-letter,,,0.0,เลย,0.656,0.0,car,1,1,True,,218,1,239,110.4
plate_03479.jpg,paddle,อ,0.5242,True,per-letter,,,0.0,เลย,0.656,0.0,car,1,1,True,,218,1,239,75.9
plate_03479.jpg,easyocr+cnn,ม,0.4599,True,per-letter,easyocr=ก|cnn=ม,,0.0,เลย,0.656,0.0,car,1,1,True,,218,1,239,115.4
plate_03479.jpg,cnn+paddle,ม,0.4839,True,per-letter,cnn=ม|paddle=อ,,0.0,เลย,0.656,0.0,car,1,1,True,,218,1,239,77.1
plate_03479.jpg,easyocr+cnn+paddle,ม,0.4621,True,per-letter,easyocr=ก|cnn=ม|paddle=อ,,0.0,เลย,0.656,0.0,car,1,1,True,,218,1,239,191.3
plate_03479.jpg,easyocr+cnn+tesseract+paddle,ม,0.4584,True,per-letter,easyocr=ก|cnn=ม|tesseract=ก|paddle=อ,,0.0,เลย,0.656,0.0,car,1,1,True,,218,1,239,301.7
plate_03552.jpg,group,ทซ,0.0508,True,whole crop,,5925,0.637,น่าน,0.353,0.0,car,1,4,True,,363,1,314,73.6
plate_03552.jpg,easyocr,ก,0.9829,True,per-letter,,5925,0.637,น่าน,0.353,0.0,car,1,4,True,,363,1,314,99.4
plate_03552.jpg,cnn,ก,0.8735,True,per-letter,,5925,0.637,น่าน,0.353,0.0,car,1,4,True,,363,1,314,2.3
plate_03552.jpg,tesseract,ฑ,0.9926,True,per-letter,,5925,0.637,น่าน,0.353,0.0,car,1,4,True,,363,1,314,136.9
plate_03552.jpg,paddle,ท,0.5058,True,per-letter,,5925,0.637,น่าน,0.353,0.0,car,1,4,True,,363,1,314,71.3
plate_03552.jpg,easyocr+cnn,ก,0.9335,True,per-letter,easyocr=ก|cnn=ก,5925,0.637,น่าน,0.353,0.0,car,1,4,True,,363,1,314,101.7
plate_03552.jpg,cnn+paddle,ก,0.467,True,per-letter,cnn=ก|paddle=ท,5925,0.637,น่าน,0.353,0.0,car,1,4,True,,363,1,314,73.6
plate_03552.jpg,easyocr+cnn+paddle,ก,0.6386,True,per-letter,easyocr=ก|cnn=ก|paddle=ท,5925,0.637,น่าน,0.353,0.0,car,1,4,True,,363,1,314,173.1
plate_03552.jpg,easyocr+cnn+tesseract+paddle,ก,0.6677,True,per-letter,easyocr=ก|cnn=ก|tesseract=ฑ|paddle=ท,5925,0.637,น่าน,0.353,0.0,car,1,4,True,,363,1,314,310.0
plate_03600.jpg,group,80,0.0497,True,whole crop,,7,0.251,เลย,0.99,0.0,motorcycle,2,1,True,,172,1,240,79.9
plate_03600.jpg,easyocr,80,0.0497,True,"whole crop, fallback",,7,0.251,เลย,0.99,0.0,motorcycle,2,1,True,,172,1,240,79.9
plate_03600.jpg,cnn,80,0.0497,True,"whole crop, fallback",,7,0.251,เลย,0.99,0.0,motorcycle,2,1,True,,172,1,240,79.9
plate_03600.jpg,tesseract,80,0.0497,True,"whole crop, fallback",,7,0.251,เลย,0.99,0.0,motorcycle,2,1,True,,172,1,240,79.9
plate_03600.jpg,paddle,80,0.0497,True,"whole crop, fallback",,7,0.251,เลย,0.99,0.0,motorcycle,2,1,True,,172,1,240,79.9
plate_03600.jpg,easyocr+cnn,80,0.0497,True,"whole crop, fallback",,7,0.251,เลย,0.99,0.0,motorcycle,2,1,True,,172,1,240,79.9
plate_03600.jpg,cnn+paddle,80,0.0497,True,"whole crop, fallback",,7,0.251,เลย,0.99,0.0,motorcycle,2,1,True,,172,1,240,79.9
plate_03600.jpg,easyocr+cnn+paddle,80,0.0497,True,"whole crop, fallback",,7,0.251,เลย,0.99,0.0,motorcycle,2,1,True,,172,1,240,79.9
plate_03600.jpg,easyocr+cnn+tesseract+paddle,80,0.0497,True,"whole crop, fallback",,7,0.251,เลย,0.99,0.0,motorcycle,2,1,True,,172,1,240,79.9
plate_03611.jpg,group,กจ,0.4136,True,whole crop,,888,0.344,อ่างทอง,1.0,0.923,car,2,4,True,,216,1,318,79.0
plate_03611.jpg,easyocr,กจ,0.9999,True,per-letter,,888,0.344,อ่างทอง,1.0,0.923,car,2,4,True,,216,1,318,323.1
plate_03611.jpg,cnn,กจ,0.9692,True,per-letter,,888,0.344,อ่างทอง,1.0,0.923,car,2,4,True,,216,1,318,3.4
plate_03611.jpg,tesseract,กจ,0.9969,True,per-letter,,888,0.344,อ่างทอง,1.0,0.923,car,2,4,True,,216,1,318,157.8
plate_03611.jpg,paddle,กจ,0.9826,True,per-letter,,888,0.344,อ่างทอง,1.0,0.923,car,2,4,True,,216,1,318,151.8
plate_03611.jpg,easyocr+cnn,กจ,0.9802,True,per-letter,easyocr=กจ|cnn=กจ,888,0.344,อ่างทอง,1.0,0.923,car,2,4,True,,216,1,318,326.6
plate_03611.jpg,cnn+paddle,กจ,0.98,True,per-letter,cnn=กจ|paddle=กจ,888,0.344,อ่างทอง,1.0,0.923,car,2,4,True,,216,1,318,155.2
plate_03611.jpg,easyocr+cnn+paddle,กจ,0.9853,True,per-letter,easyocr=กจ|cnn=กจ|paddle=กจ,888,0.344,อ่างทอง,1.0,0.923,car,2,4,True,,216,1,318,478.4
plate_03611.jpg,easyocr+cnn+tesseract+paddle,กจ,0.9863,True,per-letter,easyocr=กจ|cnn=กจ|tesseract=กจ|paddle=กจ,888,0.344,อ่างทอง,1.0,0.923,car,2,4,True,,216,1,318,636.2
plate_03621.jpg,group,พท,0.0072,True,whole crop,,8888,0.924,น่าน,0.311,0.0,car,2,1,True,,205,1,244,78.3
plate_03621.jpg,easyocr,ฝป,0.3714,True,per-letter,,8888,0.924,น่าน,0.311,0.0,car,2,1,True,,205,1,244,330.6
plate_03621.jpg,cnn,5ษ,0.2339,True,per-letter,,8888,0.924,น่าน,0.311,0.0,car,2,1,True,,205,1,244,4.1
plate_03621.jpg,tesseract,ง?,0.0,False,per-letter,,8888,0.924,น่าน,0.311,0.0,car,2,1,True,,205,1,244,212.7
plate_03621.jpg,paddle,พซ,0.9066,True,per-letter,,8888,0.924,น่าน,0.311,0.0,car,2,1,True,,205,1,244,139.2
plate_03621.jpg,easyocr+cnn,ฝป,0.2085,True,per-letter,easyocr=ฝป|cnn=5ษ,8888,0.924,น่าน,0.311,0.0,car,2,1,True,,205,1,244,334.6
plate_03621.jpg,cnn+paddle,พซ,0.5069,True,per-letter,cnn=5ษ|paddle=พซ,8888,0.924,น่าน,0.311,0.0,car,2,1,True,,205,1,244,143.2
plate_03621.jpg,easyocr+cnn+paddle,พซ,0.3551,True,per-letter,easyocr=ฝป|cnn=5ษ|paddle=พซ,8888,0.924,น่าน,0.311,0.0,car,2,1,True,,205,1,244,473.8
plate_03621.jpg,easyocr+cnn+tesseract+paddle,พซ,0.3386,True,per-letter,easyocr=ฝป|cnn=5ษ|tesseract=งก|paddle=พซ,8888,0.924,น่าน,0.311,0.0,car,2,1,True,,205,1,244,686.5
plate_03625.jpg,group,ซ,0.219,True,whole crop,,0992,0.417,กรุงเทพมหานคร,1.0,0.769,car,1,4,True,,407,1,268,78.3
plate_03625.jpg,easyocr,บ,0.5443,True,per-letter,,0992,0.417,กรุงเทพมหานคร,1.0,0.769,car,1,4,True,,407,1,268,122.8
plate_03625.jpg,cnn,ข,0.5286,True,per-letter,,0992,0.417,กรุงเทพมหานคร,1.0,0.769,car,1,4,True,,407,1,268,1.2
plate_03625.jpg,tesseract,ย,0.9661,True,per-letter,,0992,0.417,กรุงเทพมหานคร,1.0,0.769,car,1,4,True,,407,1,268,102.2
plate_03625.jpg,paddle,ป,0.7052,True,per-letter,,0992,0.417,กรุงเทพมหานคร,1.0,0.769,car,1,4,True,,407,1,268,78.6
plate_03625.jpg,easyocr+cnn,ป,0.373,True,per-letter,easyocr=บ|cnn=ข,0992,0.417,กรุงเทพมหานคร,1.0,0.769,car,1,4,True,,407,1,268,124.0
plate_03625.jpg,cnn+paddle,ป,0.5907,True,per-letter,cnn=ข|paddle=ป,0992,0.417,กรุงเทพมหานคร,1.0,0.769,car,1,4,True,,407,1,268,79.9
plate_03625.jpg,easyocr+cnn+paddle,ป,0.6357,True,per-letter,easyocr=บ|cnn=ข|paddle=ป,0992,0.417,กรุงเทพมหานคร,1.0,0.769,car,1,4,True,,407,1,268,202.6
plate_03625.jpg,easyocr+cnn+tesseract+paddle,ป,0.647,True,per-letter,easyocr=บ|cnn=ข|tesseract=ย|paddle=ป,0992,0.417,กรุงเทพมหานคร,1.0,0.769,car,1,4,True,,407,1,268,304.9
plate_03636.jpg,group,ซ,0.4311,True,whole crop,,0687,0.716,กรุงเทพมหานคร,0.973,0.267,car,1,4,True,,302,1,267,80.9
plate_03636.jpg,easyocr,บ,0.7898,True,per-letter,,0687,0.716,กรุงเทพมหานคร,0.973,0.267,car,1,4,True,,302,1,267,99.7
plate_03636.jpg,cnn,ย,0.9945,True,per-letter,,0687,0.716,กรุงเทพมหานคร,0.973,0.267,car,1,4,True,,302,1,267,1.3
plate_03636.jpg,tesseract,ย,0.9978,True,per-letter,,0687,0.716,กรุงเทพมหานคร,0.973,0.267,car,1,4,True,,302,1,267,74.2
plate_03636.jpg,paddle,ซ,0.8711,True,per-letter,,0687,0.716,กรุงเทพมหานคร,0.973,0.267,car,1,4,True,,302,1,267,79.9
plate_03636.jpg,easyocr+cnn,ย,0.7793,True,per-letter,easyocr=บ|cnn=ย,0687,0.716,กรุงเทพมหานคร,0.973,0.267,car,1,4,True,,302,1,267,101.0
plate_03636.jpg,cnn+paddle,ย,0.6658,True,per-letter,cnn=ย|paddle=ซ,0687,0.716,กรุงเทพมหานคร,0.973,0.267,car,1,4,True,,302,1,267,81.2
plate_03636.jpg,easyocr+cnn+paddle,ย,0.5934,True,per-letter,easyocr=บ|cnn=ย|paddle=ซ,0687,0.716,กรุงเทพมหานคร,0.973,0.267,car,1,4,True,,302,1,267,180.9
plate_03636.jpg,easyocr+cnn+tesseract+paddle,ย,0.6422,True,per-letter,easyocr=บ|cnn=ย|tesseract=ย|paddle=ซ,0687,0.716,กรุงเทพมหานคร,0.973,0.267,car,1,4,True,,302,1,267,255.2
plate_03638.jpg,group,อ,0.0754,True,whole crop,,5555,0.458,กรุงเทพมหานคร,1.0,0.8,car,1,4,True,,251,1,282,77.7
plate_03638.jpg,easyocr,ธ,0.9935,True,per-letter,,5555,0.458,กรุงเทพมหานคร,1.0,0.8,car,1,4,True,,251,1,282,125.2
plate_03638.jpg,cnn,ธ,0.9973,True,per-letter,,5555,0.458,กรุงเทพมหานคร,1.0,0.8,car,1,4,True,,251,1,282,1.3
plate_03638.jpg,tesseract,?,0.0,False,per-letter,,5555,0.458,กรุงเทพมหานคร,1.0,0.8,car,1,4,True,,251,1,282,250.4
plate_03638.jpg,paddle,ธ,0.6976,True,per-letter,,5555,0.458,กรุงเทพมหานคร,1.0,0.8,car,1,4,True,,251,1,282,77.5
plate_03638.jpg,easyocr+cnn,ธ,0.9973,True,per-letter,easyocr=ธ|cnn=ธ,5555,0.458,กรุงเทพมหานคร,1.0,0.8,car,1,4,True,,251,1,282,126.5
plate_03638.jpg,cnn+paddle,ธ,0.9019,True,per-letter,cnn=ธ|paddle=ธ,5555,0.458,กรุงเทพมหานคร,1.0,0.8,car,1,4,True,,251,1,282,78.8
plate_03638.jpg,easyocr+cnn+paddle,ธ,0.9265,True,per-letter,easyocr=ธ|cnn=ธ|paddle=ธ,5555,0.458,กรุงเทพมหานคร,1.0,0.8,car,1,4,True,,251,1,282,204.1
plate_03638.jpg,easyocr+cnn+tesseract+paddle,ธ,0.921,True,per-letter,easyocr=ธ|cnn=ธ|tesseract=ก|paddle=ธ,5555,0.458,กรุงเทพมหานคร,1.0,0.8,car,1,4,True,,251,1,282,454.5
plate_03661.jpg,group,ทพ,0.4362,True,whole crop,,888,0.595,ปัตตานี,0.109,0.0,car,2,3,True,,283,1,257,78.5
plate_03661.jpg,easyocr,กภ,0.6379,True,per-letter,,888,0.595,ปัตตานี,0.109,0.0,car,2,3,True,,283,1,257,386.1
plate_03661.jpg,cnn,กท,0.8603,True,per-letter,,888,0.595,ปัตตานี,0.109,0.0,car,2,3,True,,283,1,257,2.7
plate_03661.jpg,tesseract,??,0.0,False,per-letter,,888,0.595,ปัตตานี,0.109,0.0,car,2,3,True,,283,1,257,211.2
plate_03661.jpg,paddle,ปพ,0.4097,True,per-letter,,888,0.595,ปัตตานี,0.109,0.0,car,2,3,True,,283,1,257,318.3
plate_03661.jpg,easyocr+cnn,กท,0.7855,True,per-letter,easyocr=กภ|cnn=กท,888,0.595,ปัตตานี,0.109,0.0,car,2,3,True,,283,1,257,388.8
plate_03661.jpg,cnn+paddle,กท,0.4003,True,per-letter,cnn=กท|paddle=ปพ,888,0.595,ปัตตานี,0.109,0.0,car,2,3,True,,283,1,257,321.0
plate_03661.jpg,easyocr+cnn+paddle,กท,0.4273,True,per-letter,easyocr=กภ|cnn=กท|paddle=ปพ,888,0.595,ปัตตานี,0.109,0.0,car,2,3,True,,283,1,257,707.1
plate_03661.jpg,easyocr+cnn+tesseract+paddle,กท,0.4238,True,per-letter,easyocr=กภ|cnn=กท|tesseract=กก|paddle=ปพ,888,0.595,ปัตตานี,0.109,0.0,car,2,3,True,,283,1,257,918.2
plate_03677.jpg,group,3กพ,0.2557,True,whole crop,,5555,0.614,กรุงเทพมหานคร,1.0,0.75,car,3,4,True,,493,13,278,77.2
plate_03677.jpg,easyocr,3กท,0.251,True,per-letter,,5555,0.614,กรุงเทพมหานคร,1.0,0.75,car,3,4,True,,493,13,278,331.2
plate_03677.jpg,cnn,3กฬ,0.9754,True,per-letter,,5555,0.614,กรุงเทพมหานคร,1.0,0.75,car,3,4,True,,493,13,278,2.3
plate_03677.jpg,tesseract,?กห,0.0,False,per-letter,,5555,0.614,กรุงเทพมหานคร,1.0,0.75,car,3,4,True,,493,13,278,389.6
plate_03677.jpg,paddle,3กพ,0.9847,True,per-letter,,5555,0.614,กรุงเทพมหานคร,1.0,0.75,car,3,4,True,,493,13,278,231.7
plate_03677.jpg,easyocr+cnn,3กฬ,0.7287,True,per-letter,easyocr=4กท|cnn=3กฬ,5555,0.614,กรุงเทพมหานคร,1.0,0.75,car,3,4,True,,493,13,278,333.6
plate_03677.jpg,cnn+paddle,3กฬ,0.5659,True,per-letter,cnn=3กฬ|paddle=3กพ,5555,0.614,กรุงเทพมหานคร,1.0,0.75,car,3,4,True,,493,13,278,234.0
plate_03677.jpg,easyocr+cnn+paddle,3กฬ,0.4738,True,per-letter,easyocr=4กท|cnn=3กฬ|paddle=3กพ,5555,0.614,กรุงเทพมหานคร,1.0,0.75,car,3,4,True,,493,13,278,565.2
plate_03677.jpg,easyocr+cnn+tesseract+paddle,3กฬ,0.4659,True,per-letter,easyocr=4กท|cnn=3กฬ|tesseract=1กห|paddle=3กพ,5555,0.614,กรุงเทพมหานคร,1.0,0.75,car,3,4,True,,493,13,278,954.9
plate_03681.jpg,group,งฉ,0.8158,True,whole crop,,777,0.762,ชลบุรี,0.199,0.5,car,2,4,True,,369,1,291,76.3
plate_03681.jpg,easyocr,งฉ,1.0,True,per-letter,,777,0.762,ชลบุรี,0.199,0.5,car,2,4,True,,369,1,291,495.0
plate_03681.jpg,cnn,งฉ,0.9899,True,per-letter,,777,0.762,ชลบุรี,0.199,0.5,car,2,4,True,,369,1,291,2.2
plate_03681.jpg,tesseract,งฉ,0.9939,True,per-letter,,777,0.762,ชลบุรี,0.199,0.5,car,2,4,True,,369,1,291,151.5
plate_03681.jpg,paddle,งฉ,0.8434,True,per-letter,,777,0.762,ชลบุรี,0.199,0.5,car,2,4,True,,369,1,291,150.9
plate_03681.jpg,easyocr+cnn,งฉ,0.9934,True,per-letter,easyocr=งฉ|cnn=งฉ,777,0.762,ชลบุรี,0.199,0.5,car,2,4,True,,369,1,291,497.2
plate_03681.jpg,cnn+paddle,งฉ,0.952,True,per-letter,cnn=งฉ|paddle=งฉ,777,0.762,ชลบุรี,0.199,0.5,car,2,4,True,,369,1,291,153.1
plate_03681.jpg,easyocr+cnn+paddle,งฉ,0.9651,True,per-letter,easyocr=งฉ|cnn=งฉ|paddle=งฉ,777,0.762,ชลบุรี,0.199,0.5,car,2,4,True,,369,1,291,648.1
plate_03681.jpg,easyocr+cnn+tesseract+paddle,งฉ,0.9677,True,per-letter,easyocr=งฉ|cnn=งฉ|tesseract=งฉ|paddle=งฉ,777,0.762,ชลบุรี,0.199,0.5,car,2,4,True,,369,1,291,799.6
plate_03724.jpg,group,กบ,0.0254,True,whole crop,,444,0.893,น่าน,0.401,0.0,car,1,1,True,,202,1,238,80.9
plate_03724.jpg,easyocr,กบ,0.0254,True,"whole crop, fallback",,444,0.893,น่าน,0.401,0.0,car,1,1,True,,202,1,238,80.9
plate_03724.jpg,cnn,กบ,0.0254,True,"whole crop, fallback",,444,0.893,น่าน,0.401,0.0,car,1,1,True,,202,1,238,80.9
plate_03724.jpg,tesseract,กบ,0.0254,True,"whole crop, fallback",,444,0.893,น่าน,0.401,0.0,car,1,1,True,,202,1,238,80.9
plate_03724.jpg,paddle,กบ,0.0254,True,"whole crop, fallback",,444,0.893,น่าน,0.401,0.0,car,1,1,True,,202,1,238,80.9
plate_03724.jpg,easyocr+cnn,กบ,0.0254,True,"whole crop, fallback",,444,0.893,น่าน,0.401,0.0,car,1,1,True,,202,1,238,80.9
plate_03724.jpg,cnn+paddle,กบ,0.0254,True,"whole crop, fallback",,444,0.893,น่าน,0.401,0.0,car,1,1,True,,202,1,238,80.9
plate_03724.jpg,easyocr+cnn+paddle,กบ,0.0254,True,"whole crop, fallback",,444,0.893,น่าน,0.401,0.0,car,1,1,True,,202,1,238,80.9
plate_03724.jpg,easyocr+cnn+tesseract+paddle,กบ,0.0254,True,"whole crop, fallback",,444,0.893,น่าน,0.401,0.0,car,1,1,True,,202,1,238,80.9
plate_03781.jpg,group,ดข,0.1579,True,whole crop,,2355,1.0,ภูเก็ต,1.0,0.727,car,2,4,True,,527,2,321,77.5
plate_03781.jpg,easyocr,กข,0.9897,True,per-letter,,2355,1.0,ภูเก็ต,1.0,0.727,car,2,4,False,,527,2,321,339.1
plate_03781.jpg,cnn,ณข,0.77,True,per-letter,,2355,1.0,ภูเก็ต,1.0,0.727,car,2,4,False,,527,2,321,3.7
plate_03781.jpg,tesseract,ณข,0.9776,True,per-letter,,2355,1.0,ภูเก็ต,1.0,0.727,car,2,4,False,,527,2,321,169.0
plate_03781.jpg,paddle,กข,0.4217,True,per-letter,,2355,1.0,ภูเก็ต,1.0,0.727,car,2,4,True,,527,2,321,150.6
plate_03781.jpg,easyocr+cnn,ณข,0.507,True,per-letter,easyocr=กข|cnn=ณข,2355,1.0,ภูเก็ต,1.0,0.727,car,2,4,True,,527,2,321,342.8
plate_03781.jpg,cnn+paddle,ณข,0.6193,True,per-letter,cnn=ณข|paddle=ก2,2355,1.0,ภูเก็ต,1.0,0.727,car,2,4,True,,527,2,321,154.3
plate_03781.jpg,easyocr+cnn+paddle,กข,0.4531,True,per-letter,easyocr=กข|cnn=ณข|paddle=ก2,2355,1.0,ภูเก็ต,1.0,0.727,car,2,4,True,,527,2,321,493.4
plate_03781.jpg,easyocr+cnn+tesseract+paddle,ณข,0.4905,True,per-letter,easyocr=กข|cnn=ณข|tesseract=ณข|paddle=ก2,2355,1.0,ภูเก็ต,1.0,0.727,car,2,4,True,,527,2,321,662.4
plate_03799.jpg,group,3กฮ,0.698,True,whole crop,,1111,0.717,กรุงเทพมหานคร,1.0,0.96,car,1,4,True,,216,1,263,78.9
plate_03799.jpg,easyocr,3กฮ,0.698,True,"whole crop, fallback",,1111,0.717,กรุงเทพมหานคร,1.0,0.96,car,1,4,True,,216,1,263,78.9
plate_03799.jpg,cnn,3กฮ,0.698,True,"whole crop, fallback",,1111,0.717,กรุงเทพมหานคร,1.0,0.96,car,1,4,True,,216,1,263,78.9
plate_03799.jpg,tesseract,3กฮ,0.698,True,"whole crop, fallback",,1111,0.717,กรุงเทพมหานคร,1.0,0.96,car,1,4,True,,216,1,263,78.9
plate_03799.jpg,paddle,3กฮ,0.698,True,"whole crop, fallback",,1111,0.717,กรุงเทพมหานคร,1.0,0.96,car,1,4,True,,216,1,263,78.9
plate_03799.jpg,easyocr+cnn,3กฮ,0.698,True,"whole crop, fallback",,1111,0.717,กรุงเทพมหานคร,1.0,0.96,car,1,4,True,,216,1,263,78.9
plate_03799.jpg,cnn+paddle,3กฮ,0.698,True,"whole crop, fallback",,1111,0.717,กรุงเทพมหานคร,1.0,0.96,car,1,4,True,,216,1,263,78.9
plate_03799.jpg,easyocr+cnn+paddle,3กฮ,0.698,True,"whole crop, fallback",,1111,0.717,กรุงเทพมหานคร,1.0,0.96,car,1,4,True,,216,1,263,78.9
plate_03799.jpg,easyocr+cnn+tesseract+paddle,3กฮ,0.698,True,"whole crop, fallback",,1111,0.717,กรุงเทพมหานคร,1.0,0.96,car,1,4,True,,216,1,263,78.9
plate_03885.jpg,group,1กณ,0.412,True,whole crop,,8867,0.999,ฉะเชิงเทรา,1.0,0.8,motorcycle,3,4,True,,234,1,271,79.1
plate_03885.jpg,easyocr,1กก,0.8793,True,per-letter,,8867,0.999,ฉะเชิงเทรา,1.0,0.8,motorcycle,3,4,False,,234,1,271,404.0
plate_03885.jpg,cnn,1กญ,0.96,True,per-letter,,8867,0.999,ฉะเชิงเทรา,1.0,0.8,motorcycle,3,4,False,,234,1,271,5.0
plate_03885.jpg,tesseract,1กญ,0.7682,True,per-letter,,8867,0.999,ฉะเชิงเทรา,1.0,0.8,motorcycle,3,4,False,,234,1,271,471.5
plate_03885.jpg,paddle,1กญ,0.6073,True,per-letter,,8867,0.999,ฉะเชิงเทรา,1.0,0.8,motorcycle,3,4,True,,234,1,271,242.1
plate_03885.jpg,easyocr+cnn,1กญ,0.7187,True,per-letter,easyocr=1กก|cnn=1กญ,8867,0.999,ฉะเชิงเทรา,1.0,0.8,motorcycle,3,4,False,,234,1,271,409.0
plate_03885.jpg,cnn+paddle,1กญ,0.8487,True,per-letter,cnn=1กญ|paddle=1กญ,8867,0.999,ฉะเชิงเทรา,1.0,0.8,motorcycle,3,4,False,,234,1,271,247.1
plate_03885.jpg,easyocr+cnn+paddle,1กญ,0.7071,True,per-letter,easyocr=1กก|cnn=1กญ|paddle=1กญ,8867,0.999,ฉะเชิงเทรา,1.0,0.8,motorcycle,3,4,False,,234,1,271,651.1
plate_03885.jpg,easyocr+cnn+tesseract+paddle,1กญ,0.7239,True,per-letter,easyocr=1กก|cnn=1กญ|tesseract=1กญ|paddle=1กญ,8867,0.999,ฉะเชิงเทรา,1.0,0.8,motorcycle,3,4,False,,234,1,271,1122.6
plate_03976.jpg,group,,,,,,,,,,,,,,,PlateNotFound: could not find the large characters of the top line,,,,
plate_03976.jpg,easyocr,,,,,,,,,,,,,,,PlateNotFound: could not find the large characters of the top line,,,,
plate_03976.jpg,cnn,,,,,,,,,,,,,,,PlateNotFound: could not find the large characters of the top line,,,,
plate_03976.jpg,tesseract,,,,,,,,,,,,,,,PlateNotFound: could not find the large characters of the top line,,,,
plate_03976.jpg,paddle,,,,,,,,,,,,,,,PlateNotFound: could not find the large characters of the top line,,,,
plate_03976.jpg,easyocr+cnn,,,,,,,,,,,,,,,PlateNotFound: could not find the large characters of the top line,,,,
plate_03976.jpg,cnn+paddle,,,,,,,,,,,,,,,PlateNotFound: could not find the large characters of the top line,,,,
plate_03976.jpg,easyocr+cnn+paddle,,,,,,,,,,,,,,,PlateNotFound: could not find the large characters of the top line,,,,
plate_03976.jpg,easyocr+cnn+tesseract+paddle,,,,,,,,,,,,,,,PlateNotFound: could not find the large characters of the top line,,,,
plate_03977.jpg,group,5ขธ,0.4723,True,whole crop,,7452,1.0,กรุงเทพมหานคร,1.0,0.8,motorcycle,3,4,True,,268,1,279,78.4
plate_03977.jpg,easyocr,5ขธ,0.9974,True,per-letter,,7452,1.0,กรุงเทพมหานคร,1.0,0.8,motorcycle,3,4,False,,268,1,279,363.9
plate_03977.jpg,cnn,5ขธ,0.991,True,per-letter,,7452,1.0,กรุงเทพมหานคร,1.0,0.8,motorcycle,3,4,False,,268,1,279,3.1
plate_03977.jpg,tesseract,5ขอ,0.9901,True,per-letter,,7452,1.0,กรุงเทพมหานคร,1.0,0.8,motorcycle,3,4,False,,268,1,279,293.3
plate_03977.jpg,paddle,5ซธ,0.5934,True,per-letter,,7452,1.0,กรุงเทพมหานคร,1.0,0.8,motorcycle,3,4,True,,268,1,279,247.1
plate_03977.jpg,easyocr+cnn,5ขธ,0.9933,True,per-letter,easyocr=5ขธ|cnn=5ขธ,7452,1.0,กรุงเทพมหานคร,1.0,0.8,motorcycle,3,4,False,,268,1,279,367.0
plate_03977.jpg,cnn+paddle,5ขธ,0.8161,True,per-letter,cnn=5ขธ|paddle=5ซธ,7452,1.0,กรุงเทพมหานคร,1.0,0.8,motorcycle,3,4,False,,268,1,279,250.2
plate_03977.jpg,easyocr+cnn+paddle,5ขธ,0.8651,True,per-letter,easyocr=5ขธ|cnn=5ขธ|paddle=5ซธ,7452,1.0,กรุงเทพมหานคร,1.0,0.8,motorcycle,3,4,False,,268,1,279,614.1
plate_03977.jpg,easyocr+cnn+tesseract+paddle,5ขธ,0.8396,True,per-letter,easyocr=5ขธ|cnn=5ขธ|tesseract=5ขอ|paddle=5ซธ,7452,1.0,กรุงเทพมหานคร,1.0,0.8,motorcycle,3,4,False,,268,1,279,907.4
plate_03997.jpg,group,ขง,0.5742,True,whole crop,,7799,0.998,พิจิตร,0.847,0.222,car,2,4,True,,228,1,270,81.7
plate_03997.jpg,easyocr,ขง,0.9989,True,per-letter,,7799,0.998,พิจิตร,0.847,0.222,car,2,4,True,,228,1,270,269.4
plate_03997.jpg,cnn,ขง,0.9935,True,per-letter,,7799,0.998,พิจิตร,0.847,0.222,car,2,4,True,,228,1,270,1.9
plate_03997.jpg,tesseract,ขง,0.9961,True,per-letter,,7799,0.998,พิจิตร,0.847,0.222,car,2,4,True,,228,1,270,261.7
plate_03997.jpg,paddle,ซง,0.43,True,per-letter,,7799,0.998,พิจิตร,0.847,0.222,car,2,4,True,,228,1,270,157.9
plate_03997.jpg,easyocr+cnn,ขง,0.9957,True,per-letter,easyocr=ขง|cnn=ขง,7799,0.998,พิจิตร,0.847,0.222,car,2,4,True,,228,1,270,271.3
plate_03997.jpg,cnn+paddle,ขง,0.8079,True,per-letter,cnn=ขง|paddle=ซง,7799,0.998,พิจิตร,0.847,0.222,car,2,4,True,,228,1,270,159.8
plate_03997.jpg,easyocr+cnn+paddle,ขง,0.8593,True,per-letter,easyocr=ขง|cnn=ขง|paddle=ซง,7799,0.998,พิจิตร,0.847,0.222,car,2,4,True,,228,1,270,429.2
plate_03997.jpg,easyocr+cnn+tesseract+paddle,ขง,0.874,True,per-letter,easyocr=ขง|cnn=ขง|tesseract=ขง|paddle=ซง,7799,0.998,พิจิตร,0.847,0.222,car,2,4,True,,228,1,270,690.9
plate_04022.jpg,group,7กร,0.2594,True,whole crop,,4343,0.756,กรุงเทพมหานคร,1.0,0.476,car,3,4,True,,272,1,271,81.7
plate_04022.jpg,easyocr,7กร,0.9889,True,per-letter,,4343,0.756,กรุงเทพมหานคร,1.0,0.476,car,3,4,True,,272,1,271,342.5
plate_04022.jpg,cnn,7กฐ,0.9934,True,per-letter,,4343,0.756,กรุงเทพมหานคร,1.0,0.476,car,3,4,True,,272,1,271,2.6
plate_04022.jpg,tesseract,7กฐ,0.9716,True,per-letter,,4343,0.756,กรุงเทพมหานคร,1.0,0.476,car,3,4,True,,272,1,271,266.2
plate_04022.jpg,paddle,7กซ,0.6601,True,per-letter,,4343,0.756,กรุงเทพมหานคร,1.0,0.476,car,3,4,True,,272,1,271,236.3
plate_04022.jpg,easyocr+cnn,7กฐ,0.6551,True,per-letter,easyocr=7กร|cnn=7กฐ,4343,0.756,กรุงเทพมหานคร,1.0,0.476,car,3,4,True,,272,1,271,345.0
plate_04022.jpg,cnn+paddle,7กฐ,0.7503,True,per-letter,cnn=7กฐ|paddle=7กซ,4343,0.756,กรุงเทพมหานคร,1.0,0.476,car,3,4,True,,272,1,271,238.9
plate_04022.jpg,easyocr+cnn+paddle,7กฐ,0.5447,True,per-letter,easyocr=7กร|cnn=7กฐ|paddle=7กซ,4343,0.756,กรุงเทพมหานคร,1.0,0.476,car,3,4,True,,272,1,271,581.4
plate_04022.jpg,easyocr+cnn+tesseract+paddle,7กฐ,0.5674,True,per-letter,easyocr=7กร|cnn=7กฐ|tesseract=7กฐ|paddle=7กซ,4343,0.756,กรุงเทพมหานคร,1.0,0.476,car,3,4,True,,272,1,271,847.6
plate_04062.jpg,group,กร,0.8459,True,whole crop,,7070,0.999,สกลนคร,0.427,0.0,car,2,4,True,,282,1,267,78.6
plate_04062.jpg,easyocr,กร,0.9999,True,per-letter,,7070,0.999,สกลนคร,0.427,0.0,car,2,4,True,,282,1,267,265.2
plate_04062.jpg,cnn,กร,0.9948,True,per-letter,,7070,0.999,สกลนคร,0.427,0.0,car,2,4,True,,282,1,267,2.0
plate_04062.jpg,tesseract,กร,0.9991,True,per-letter,,7070,0.999,สกลนคร,0.427,0.0,car,2,4,True,,282,1,267,215.4
plate_04062.jpg,paddle,กร,0.9984,True,per-letter,,7070,0.999,สกลนคร,0.427,0.0,car,2,4,True,,282,1,267,157.8
plate_04062.jpg,easyocr+cnn,กร,0.9966,True,per-letter,easyocr=กร|cnn=กร,7070,0.999,สกลนคร,0.427,0.0,car,2,4,True,,282,1,267,267.2
plate_04062.jpg,cnn+paddle,กร,0.9966,True,per-letter,cnn=กร|paddle=กร,7070,0.999,สกลนคร,0.427,0.0,car,2,4,True,,282,1,267,159.8
plate_04062.jpg,easyocr+cnn+paddle,กร,0.9975,True,per-letter,easyocr=กร|cnn=กร|paddle=กร,7070,0.999,สกลนคร,0.427,0.0,car,2,4,True,,282,1,267,425.0
plate_04062.jpg,easyocr+cnn+tesseract+paddle,กร,0.9976,True,per-letter,easyocr=กร|cnn=กร|tesseract=กร|paddle=กร,7070,0.999,สกลนคร,0.427,0.0,car,2,4,True,,282,1,267,640.3
plate_04070.jpg,group,อก,0.1084,True,whole crop,,62,0.105,กรุงเทพมหานคร,0.955,0.4,motorcycle,2,4,True,,203,1,266,79.6
plate_04070.jpg,easyocr,ดก,0.6288,True,per-letter,,62,0.105,กรุงเทพมหานคร,0.955,0.4,motorcycle,2,4,True,,203,1,266,248.7
plate_04070.jpg,cnn,5ท,0.5409,True,per-letter,,62,0.105,กรุงเทพมหานคร,0.955,0.4,motorcycle,2,4,True,,203,1,266,1.8
plate_04070.jpg,tesseract,?ส,0.0,False,per-letter,,62,0.105,กรุงเทพมหานคร,0.955,0.4,motorcycle,2,4,True,,203,1,266,186.7
plate_04070.jpg,paddle,ซก,0.4426,True,per-letter,,62,0.105,กรุงเทพมหานคร,0.955,0.4,motorcycle,2,4,True,,203,1,266,157.0
plate_04070.jpg,easyocr+cnn,5ก,0.3708,True,per-letter,easyocr=ดก|cnn=5ท,62,0.105,กรุงเทพมหานคร,0.955,0.4,motorcycle,2,4,True,,203,1,266,250.5
plate_04070.jpg,cnn+paddle,5ท,0.2495,True,per-letter,cnn=5ท|paddle=ซศ,62,0.105,กรุงเทพมหานคร,0.955,0.4,motorcycle,2,4,True,,203,1,266,158.9
plate_04070.jpg,easyocr+cnn+paddle,ซก,0.2724,True,per-letter,easyocr=ดก|cnn=5ท|paddle=ซศ,62,0.105,กรุงเทพมหานคร,0.955,0.4,motorcycle,2,4,True,,203,1,266,407.6
plate_04070.jpg,easyocr+cnn+tesseract+paddle,ซก,0.2567,True,per-letter,easyocr=ดก|cnn=5ท|tesseract=กส|paddle=ซศ,62,0.105,กรุงเทพมหานคร,0.955,0.4,motorcycle,2,4,True,,203,1,266,594.3
plate_04076.jpg,group,ป,0.0228,True,whole crop,,,0.0,แพร่,0.925,0.0,car,1,1,True,,307,1,239,83.3
plate_04076.jpg,easyocr,ช,0.5864,True,per-letter,,,0.0,แพร่,0.925,0.0,car,1,1,True,,307,1,239,102.2
plate_04076.jpg,cnn,ล,0.6697,True,per-letter,,,0.0,แพร่,0.925,0.0,car,1,1,True,,307,1,239,1.3
plate_04076.jpg,tesseract,?,0.0,False,per-letter,,,0.0,แพร่,0.925,0.0,car,1,1,True,,307,1,239,174.8
plate_04076.jpg,paddle,ซ,0.4159,True,per-letter,,,0.0,แพร่,0.925,0.0,car,1,1,True,,307,1,239,75.6
plate_04076.jpg,easyocr+cnn,ล,0.6449,True,per-letter,easyocr=ช|cnn=ล,,0.0,แพร่,0.925,0.0,car,1,1,True,,307,1,239,103.5
plate_04076.jpg,cnn+paddle,ล,0.5693,True,per-letter,cnn=ล|paddle=ซ,,0.0,แพร่,0.925,0.0,car,1,1,True,,307,1,239,76.9
plate_04076.jpg,easyocr+cnn+paddle,ล,0.5524,True,per-letter,easyocr=ช|cnn=ล|paddle=ซ,,0.0,แพร่,0.925,0.0,car,1,1,True,,307,1,239,179.1
plate_04076.jpg,easyocr+cnn+tesseract+paddle,ล,0.546,True,per-letter,easyocr=ช|cnn=ล|tesseract=ก|paddle=ซ,,0.0,แพร่,0.925,0.0,car,1,1,True,,307,1,239,353.9
plate_04152.jpg,group,,,,,,,,,,,,,,,PlateNotFound: could not find the large characters of the top line,,,,
plate_04152.jpg,easyocr,,,,,,,,,,,,,,,PlateNotFound: could not find the large characters of the top line,,,,
plate_04152.jpg,cnn,,,,,,,,,,,,,,,PlateNotFound: could not find the large characters of the top line,,,,
plate_04152.jpg,tesseract,,,,,,,,,,,,,,,PlateNotFound: could not find the large characters of the top line,,,,
plate_04152.jpg,paddle,,,,,,,,,,,,,,,PlateNotFound: could not find the large characters of the top line,,,,
plate_04152.jpg,easyocr+cnn,,,,,,,,,,,,,,,PlateNotFound: could not find the large characters of the top line,,,,
plate_04152.jpg,cnn+paddle,,,,,,,,,,,,,,,PlateNotFound: could not find the large characters of the top line,,,,
plate_04152.jpg,easyocr+cnn+paddle,,,,,,,,,,,,,,,PlateNotFound: could not find the large characters of the top line,,,,
plate_04152.jpg,easyocr+cnn+tesseract+paddle,,,,,,,,,,,,,,,PlateNotFound: could not find the large characters of the top line,,,,
plate_04166.jpg,group,ณป,0.1573,True,whole crop,,4,0.999,สมุทรปราการ,1.0,0.952,car,2,1,True,,242,1,236,77.6
plate_04166.jpg,easyocr,กข,0.7192,True,per-letter,,4,0.999,สมุทรปราการ,1.0,0.952,car,2,1,False,,242,1,236,284.4
plate_04166.jpg,cnn,ณข,0.9918,True,per-letter,,4,0.999,สมุทรปราการ,1.0,0.952,car,2,1,False,,242,1,236,2.0
plate_04166.jpg,tesseract,ญ?,0.0,False,per-letter,,4,0.999,สมุทรปราการ,1.0,0.952,car,2,1,True,,242,1,236,218.1
plate_04166.jpg,paddle,ณข,0.5485,True,per-letter,,4,0.999,สมุทรปราการ,1.0,0.952,car,2,1,True,,242,1,236,272.6
plate_04166.jpg,easyocr+cnn,ณข,0.7587,True,per-letter,easyocr=กข|cnn=ณข,4,0.999,สมุทรปราการ,1.0,0.952,car,2,1,False,,242,1,236,286.5
plate_04166.jpg,cnn+paddle,ณข,0.8876,True,per-letter,cnn=ณข|paddle=ณข,4,0.999,สมุทรปราการ,1.0,0.952,car,2,1,False,,242,1,236,274.6
plate_04166.jpg,easyocr+cnn+paddle,ณข,0.7681,True,per-letter,easyocr=กข|cnn=ณข|paddle=ณข,4,0.999,สมุทรปราการ,1.0,0.952,car,2,1,False,,242,1,236,559.1
plate_04166.jpg,easyocr+cnn+tesseract+paddle,ณข,0.7346,True,per-letter,easyocr=กข|cnn=ณข|tesseract=ญก|paddle=ณข,4,0.999,สมุทรปราการ,1.0,0.952,car,2,1,False,,242,1,236,777.2
plate_04201.jpg,group,ซ,0.93,True,whole crop,,1770,0.353,ภูเก็ต,1.0,0.545,car,1,4,True,,411,1,277,77.4
plate_04201.jpg,easyocr,ข,0.985,True,per-letter,,1770,0.353,ภูเก็ต,1.0,0.545,car,1,4,True,,411,1,277,220.5
plate_04201.jpg,cnn,ข,0.8115,True,per-letter,,1770,0.353,ภูเก็ต,1.0,0.545,car,1,4,True,,411,1,277,4.3
plate_04201.jpg,tesseract,ข,0.93,True,per-letter,,1770,0.353,ภูเก็ต,1.0,0.545,car,1,4,True,,411,1,277,116.5
plate_04201.jpg,paddle,ซ,0.9554,True,per-letter,,1770,0.353,ภูเก็ต,1.0,0.545,car,1,4,True,,411,1,277,77.8
plate_04201.jpg,easyocr+cnn,ข,0.8655,True,per-letter,easyocr=ข|cnn=ข,1770,0.353,ภูเก็ต,1.0,0.545,car,1,4,True,,411,1,277,224.8
plate_04201.jpg,cnn+paddle,ซ,0.5163,True,per-letter,cnn=ข|paddle=ซ,1770,0.353,ภูเก็ต,1.0,0.545,car,1,4,True,,411,1,277,82.1
plate_04201.jpg,easyocr+cnn+paddle,ข,0.4825,True,per-letter,easyocr=ข|cnn=ข|paddle=ซ,1770,0.353,ภูเก็ต,1.0,0.545,car,1,4,True,,411,1,277,302.6
plate_04201.jpg,easyocr+cnn+tesseract+paddle,ข,0.493,True,per-letter,easyocr=ข|cnn=ข|tesseract=ข|paddle=ซ,1770,0.353,ภูเก็ต,1.0,0.545,car,1,4,True,,411,1,277,419.1
plate_04237.jpg,group,ณช,0.1793,True,whole crop,,3,0.998,เพชรบุรี,0.991,0.615,car,2,1,True,,279,5,235,79.3
plate_04237.jpg,easyocr,กข,0.36,True,per-letter,,3,0.998,เพชรบุรี,0.991,0.615,car,2,1,True,,279,5,235,361.6
plate_04237.jpg,cnn,ณข,0.9476,True,per-letter,,3,0.998,เพชรบุรี,0.991,0.615,car,2,1,False,,279,5,235,3.6
plate_04237.jpg,tesseract,?ข,0.0,False,per-letter,,3,0.998,เพชรบุรี,0.991,0.615,car,2,1,True,,279,5,235,169.1
plate_04237.jpg,paddle,ปซ,0.5391,True,per-letter,,3,0.998,เพชรบุรี,0.991,0.615,car,2,1,True,,279,5,235,149.7
plate_04237.jpg,easyocr+cnn,ณข,0.6796,True,per-letter,easyocr=กบ|cnn=ณข,3,0.998,เพชรบุรี,0.991,0.615,car,2,1,True,,279,5,235,365.2
plate_04237.jpg,cnn+paddle,ณข,0.5335,True,per-letter,cnn=ณข|paddle=ปซ,3,0.998,เพชรบุรี,0.991,0.615,car,2,1,True,,279,5,235,153.3
plate_04237.jpg,easyocr+cnn+paddle,ณข,0.4852,True,per-letter,easyocr=กบ|cnn=ณข|paddle=ปซ,3,0.998,เพชรบุรี,0.991,0.615,car,2,1,True,,279,5,235,514.9
plate_04237.jpg,easyocr+cnn+tesseract+paddle,ณข,0.5005,True,per-letter,easyocr=กบ|cnn=ณข|tesseract=กข|paddle=ปซ,3,0.998,เพชรบุรี,0.991,0.615,car,2,1,True,,279,5,235,684.0
plate_04249.jpg,group,70,0.9708,True,whole crop,,7,0.905,มหาสารคาม,0.539,0.286,car,2,1,True,,443,2,390,76.3
plate_04249.jpg,easyocr,70,0.9994,True,per-letter,,7,0.905,มหาสารคาม,0.539,0.286,car,2,1,True,,443,2,390,254.9
plate_04249.jpg,cnn,70,0.953,True,per-letter,,7,0.905,มหาสารคาม,0.539,0.286,car,2,1,True,,443,2,390,5.9
plate_04249.jpg,tesseract,ซก,0.6682,True,per-letter,,7,0.905,มหาสารคาม,0.539,0.286,car,2,1,True,,443,2,390,163.3
plate_04249.jpg,paddle,70,0.9999,True,per-letter,,7,0.905,มหาสารคาม,0.539,0.286,car,2,1,True,,443,2,390,146.0
plate_04249.jpg,easyocr+cnn,70,0.9852,True,per-letter,easyocr=70|cnn=70,7,0.905,มหาสารคาม,0.539,0.286,car,2,1,True,,443,2,390,260.9
plate_04249.jpg,cnn+paddle,70,0.9754,True,per-letter,cnn=70|paddle=ซ0,7,0.905,มหาสารคาม,0.539,0.286,car,2,1,True,,443,2,390,151.9
plate_04249.jpg,easyocr+cnn+paddle,70,0.9989,True,per-letter,easyocr=70|cnn=70|paddle=ซ0,7,0.905,มหาสารคาม,0.539,0.286,car,2,1,True,,443,2,390,406.8
plate_04249.jpg,easyocr+cnn+tesseract+paddle,70,0.9989,True,per-letter,easyocr=70|cnn=70|tesseract=ซ0|paddle=ซ0,7,0.905,มหาสารคาม,0.539,0.286,car,2,1,True,,443,2,390,570.2
plate_04251.jpg,group,9ขน,0.3219,True,whole crop,,3589,0.875,กรุงเทพมหานคร,1.0,0.87,motorcycle,2,4,True,,213,1,263,79.1
plate_04251.jpg,easyocr,9ม,0.7608,True,per-letter,,3589,0.875,กรุงเทพมหานคร,1.0,0.87,motorcycle,2,4,False,,213,1,263,275.9
plate_04251.jpg,cnn,9น,0.9951,True,per-letter,,3589,0.875,กรุงเทพมหานคร,1.0,0.87,motorcycle,2,4,False,,213,1,263,2.0
plate_04251.jpg,tesseract,9น,0.984,True,per-letter,,3589,0.875,กรุงเทพมหานคร,1.0,0.87,motorcycle,2,4,False,,213,1,263,232.1
plate_04251.jpg,paddle,9น,0.9982,True,per-letter,,3589,0.875,กรุงเทพมหานคร,1.0,0.87,motorcycle,2,4,False,,213,1,263,142.2
plate_04251.jpg,easyocr+cnn,9น,0.8435,True,per-letter,easyocr=9ม|cnn=9น,3589,0.875,กรุงเทพมหานคร,1.0,0.87,motorcycle,2,4,False,,213,1,263,278.0
plate_04251.jpg,cnn+paddle,9น,0.9967,True,per-letter,cnn=9น|paddle=9น,3589,0.875,กรุงเทพมหานคร,1.0,0.87,motorcycle,2,4,False,,213,1,263,144.3
plate_04251.jpg,easyocr+cnn+paddle,9น,0.8885,True,per-letter,easyocr=9ม|cnn=9น|paddle=9น,3589,0.875,กรุงเทพมหานคร,1.0,0.87,motorcycle,2,4,False,,213,1,263,420.2
plate_04251.jpg,easyocr+cnn+tesseract+paddle,9น,0.8946,True,per-letter,easyocr=9ม|cnn=9น|tesseract=9น|paddle=9น,3589,0.875,กรุงเทพมหานคร,1.0,0.87,motorcycle,2,4,False,,213,1,263,652.3
plate_04278.jpg,group,2กร,0.4958,True,whole crop,,4451,0.997,ระยอง,0.995,1.0,motorcycle,3,4,True,,255,1,267,80.5
plate_04278.jpg,easyocr,2กร,0.9999,True,per-letter,,4451,0.997,ระยอง,0.995,1.0,motorcycle,3,4,False,,255,1,267,563.0
plate_04278.jpg,cnn,2กร,0.9951,True,per-letter,,4451,0.997,ระยอง,0.995,1.0,motorcycle,3,4,False,,255,1,267,3.8
plate_04278.jpg,tesseract,2กร,0.9979,True,per-letter,,4451,0.997,ระยอง,0.995,1.0,motorcycle,3,4,False,,255,1,267,279.0
plate_04278.jpg,paddle,2กร,0.9891,True,per-letter,,4451,0.997,ระยอง,0.995,1.0,motorcycle,3,4,False,,255,1,267,217.4
plate_04278.jpg,easyocr+cnn,2กร,0.9968,True,per-letter,easyocr=2กร|cnn=2กร,4451,0.997,ระยอง,0.995,1.0,motorcycle,3,4,False,,255,1,267,566.8
plate_04278.jpg,cnn+paddle,2กร,0.993,True,per-letter,cnn=2กร|paddle=2กร,4451,0.997,ระยอง,0.995,1.0,motorcycle,3,4,False,,255,1,267,221.2
plate_04278.jpg,easyocr+cnn+paddle,2กร,0.9948,True,per-letter,easyocr=2กร|cnn=2กร|paddle=2กร,4451,0.997,ระยอง,0.995,1.0,motorcycle,3,4,False,,255,1,267,784.3
plate_04278.jpg,easyocr+cnn+tesseract+paddle,2กร,0.9951,True,per-letter,easyocr=2กร|cnn=2กร|tesseract=2กร|paddle=2กร,4451,0.997,ระยอง,0.995,1.0,motorcycle,3,4,False,,255,1,267,1063.3
plate_04333.jpg,group,6ขธ,0.4365,True,whole crop,,6209,0.954,กรุงเทพมหานคร,1.0,0.75,motorcycle,3,4,True,,182,1,269,80.6
plate_04333.jpg,easyocr,6ขธ,0.9213,True,per-letter,,6209,0.954,กรุงเทพมหานคร,1.0,0.75,motorcycle,3,4,False,,182,1,269,348.8
plate_04333.jpg,cnn,6ขธ,0.9828,True,per-letter,,6209,0.954,กรุงเทพมหานคร,1.0,0.75,motorcycle,3,4,False,,182,1,269,2.2
plate_04333.jpg,tesseract,6ข?,0.0,False,per-letter,,6209,0.954,กรุงเทพมหานคร,1.0,0.75,motorcycle,3,4,True,,182,1,269,304.5
plate_04333.jpg,paddle,6ซธ,0.6493,True,per-letter,,6209,0.954,กรุงเทพมหานคร,1.0,0.75,motorcycle,3,4,True,,182,1,269,235.7
plate_04333.jpg,easyocr+cnn,6ขธ,0.9627,True,per-letter,easyocr=6ขธ|cnn=6ขธ,6209,0.954,กรุงเทพมหานคร,1.0,0.75,motorcycle,3,4,False,,182,1,269,351.0
plate_04333.jpg,cnn+paddle,6ขธ,0.7583,True,per-letter,cnn=6ขธ|paddle=6ซธ,6209,0.954,กรุงเทพมหานคร,1.0,0.75,motorcycle,3,4,False,,182,1,269,238.0
plate_04333.jpg,easyocr+cnn+paddle,6ขธ,0.8111,True,per-letter,easyocr=6ขธ|cnn=6ขธ|paddle=6ซธ,6209,0.954,กรุงเทพมหานคร,1.0,0.75,motorcycle,3,4,False,,182,1,269,586.8
plate_04333.jpg,easyocr+cnn+tesseract+paddle,6ขธ,0.8223,True,per-letter,easyocr=6ขธ|cnn=6ขธ|tesseract=6ขก|paddle=6ซธ,6209,0.954,กรุงเทพมหานคร,1.0,0.75,motorcycle,3,4,False,,182,1,269,891.3
plate_04334.jpg,group,1กศ,0.4568,True,whole crop,,3585,1.0,กรุงเทพมหานคร,1.0,0.88,motorcycle,3,4,True,,341,1,263,79.6
plate_04334.jpg,easyocr,1กศ,0.9826,True,per-letter,,3585,1.0,กรุงเทพมหานคร,1.0,0.88,motorcycle,3,4,False,,341,1,263,335.7
plate_04334.jpg,cnn,1กศ,0.9914,True,per-letter,,3585,1.0,กรุงเทพมหานคร,1.0,0.88,motorcycle,3,4,False,,341,1,263,2.7
plate_04334.jpg,tesseract,1กศ,0.9935,True,per-letter,,3585,1.0,กรุงเทพมหานคร,1.0,0.88,motorcycle,3,4,False,,341,1,263,278.8
plate_04334.jpg,paddle,1กศ,0.9927,True,per-letter,,3585,1.0,กรุงเทพมหานคร,1.0,0.88,motorcycle,3,4,False,,341,1,263,236.7
plate_04334.jpg,easyocr+cnn,1กศ,0.989,True,per-letter,easyocr=1กศ|cnn=1กศ,3585,1.0,กรุงเทพมหานคร,1.0,0.88,motorcycle,3,4,False,,341,1,263,338.3
plate_04334.jpg,cnn+paddle,1กศ,0.9923,True,per-letter,cnn=1กศ|paddle=1กศ,3585,1.0,กรุงเทพมหานคร,1.0,0.88,motorcycle,3,4,False,,341,1,263,239.4
plate_04334.jpg,easyocr+cnn+paddle,1กศ,0.9908,True,per-letter,easyocr=1กศ|cnn=1กศ|paddle=1กศ,3585,1.0,กรุงเทพมหานคร,1.0,0.88,motorcycle,3,4,False,,341,1,263,575.0
plate_04334.jpg,easyocr+cnn+tesseract+paddle,1กศ,0.9911,True,per-letter,easyocr=1กศ|cnn=1กศ|tesseract=1กศ|paddle=1กศ,3585,1.0,กรุงเทพมหานคร,1.0,0.88,motorcycle,3,4,False,,341,1,263,853.8
plate_04341.jpg,group,4ขต,0.7987,True,whole crop,,747,0.984,กรุงเทพมหานคร,1.0,0.583,motorcycle,3,3,True,,295,1,241,82.2
plate_04341.jpg,easyocr,4ขต,0.9612,True,per-letter,,747,0.984,กรุงเทพมหานคร,1.0,0.583,motorcycle,3,3,True,,295,1,241,346.3
plate_04341.jpg,cnn,4ขต,0.9384,True,per-letter,,747,0.984,กรุงเทพมหานคร,1.0,0.583,motorcycle,3,3,True,,295,1,241,2.3
plate_04341.jpg,tesseract,?ขต,0.0,False,per-letter,,747,0.984,กรุงเทพมหานคร,1.0,0.583,motorcycle,3,3,True,,295,1,241,375.3
plate_04341.jpg,paddle,4ซด,0.4717,True,per-letter,,747,0.984,กรุงเทพมหานคร,1.0,0.583,motorcycle,3,3,True,,295,1,241,237.4
plate_04341.jpg,easyocr+cnn,4ขต,0.9537,True,per-letter,easyocr=4ขต|cnn=4ขต,747,0.984,กรุงเทพมหานคร,1.0,0.583,motorcycle,3,3,True,,295,1,241,348.7
plate_04341.jpg,cnn+paddle,4ขต,0.632,True,per-letter,cnn=4ขต|paddle=4ซด,747,0.984,กรุงเทพมหานคร,1.0,0.583,motorcycle,3,3,True,,295,1,241,239.7
plate_04341.jpg,easyocr+cnn+paddle,4ขต,0.7218,True,per-letter,easyocr=4ขต|cnn=4ขต|paddle=4ซด,747,0.984,กรุงเทพมหานคร,1.0,0.583,motorcycle,3,3,True,,295,1,241,586.0
plate_04341.jpg,easyocr+cnn+tesseract+paddle,4ขต,0.7364,True,per-letter,easyocr=4ขต|cnn=4ขต|tesseract=กขต|paddle=4ซด,747,0.984,กรุงเทพมหานคร,1.0,0.583,motorcycle,3,3,True,,295,1,241,961.3
plate_04345.jpg,group,5ขษ,0.247,True,whole crop,,5215,0.999,กรุงเทพมหานคร,1.0,0.88,motorcycle,3,4,True,,293,1,270,83.4
plate_04345.jpg,easyocr,5ขบ,0.9617,True,per-letter,,5215,0.999,กรุงเทพมหานคร,1.0,0.88,motorcycle,3,4,False,,293,1,270,340.7
plate_04345.jpg,cnn,5ขษ,0.9859,True,per-letter,,5215,0.999,กรุงเทพมหานคร,1.0,0.88,motorcycle,3,4,False,,293,1,270,2.7
plate_04345.jpg,tesseract,5ขบ,0.9896,True,per-letter,,5215,0.999,กรุงเทพมหานคร,1.0,0.88,motorcycle,3,4,False,,293,1,270,306.5
plate_04345.jpg,paddle,5ขพ,0.2652,True,per-letter,,5215,0.999,กรุงเทพมหานคร,1.0,0.88,motorcycle,3,4,True,,293,1,270,234.8
plate_04345.jpg,easyocr+cnn,5ขษ,0.7056,True,per-letter,easyocr=5ขบ|cnn=5ขษ,5215,0.999,กรุงเทพมหานคร,1.0,0.88,motorcycle,3,4,False,,293,1,270,343.4
plate_04345.jpg,cnn+paddle,5ขษ,0.7765,True,per-letter,cnn=5ขษ|paddle=5ซพ,5215,0.999,กรุงเทพมหานคร,1.0,0.88,motorcycle,3,4,False,,293,1,270,237.5
plate_04345.jpg,easyocr+cnn+paddle,5ขษ,0.6192,True,per-letter,easyocr=5ขบ|cnn=5ขษ|paddle=5ซพ,5215,0.999,กรุงเทพมหานคร,1.0,0.88,motorcycle,3,4,True,,293,1,270,578.2
plate_04345.jpg,easyocr+cnn+tesseract+paddle,5ขษ,0.5699,True,per-letter,easyocr=5ขบ|cnn=5ขษ|tesseract=5ขบ|paddle=5ซพ,5215,0.999,กรุงเทพมหานคร,1.0,0.88,motorcycle,3,4,True,,293,1,270,884.8
plate_04348.jpg,group,4กร,0.9679,True,whole crop,,7347,0.999,ชลบุรี,0.999,0.364,motorcycle,3,4,True,,296,1,275,81.9
plate_04348.jpg,easyocr,4กร,0.9994,True,per-letter,,7347,0.999,ชลบุรี,0.999,0.364,motorcycle,3,4,True,,296,1,275,562.1
plate_04348.jpg,cnn,4กร,0.995,True,per-letter,,7347,0.999,ชลบุรี,0.999,0.364,motorcycle,3,4,True,,296,1,275,2.8
plate_04348.jpg,tesseract,4กก,0.6983,True,per-letter,,7347,0.999,ชลบุรี,0.999,0.364,motorcycle,3,4,True,,296,1,275,252.9
plate_04348.jpg,paddle,4กร,0.9955,True,per-letter,,7347,0.999,ชลบุรี,0.999,0.364,motorcycle,3,4,True,,296,1,275,285.1
plate_04348.jpg,easyocr+cnn,4กร,0.9965,True,per-letter,easyocr=4กร|cnn=4กร,7347,0.999,ชลบุรี,0.999,0.364,motorcycle,3,4,True,,296,1,275,565.0
plate_04348.jpg,cnn+paddle,4กร,0.9963,True,per-letter,cnn=4กร|paddle=4กร,7347,0.999,ชลบุรี,0.999,0.364,motorcycle,3,4,True,,296,1,275,288.0
plate_04348.jpg,easyocr+cnn+paddle,4กร,0.9973,True,per-letter,easyocr=4กร|cnn=4กร|paddle=4กร,7347,0.999,ชลบุรี,0.999,0.364,motorcycle,3,4,True,,296,1,275,850.1
plate_04348.jpg,easyocr+cnn+tesseract+paddle,4กร,0.9962,True,per-letter,easyocr=4กร|cnn=4กร|tesseract=4ก6|paddle=4กร,7347,0.999,ชลบุรี,0.999,0.364,motorcycle,3,4,True,,296,1,275,1103.0
plate_04359.jpg,group,ซ,0.3311,True,whole crop,,8,0.057,แพร่,0.503,0.0,motorcycle,1,1,True,,137,1,237,82.7
plate_04359.jpg,easyocr,ต,0.5845,True,per-letter,,8,0.057,แพร่,0.503,0.0,motorcycle,1,1,True,,137,1,237,121.3
plate_04359.jpg,cnn,ก,0.3909,True,per-letter,,8,0.057,แพร่,0.503,0.0,motorcycle,1,1,True,,137,1,237,1.4
plate_04359.jpg,tesseract,?,0.0,False,per-letter,,8,0.057,แพร่,0.503,0.0,motorcycle,1,1,True,,137,1,237,158.1
plate_04359.jpg,paddle,ซ,0.5325,True,per-letter,,8,0.057,แพร่,0.503,0.0,motorcycle,1,1,True,,137,1,237,75.4
plate_04359.jpg,easyocr+cnn,ก,0.4282,True,per-letter,easyocr=ต|cnn=ก,8,0.057,แพร่,0.503,0.0,motorcycle,1,1,True,,137,1,237,122.7
plate_04359.jpg,cnn+paddle,ซ,0.3835,True,per-letter,cnn=ก|paddle=ซ,8,0.057,แพร่,0.503,0.0,motorcycle,1,1,True,,137,1,237,76.8
plate_04359.jpg,easyocr+cnn+paddle,ก,0.3665,True,per-letter,easyocr=ต|cnn=ก|paddle=ซ,8,0.057,แพร่,0.503,0.0,motorcycle,1,1,True,,137,1,237,198.2
plate_04359.jpg,easyocr+cnn+tesseract+paddle,ซ,0.364,True,per-letter,easyocr=ต|cnn=ก|tesseract=ก|paddle=ซ,8,0.057,แพร่,0.503,0.0,motorcycle,1,1,True,,137,1,237,356.2
plate_04387.jpg,group,จขร,0.4932,True,whole crop,,67,0.82,ชลบุรี,1.0,0.909,motorcycle,3,3,True,,357,1,246,77.5
plate_04387.jpg,easyocr,จขร,0.8581,True,per-letter,,67,0.82,ชลบุรี,1.0,0.909,motorcycle,3,3,True,,357,1,246,431.5
plate_04387.jpg,cnn,จขร,0.9452,True,per-letter,,67,0.82,ชลบุรี,1.0,0.909,motorcycle,3,3,True,,357,1,246,2.8
plate_04387.jpg,tesseract,จขฐ,0.9638,True,per-letter,,67,0.82,ชลบุรี,1.0,0.909,motorcycle,3,3,True,,357,1,246,302.4
plate_04387.jpg,paddle,1ซร,0.4123,True,per-letter,,67,0.82,ชลบุรี,1.0,0.909,motorcycle,3,3,True,,357,1,246,234.1
plate_04387.jpg,easyocr+cnn,จขร,0.9252,True,per-letter,easyocr=จขร|cnn=จขร,67,0.82,ชลบุรี,1.0,0.909,motorcycle,3,3,True,,357,1,246,434.2
plate_04387.jpg,cnn+paddle,จขร,0.7543,True,per-letter,cnn=จขร|paddle=12ร,67,0.82,ชลบุรี,1.0,0.909,motorcycle,3,3,True,,357,1,246,236.9
plate_04387.jpg,easyocr+cnn+paddle,จขร,0.8163,True,per-letter,easyocr=จขร|cnn=จขร|paddle=12ร,67,0.82,ชลบุรี,1.0,0.909,motorcycle,3,3,True,,357,1,246,668.4
plate_04387.jpg,easyocr+cnn+tesseract+paddle,จขร,0.8082,True,per-letter,easyocr=จขร|cnn=จขร|tesseract=จขฐ|paddle=12ร,67,0.82,ชลบุรี,1.0,0.909,motorcycle,3,3,True,,357,1,246,970.8
plate_04400.jpg,group,ร,0.9989,True,whole crop,,2,0.259,กรุงเทพมหานคร,0.993,0.696,car,1,2,True,,269,1,236,79.6
plate_04400.jpg,easyocr,ว,0.4701,True,per-letter,,2,0.259,กรุงเทพมหานคร,0.993,0.696,car,1,2,True,,269,1,236,142.9
plate_04400.jpg,cnn,ว,0.4595,True,per-letter,,2,0.259,กรุงเทพมหานคร,0.993,0.696,car,1,2,True,,269,1,236,1.5
plate_04400.jpg,tesseract,?,0.0,False,per-letter,,2,0.259,กรุงเทพมหานคร,0.993,0.696,car,1,2,True,,269,1,236,84.7
plate_04400.jpg,paddle,ซ,0.763,True,per-letter,,2,0.259,กรุงเทพมหานคร,0.993,0.696,car,1,2,True,,269,1,236,75.2
plate_04400.jpg,easyocr+cnn,ว,0.5106,True,per-letter,easyocr=ว|cnn=ช,2,0.259,กรุงเทพมหานคร,0.993,0.696,car,1,2,True,,269,1,236,144.3
plate_04400.jpg,cnn+paddle,ซ,0.6974,True,per-letter,cnn=ช|paddle=ซ,2,0.259,กรุงเทพมหานคร,0.993,0.696,car,1,2,True,,269,1,236,76.7
plate_04400.jpg,easyocr+cnn+paddle,ซ,0.4832,True,per-letter,easyocr=ว|cnn=ช|paddle=ซ,2,0.259,กรุงเทพมหานคร,0.993,0.696,car,1,2,True,,269,1,236,219.6
plate_04400.jpg,easyocr+cnn+tesseract+paddle,ซ,0.4801,True,per-letter,easyocr=ว|cnn=ช|tesseract=ก|paddle=ซ,2,0.259,กรุงเทพมหานคร,0.993,0.696,car,1,2,True,,269,1,236,304.3
plate_04422.jpg,group,3กด,0.8546,True,whole crop,,130,0.999,ชลบุรี,0.879,0.364,motorcycle,3,3,True,,235,1,239,78.4
plate_04422.jpg,easyocr,3กด,0.9967,True,per-letter,,130,0.999,ชลบุรี,0.879,0.364,motorcycle,3,3,True,,235,1,239,439.8
plate_04422.jpg,cnn,3กด,0.9521,True,per-letter,,130,0.999,ชลบุรี,0.879,0.364,motorcycle,3,3,True,,235,1,239,3.6
plate_04422.jpg,tesseract,3กด,0.998,True,per-letter,,130,0.999,ชลบุรี,0.879,0.364,motorcycle,3,3,True,,235,1,239,242.1
plate_04422.jpg,paddle,3กด,0.9976,True,per-letter,,130,0.999,ชลบุรี,0.879,0.364,motorcycle,3,3,True,,235,1,239,230.2
plate_04422.jpg,easyocr+cnn,3กด,0.9674,True,per-letter,easyocr=3กด|cnn=3กด,130,0.999,ชลบุรี,0.879,0.364,motorcycle,3,3,True,,235,1,239,443.4
plate_04422.jpg,cnn+paddle,3กด,0.9678,True,per-letter,cnn=3กด|paddle=3กด,130,0.999,ชลบุรี,0.879,0.364,motorcycle,3,3,True,,235,1,239,233.8
plate_04422.jpg,easyocr+cnn+paddle,3กด,0.9752,True,per-letter,easyocr=3กด|cnn=3กด|paddle=3กด,130,0.999,ชลบุรี,0.879,0.364,motorcycle,3,3,True,,235,1,239,673.6
plate_04422.jpg,easyocr+cnn+tesseract+paddle,3กด,0.9776,True,per-letter,easyocr=3กด|cnn=3กด|tesseract=3กด|paddle=3กด,130,0.999,ชลบุรี,0.879,0.364,motorcycle,3,3,True,,235,1,239,915.7
plate_04423.jpg,group,ณช,0.2237,True,whole crop,,188,0.999,สุราษฎร์ธานี,1.0,0.818,car,2,3,True,,416,1,237,79.5
plate_04423.jpg,easyocr,กข,0.7475,True,per-letter,,188,0.999,สุราษฎร์ธานี,1.0,0.818,car,2,3,False,,416,1,237,304.3
plate_04423.jpg,cnn,ฌข,0.9792,True,per-letter,,188,0.999,สุราษฎร์ธานี,1.0,0.818,car,2,3,False,,416,1,237,1.9
plate_04423.jpg,tesseract,ญข,0.9775,True,per-letter,,188,0.999,สุราษฎร์ธานี,1.0,0.818,car,2,3,False,,416,1,237,169.9
plate_04423.jpg,paddle,ณซ,0.598,True,per-letter,,188,0.999,สุราษฎร์ธานี,1.0,0.818,car,2,3,True,,416,1,237,150.7
plate_04423.jpg,easyocr+cnn,ฌข,0.7456,True,per-letter,easyocr=กข|cnn=ฌข,188,0.999,สุราษฎร์ธานี,1.0,0.818,car,2,3,False,,416,1,237,306.3
plate_04423.jpg,cnn+paddle,ฌข,0.4328,True,per-letter,cnn=ฌข|paddle=ณซ,188,0.999,สุราษฎร์ธานี,1.0,0.818,car,2,3,True,,416,1,237,152.6
plate_04423.jpg,easyocr+cnn+paddle,ฌข,0.4355,True,per-letter,easyocr=กข|cnn=ฌข|paddle=ณซ,188,0.999,สุราษฎร์ธานี,1.0,0.818,car,2,3,True,,416,1,237,457.0
plate_04423.jpg,easyocr+cnn+tesseract+paddle,ฌข,0.4701,True,per-letter,easyocr=กข|cnn=ฌข|tesseract=ญข|paddle=ณซ,188,0.999,สุราษฎร์ธานี,1.0,0.818,car,2,3,True,,416,1,237,626.9
plate_04453.jpg,group,สทน,0.8026,True,whole crop,,85,0.325,อุดรธานี,0.438,0.222,motorcycle,3,3,True,,282,2,238,77.5
plate_04453.jpg,easyocr,ลตน,0.2287,True,per-letter,,85,0.325,อุดรธานี,0.438,0.222,motorcycle,3,3,True,,282,2,238,328.4
plate_04453.jpg,cnn,ลทน,0.86,True,per-letter,,85,0.325,อุดรธานี,0.438,0.222,motorcycle,3,3,True,,282,2,238,2.5
plate_04453.jpg,tesseract,สหน,0.9524,True,per-letter,,85,0.325,อุดรธานี,0.438,0.222,motorcycle,3,3,True,,282,2,238,306.0
plate_04453.jpg,paddle,สทน,0.6738,True,per-letter,,85,0.325,อุดรธานี,0.438,0.222,motorcycle,3,3,True,,282,2,238,236.5
plate_04453.jpg,easyocr+cnn,ลทน,0.7414,True,per-letter,easyocr=คตน|cnn=ลทน,85,0.325,อุดรธานี,0.438,0.222,motorcycle,3,3,True,,282,2,238,330.8
plate_04453.jpg,cnn+paddle,ลทน,0.5383,True,per-letter,cnn=ลทน|paddle=สทน,85,0.325,อุดรธานี,0.438,0.222,motorcycle,3,3,True,,282,2,238,238.9
plate_04453.jpg,easyocr+cnn+paddle,ลทน,0.5193,True,per-letter,easyocr=คตน|cnn=ลทน|paddle=สทน,85,0.325,อุดรธานี,0.438,0.222,motorcycle,3,3,True,,282,2,238,567.3
plate_04453.jpg,easyocr+cnn+tesseract+paddle,ลทน,0.4713,True,per-letter,easyocr=คตน|cnn=ลทน|tesseract=สหน|paddle=สทน,85,0.325,อุดรธานี,0.438,0.222,motorcycle,3,3,True,,282,2,238,873.3
plate_04461.jpg,group,1กส,0.7699,True,whole crop,,2732,1.0,กรุงเทพมหานคร,1.0,0.8,motorcycle,4,4,True,,304,1,266,76.8
plate_04461.jpg,easyocr,1กส,0.7699,True,"whole crop, fallback",,2732,1.0,กรุงเทพมหานคร,1.0,0.8,motorcycle,4,4,True,,304,1,266,76.8
plate_04461.jpg,cnn,1กส,0.7699,True,"whole crop, fallback",,2732,1.0,กรุงเทพมหานคร,1.0,0.8,motorcycle,4,4,True,,304,1,266,76.8
plate_04461.jpg,tesseract,1กส,0.7699,True,"whole crop, fallback",,2732,1.0,กรุงเทพมหานคร,1.0,0.8,motorcycle,4,4,True,,304,1,266,76.8
plate_04461.jpg,paddle,1กส,0.7699,True,"whole crop, fallback",,2732,1.0,กรุงเทพมหานคร,1.0,0.8,motorcycle,4,4,True,,304,1,266,76.8
plate_04461.jpg,easyocr+cnn,1กส,0.7699,True,"whole crop, fallback",,2732,1.0,กรุงเทพมหานคร,1.0,0.8,motorcycle,4,4,True,,304,1,266,76.8
plate_04461.jpg,cnn+paddle,1กส,0.7699,True,"whole crop, fallback",,2732,1.0,กรุงเทพมหานคร,1.0,0.8,motorcycle,4,4,True,,304,1,266,76.8
plate_04461.jpg,easyocr+cnn+paddle,1กส,0.7699,True,"whole crop, fallback",,2732,1.0,กรุงเทพมหานคร,1.0,0.8,motorcycle,4,4,True,,304,1,266,76.8
plate_04461.jpg,easyocr+cnn+tesseract+paddle,1กส,0.7699,True,"whole crop, fallback",,2732,1.0,กรุงเทพมหานคร,1.0,0.8,motorcycle,4,4,True,,304,1,266,76.8
plate_04515.jpg,group,3กพ,0.3725,True,whole crop,,6644,1.0,ชลบุรี,0.999,0.545,motorcycle,3,4,True,,318,1,277,78.6
plate_04515.jpg,easyocr,3กต,0.4543,True,per-letter,,6644,1.0,ชลบุรี,0.999,0.545,motorcycle,3,4,True,,318,1,277,493.7
plate_04515.jpg,cnn,3กฬ,0.9913,True,per-letter,,6644,1.0,ชลบุรี,0.999,0.545,motorcycle,3,4,True,,318,1,277,3.7
plate_04515.jpg,tesseract,3กฬ,0.9212,True,per-letter,,6644,1.0,ชลบุรี,0.999,0.545,motorcycle,3,4,True,,318,1,277,278.9
plate_04515.jpg,paddle,3กพ,0.6604,True,per-letter,,6644,1.0,ชลบุรี,0.999,0.545,motorcycle,3,4,True,,318,1,277,225.3
plate_04515.jpg,easyocr+cnn,3กฬ,0.9225,True,per-letter,easyocr=3กต|cnn=3กฬ,6644,1.0,ชลบุรี,0.999,0.545,motorcycle,3,4,True,,318,1,277,497.4
plate_04515.jpg,cnn+paddle,3กฬ,0.6172,True,per-letter,cnn=3กฬ|paddle=3กพ,6644,1.0,ชลบุรี,0.999,0.545,motorcycle,3,4,True,,318,1,277,229.0
plate_04515.jpg,easyocr+cnn+paddle,3กฬ,0.6146,True,per-letter,easyocr=3กต|cnn=3กฬ|paddle=3กพ,6644,1.0,ชลบุรี,0.999,0.545,motorcycle,3,4,True,,318,1,277,722.7
plate_04515.jpg,easyocr+cnn+tesseract+paddle,3กฬ,0.6296,True,per-letter,easyocr=3กต|cnn=3กฬ|tesseract=3กฬ|paddle=3กพ,6644,1.0,ชลบุรี,0.999,0.545,motorcycle,3,4,True,,318,1,277,1001.6
plate_04529.jpg,group,4ขด,0.8909,True,whole crop,,1486,1.0,กรุงเทพมหานคร,1.0,0.696,motorcycle,3,4,False,,300,2,277,81.3
plate_04529.jpg,easyocr,4ขด,0.7886,True,per-letter,,1486,1.0,กรุงเทพมหานคร,1.0,0.696,motorcycle,3,4,False,,300,2,277,467.1
plate_04529.jpg,cnn,4ขด,0.973,True,per-letter,,1486,1.0,กรุงเทพมหานคร,1.0,0.696,motorcycle,3,4,False,,300,2,277,2.5
plate_04529.jpg,tesseract,?ขด,0.0,False,per-letter,,1486,1.0,กรุงเทพมหานคร,1.0,0.696,motorcycle,3,4,True,,300,2,277,341.3
plate_04529.jpg,paddle,4ซด,0.6183,True,per-letter,,1486,1.0,กรุงเทพมหานคร,1.0,0.696,motorcycle,3,4,True,,300,2,277,221.7
plate_04529.jpg,easyocr+cnn,4ขด,0.9322,True,per-letter,easyocr=4ขด|cnn=4ขด,1486,1.0,กรุงเทพมหานคร,1.0,0.696,motorcycle,3,4,False,,300,2,277,469.6
plate_04529.jpg,cnn+paddle,4ขด,0.8281,True,per-letter,cnn=4ขด|paddle=4ซด,1486,1.0,กรุงเทพมหานคร,1.0,0.696,motorcycle,3,4,False,,300,2,277,224.2
plate_04529.jpg,easyocr+cnn+paddle,4ขด,0.8318,True,per-letter,easyocr=4ขด|cnn=4ขด|paddle=4ซด,1486,1.0,กรุงเทพมหานคร,1.0,0.696,motorcycle,3,4,False,,300,2,277,691.3
plate_04529.jpg,easyocr+cnn+tesseract+paddle,4ขด,0.8426,True,per-letter,easyocr=4ขด|cnn=4ขด|tesseract=กขด|paddle=4ซด,1486,1.0,กรุงเทพมหานคร,1.0,0.696,motorcycle,3,4,False,,300,2,277,1032.5
plate_04530.jpg,group,1กช,0.5448,True,whole crop,,2491,0.987,สมุทรสงคราม,0.988,0.353,motorcycle,3,4,True,,184,11,267,82.3
plate_04530.jpg,easyocr,1กร,0.5415,True,per-letter,,2491,0.987,สมุทรสงคราม,0.988,0.353,motorcycle,3,4,True,,184,11,267,585.6
plate_04530.jpg,cnn,1กข,0.9823,True,per-letter,,2491,0.987,สมุทรสงคราม,0.988,0.353,motorcycle,3,4,True,,184,11,267,3.1
plate_04530.jpg,tesseract,1กข,0.7181,True,per-letter,,2491,0.987,สมุทรสงคราม,0.988,0.353,motorcycle,3,4,True,,184,11,267,280.0
plate_04530.jpg,paddle,1กซ,0.9925,True,per-letter,,2491,0.987,สมุทรสงคราม,0.988,0.353,motorcycle,3,4,True,,184,11,267,231.2
plate_04530.jpg,easyocr+cnn,1กข,0.8487,True,per-letter,easyocr=1กร|cnn=1กข,2491,0.987,สมุทรสงคราม,0.988,0.353,motorcycle,3,4,True,,184,11,267,588.6
plate_04530.jpg,cnn+paddle,1กข,0.5665,True,per-letter,cnn=1กข|paddle=1กซ,2491,0.987,สมุทรสงคราม,0.988,0.353,motorcycle,3,4,True,,184,11,267,234.2
plate_04530.jpg,easyocr+cnn+paddle,1กข,0.536,True,per-letter,easyocr=1กร|cnn=1กข|paddle=1กซ,2491,0.987,สมุทรสงคราม,0.988,0.353,motorcycle,3,4,True,,184,11,267,819.8
plate_04530.jpg,easyocr+cnn+tesseract+paddle,1กข,0.5358,True,per-letter,easyocr=1กร|cnn=1กข|tesseract=1กข|paddle=1กซ,2491,0.987,สมุทรสงคราม,0.988,0.353,motorcycle,3,4,True,,184,11,267,1099.8
plate_04531.jpg,group,ดร,0.0611,True,whole crop,,8,0.28,เลย,0.898,0.0,motorcycle,2,2,True,,197,8,241,85.5
plate_04531.jpg,easyocr,ยต,0.173,True,per-letter,,8,0.28,เลย,0.898,0.0,motorcycle,2,2,True,,197,8,241,476.3
plate_04531.jpg,cnn,34,0.1938,True,per-letter,,8,0.28,เลย,0.898,0.0,motorcycle,2,2,True,,197,8,241,4.0
plate_04531.jpg,tesseract,2?,0.0,False,per-letter,,8,0.28,เลย,0.898,0.0,motorcycle,2,2,True,,197,8,241,256.4
plate_04531.jpg,paddle,ซอ,0.4859,True,per-letter,,8,0.28,เลย,0.898,0.0,motorcycle,2,2,True,,197,8,241,156.2
plate_04531.jpg,easyocr+cnn,44,0.2074,True,per-letter,easyocr=ยต|cnn=44,8,0.28,เลย,0.898,0.0,motorcycle,2,2,True,,197,8,241,480.4
plate_04531.jpg,cnn+paddle,ซอ,0.214,True,per-letter,cnn=44|paddle=ซอ,8,0.28,เลย,0.898,0.0,motorcycle,2,2,True,,197,8,241,160.2
plate_04531.jpg,easyocr+cnn+paddle,ซอ,0.1984,True,per-letter,easyocr=ยต|cnn=44|paddle=ซอ,8,0.28,เลย,0.898,0.0,motorcycle,2,2,True,,197,8,241,636.5
plate_04531.jpg,easyocr+cnn+tesseract+paddle,ซอ,0.1975,True,per-letter,easyocr=ยต|cnn=44|tesseract=2ก|paddle=ซอ,8,0.28,เลย,0.898,0.0,motorcycle,2,2,True,,197,8,241,892.9
plate_04532.jpg,group,8ชช,0.2292,True,whole crop,,1514,1.0,กรุงเทพมหานคร,1.0,0.727,motorcycle,3,4,True,,272,1,273,78.9
plate_04532.jpg,easyocr,8ขข,0.8117,True,per-letter,,1514,1.0,กรุงเทพมหานคร,1.0,0.727,motorcycle,3,4,False,,272,1,273,642.6
plate_04532.jpg,cnn,8ขข,0.9605,True,per-letter,,1514,1.0,กรุงเทพมหานคร,1.0,0.727,motorcycle,3,4,False,,272,1,273,2.6
plate_04532.jpg,tesseract,8ขข,0.9841,True,per-letter,,1514,1.0,กรุงเทพมหานคร,1.0,0.727,motorcycle,3,4,False,,272,1,273,243.5
plate_04532.jpg,paddle,8ซซ,0.9619,True,per-letter,,1514,1.0,กรุงเทพมหานคร,1.0,0.727,motorcycle,3,4,False,,272,1,273,238.2
plate_04532.jpg,easyocr+cnn,8ขข,0.9228,True,per-letter,easyocr=8ขข|cnn=8ขข,1514,1.0,กรุงเทพมหานคร,1.0,0.727,motorcycle,3,4,False,,272,1,273,645.1
plate_04532.jpg,cnn+paddle,8ขข,0.3875,True,per-letter,cnn=8ขข|paddle=8ซซ,1514,1.0,กรุงเทพมหานคร,1.0,0.727,motorcycle,3,4,True,,272,1,273,240.8
plate_04532.jpg,easyocr+cnn+paddle,8ขข,0.4879,True,per-letter,easyocr=8ขข|cnn=8ขข|paddle=8ซซ,1514,1.0,กรุงเทพมหานคร,1.0,0.727,motorcycle,3,4,True,,272,1,273,883.3
plate_04532.jpg,easyocr+cnn+tesseract+paddle,8ขข,0.5249,True,per-letter,easyocr=8ขข|cnn=8ขข|tesseract=8ขข|paddle=8ซซ,1514,1.0,กรุงเทพมหานคร,1.0,0.727,motorcycle,3,4,True,,272,1,273,1126.9
plate_04536.jpg,group,ด,0.0579,True,whole crop,,1,0.265,ระนอง,0.217,0.0,motorcycle,2,4,True,,185,1,301,79.5
plate_04536.jpg,easyocr,ลธ,0.3125,True,per-letter,,1,0.265,ระนอง,0.217,0.0,motorcycle,2,4,True,,185,1,301,496.8
plate_04536.jpg,cnn,65,0.6519,True,per-letter,,1,0.265,ระนอง,0.217,0.0,motorcycle,2,4,True,,185,1,301,3.1
plate_04536.jpg,tesseract,อ?,0.0,False,per-letter,,1,0.265,ระนอง,0.217,0.0,motorcycle,2,4,True,,185,1,301,268.5
plate_04536.jpg,paddle,ซด,0.335,True,per-letter,,1,0.265,ระนอง,0.217,0.0,motorcycle,2,4,True,,185,1,301,175.3
plate_04536.jpg,easyocr+cnn,6ธ,0.3615,True,per-letter,easyocr=ลธ|cnn=65,1,0.265,ระนอง,0.217,0.0,motorcycle,2,4,True,,185,1,301,499.9
plate_04536.jpg,cnn+paddle,65,0.3009,True,per-letter,cnn=65|paddle=ซด,1,0.265,ระนอง,0.217,0.0,motorcycle,2,4,True,,185,1,301,178.4
plate_04536.jpg,easyocr+cnn+paddle,6ธ,0.2808,True,per-letter,easyocr=ลธ|cnn=65|paddle=ซด,1,0.265,ระนอง,0.217,0.0,motorcycle,2,4,True,,185,1,301,675.2
plate_04536.jpg,easyocr+cnn+tesseract+paddle,6ธ,0.2788,True,per-letter,easyocr=ลธ|cnn=65|tesseract=อก|paddle=ซด,1,0.265,ระนอง,0.217,0.0,motorcycle,2,4,True,,185,1,301,943.7
plate_04537.jpg,group,9ขล,0.8237,True,whole crop,,604,0.974,กรุงเทพมหานคร,1.0,0.833,motorcycle,3,3,False,,290,8,241,86.5
plate_04537.jpg,easyocr,9ขส,0.2137,True,per-letter,,604,0.974,กรุงเทพมหานคร,1.0,0.833,motorcycle,3,3,True,,290,8,241,478.4
plate_04537.jpg,cnn,9ขล,0.9743,True,per-letter,,604,0.974,กรุงเทพมหานคร,1.0,0.833,motorcycle,3,3,False,,290,8,241,3.4
plate_04537.jpg,tesseract,?ขล,0.0,False,per-letter,,604,0.974,กรุงเทพมหานคร,1.0,0.833,motorcycle,3,3,True,,290,8,241,317.5
plate_04537.jpg,paddle,9ซล,0.6461,True,per-letter,,604,0.974,กรุงเทพมหานคร,1.0,0.833,motorcycle,3,3,True,,290,8,241,220.1
plate_04537.jpg,easyocr+cnn,9ขล,0.8186,True,per-letter,easyocr=9ตต|cnn=9ขล,604,0.974,กรุงเทพมหานคร,1.0,0.833,motorcycle,3,3,False,,290,8,241,481.8
plate_04537.jpg,cnn+paddle,9ขล,0.7201,True,per-letter,cnn=9ขล|paddle=9ซล,604,0.974,กรุงเทพมหานคร,1.0,0.833,motorcycle,3,3,False,,290,8,241,223.5
plate_04537.jpg,easyocr+cnn+paddle,9ขล,0.6788,True,per-letter,easyocr=9ตต|cnn=9ขล|paddle=9ซล,604,0.974,กรุงเทพมหานคร,1.0,0.833,motorcycle,3,3,True,,290,8,241,702.0
plate_04537.jpg,easyocr+cnn+tesseract+paddle,9ขล,0.6966,True,per-letter,easyocr=9ตต|cnn=9ขล|tesseract=กขล|paddle=9ซล,604,0.974,กรุงเทพมหานคร,1.0,0.833,motorcycle,3,3,True,,290,8,241,1019.4
plate_04540.jpg,group,หร,0.1163,True,whole crop,,1,0.988,กรุงเทพมหานคร,1.0,0.444,motorcycle,3,1,True,,220,8,241,80.9
plate_04540.jpg,easyocr,ตตร,0.1168,True,per-letter,,1,0.988,กรุงเทพมหานคร,1.0,0.444,motorcycle,3,1,True,,220,8,241,428.4
plate_04540.jpg,cnn,ฬทร,0.5331,True,per-letter,,1,0.988,กรุงเทพมหานคร,1.0,0.444,motorcycle,3,1,True,,220,8,241,2.7
plate_04540.jpg,tesseract,1กจ,0.5078,True,per-letter,,1,0.988,กรุงเทพมหานคร,1.0,0.444,motorcycle,3,1,True,,220,8,241,366.4
plate_04540.jpg,paddle,พพร,0.7003,True,per-letter,,1,0.988,กรุงเทพมหานคร,1.0,0.444,motorcycle,3,1,True,,220,8,241,219.0
plate_04540.jpg,easyocr+cnn,ฬทร,0.536,True,per-letter,easyocr=ตต1|cnn=ฬทร,1,0.988,กรุงเทพมหานคร,1.0,0.444,motorcycle,3,1,True,,220,8,241,431.1
plate_04540.jpg,cnn+paddle,พทร,0.4204,True,per-letter,cnn=ฬทร|paddle=พพร,1,0.988,กรุงเทพมหานคร,1.0,0.444,motorcycle,3,1,True,,220,8,241,221.7
plate_04540.jpg,easyocr+cnn+paddle,พทร,0.4104,True,per-letter,easyocr=ตต1|cnn=ฬทร|paddle=พพร,1,0.988,กรุงเทพมหานคร,1.0,0.444,motorcycle,3,1,True,,220,8,241,650.1
plate_04540.jpg,easyocr+cnn+tesseract+paddle,พทร,0.3856,True,per-letter,easyocr=ตต1|cnn=ฬทร|tesseract=11จ|paddle=พพร,1,0.988,กรุงเทพมหานคร,1.0,0.444,motorcycle,3,1,True,,220,8,241,1016.6
plate_04562.jpg,group,ณข,0.4663,True,whole crop,,1111,0.657,เลย,0.36,0.333,car,2,4,True,,306,1,263,81.5
plate_04562.jpg,easyocr,กข,0.9114,True,per-letter,,1111,0.657,เลย,0.36,0.333,car,2,4,True,,306,1,263,265.8
plate_04562.jpg,cnn,ณข,0.9854,True,per-letter,,1111,0.657,เลย,0.36,0.333,car,2,4,True,,306,1,263,2.1
plate_04562.jpg,tesseract,นข,0.9388,True,per-letter,,1111,0.657,เลย,0.36,0.333,car,2,4,True,,306,1,263,203.8
plate_04562.jpg,paddle,ณซ,0.4444,True,per-letter,,1111,0.657,เลย,0.36,0.333,car,2,4,True,,306,1,263,155.7
plate_04562.jpg,easyocr+cnn,ณข,0.7423,True,per-letter,easyocr=กข|cnn=ณข,1111,0.657,เลย,0.36,0.333,car,2,4,True,,306,1,263,267.9
plate_04562.jpg,cnn+paddle,ณข,0.8084,True,per-letter,cnn=ณข|paddle=ณซ,1111,0.657,เลย,0.36,0.333,car,2,4,True,,306,1,263,157.8
plate_04562.jpg,easyocr+cnn+paddle,ณข,0.6972,True,per-letter,easyocr=กข|cnn=ณข|paddle=ณซ,1111,0.657,เลย,0.36,0.333,car,2,4,True,,306,1,263,423.6
plate_04562.jpg,easyocr+cnn+tesseract+paddle,ณข,0.6836,True,per-letter,easyocr=กข|cnn=ณข|tesseract=นข|paddle=ณซ,1111,0.657,เลย,0.36,0.333,car,2,4,True,,306,1,263,627.3
plate_04574.jpg,group,ณข,0.1824,True,whole crop,,1447,0.949,ภูเก็ต,0.988,0.4,car,2,4,True,,395,1,265,79.1
plate_04574.jpg,easyocr,กบ,0.6436,True,per-letter,,1447,0.949,ภูเก็ต,0.988,0.4,car,2,4,True,,395,1,265,260.8
plate_04574.jpg,cnn,ณข,0.9583,True,per-letter,,1447,0.949,ภูเก็ต,0.988,0.4,car,2,4,True,,395,1,265,2.0
plate_04574.jpg,tesseract,?ข,0.0,False,per-letter,,1447,0.949,ภูเก็ต,0.988,0.4,car,2,4,True,,395,1,265,159.9
plate_04574.jpg,paddle,นซ,0.3463,True,per-letter,,1447,0.949,ภูเก็ต,0.988,0.4,car,2,4,True,,395,1,265,154.6
plate_04574.jpg,easyocr+cnn,ณข,0.5879,True,per-letter,easyocr=กบ|cnn=ณข,1447,0.949,ภูเก็ต,0.988,0.4,car,2,4,True,,395,1,265,262.8
plate_04574.jpg,cnn+paddle,ณข,0.6117,True,per-letter,cnn=ณข|paddle=นซ,1447,0.949,ภูเก็ต,0.988,0.4,car,2,4,True,,395,1,265,156.5
plate_04574.jpg,easyocr+cnn+paddle,ณข,0.4671,True,per-letter,easyocr=กบ|cnn=ณข|paddle=นซ,1447,0.949,ภูเก็ต,0.988,0.4,car,2,4,True,,395,1,265,417.3
plate_04574.jpg,easyocr+cnn+tesseract+paddle,ณข,0.4877,True,per-letter,easyocr=กบ|cnn=ณข|tesseract=กข|paddle=นซ,1447,0.949,ภูเก็ต,0.988,0.4,car,2,4,True,,395,1,265,577.2
plate_04577.jpg,group,2ขค,0.7954,True,whole crop,,2963,1.0,กรุงเทพมหานคร,1.0,0.87,motorcycle,3,4,False,,349,8,261,77.6
plate_04577.jpg,easyocr,2บค,0.3787,True,per-letter,,2963,1.0,กรุงเทพมหานคร,1.0,0.87,motorcycle,3,4,True,,349,8,261,359.0
plate_04577.jpg,cnn,2ขค,0.9802,True,per-letter,,2963,1.0,กรุงเทพมหานคร,1.0,0.87,motorcycle,3,4,False,,349,8,261,3.3
plate_04577.jpg,tesseract,2ขด,0.9302,True,per-letter,,2963,1.0,กรุงเทพมหานคร,1.0,0.87,motorcycle,3,4,False,,349,8,261,243.5
plate_04577.jpg,paddle,2ซค,0.6993,True,per-letter,,2963,1.0,กรุงเทพมหานคร,1.0,0.87,motorcycle,3,4,True,,349,8,261,234.5
plate_04577.jpg,easyocr+cnn,2ขค,0.923,True,per-letter,easyocr=2บค|cnn=2ขค,2963,1.0,กรุงเทพมหานคร,1.0,0.87,motorcycle,3,4,False,,349,8,261,362.3
plate_04577.jpg,cnn+paddle,2ขค,0.8606,True,per-letter,cnn=2ขค|paddle=2ซค,2963,1.0,กรุงเทพมหานคร,1.0,0.87,motorcycle,3,4,False,,349,8,261,237.8
plate_04577.jpg,easyocr+cnn+paddle,2ขค,0.8626,True,per-letter,easyocr=2บค|cnn=2ขค|paddle=2ซค,2963,1.0,กรุงเทพมหานคร,1.0,0.87,motorcycle,3,4,False,,349,8,261,596.8
plate_04577.jpg,easyocr+cnn+tesseract+paddle,2ขค,0.8173,True,per-letter,easyocr=2บค|cnn=2ขค|tesseract=2ขด|paddle=2ซค,2963,1.0,กรุงเทพมหานคร,1.0,0.87,motorcycle,3,4,False,,349,8,261,840.4
plate_04639.jpg,group,มกก,0.1609,True,whole crop,,5786,0.618,ชลบุรี,0.797,0.462,motorcycle,3,4,True,,302,6,266,78.4
plate_04639.jpg,easyocr,3กก,0.9994,True,per-letter,,5786,0.618,ชลบุรี,0.797,0.462,motorcycle,3,4,True,,302,6,266,352.4
plate_04639.jpg,cnn,3กก,0.9891,True,per-letter,,5786,0.618,ชลบุรี,0.797,0.462,motorcycle,3,4,True,,302,6,266,4.1
plate_04639.jpg,tesseract,3กก,0.9861,True,per-letter,,5786,0.618,ชลบุรี,0.797,0.462,motorcycle,3,4,True,,302,6,266,277.6
plate_04639.jpg,paddle,3กก,0.9985,True,per-letter,,5786,0.618,ชลบุรี,0.797,0.462,motorcycle,3,4,True,,302,6,266,231.5
plate_04639.jpg,easyocr+cnn,3กก,0.9928,True,per-letter,easyocr=3กก|cnn=3กก,5786,0.618,ชลบุรี,0.797,0.462,motorcycle,3,4,True,,302,6,266,356.5
plate_04639.jpg,cnn+paddle,3กก,0.9929,True,per-letter,cnn=3กก|paddle=3กก,5786,0.618,ชลบุรี,0.797,0.462,motorcycle,3,4,True,,302,6,266,235.6
plate_04639.jpg,easyocr+cnn+paddle,3กก,0.9947,True,per-letter,easyocr=3กก|cnn=3กก|paddle=3กก,5786,0.618,ชลบุรี,0.797,0.462,motorcycle,3,4,True,,302,6,266,588.0
plate_04639.jpg,easyocr+cnn+tesseract+paddle,3กก,0.9939,True,per-letter,easyocr=3กก|cnn=3กก|tesseract=3กก|paddle=3กก,5786,0.618,ชลบุรี,0.797,0.462,motorcycle,3,4,True,,302,6,266,865.6
plate_04640.jpg,group,4กพ,0.9246,True,whole crop,,7322,0.997,ชลบุรี,1.0,0.833,motorcycle,3,4,False,,289,1,274,84.4
plate_04640.jpg,easyocr,4กพ,0.9989,True,per-letter,,7322,0.997,ชลบุรี,1.0,0.833,motorcycle,3,4,False,,289,1,274,496.0
plate_04640.jpg,cnn,4กพ,0.9927,True,per-letter,,7322,0.997,ชลบุรี,1.0,0.833,motorcycle,3,4,False,,289,1,274,2.6
plate_04640.jpg,tesseract,4กพ,0.9983,True,per-letter,,7322,0.997,ชลบุรี,1.0,0.833,motorcycle,3,4,False,,289,1,274,360.0
plate_04640.jpg,paddle,4กพ,0.9984,True,per-letter,,7322,0.997,ชลบุรี,1.0,0.833,motorcycle,3,4,False,,289,1,274,238.5
plate_04640.jpg,easyocr+cnn,4กพ,0.9951,True,per-letter,easyocr=4กพ|cnn=4กพ,7322,0.997,ชลบุรี,1.0,0.833,motorcycle,3,4,False,,289,1,274,498.6
plate_04640.jpg,cnn+paddle,4กพ,0.9951,True,per-letter,cnn=4กพ|paddle=4กพ,7322,0.997,ชลบุรี,1.0,0.833,motorcycle,3,4,False,,289,1,274,241.1
plate_04640.jpg,easyocr+cnn+paddle,4กพ,0.9963,True,per-letter,easyocr=4กพ|cnn=4กพ|paddle=4กพ,7322,0.997,ชลบุรี,1.0,0.833,motorcycle,3,4,False,,289,1,274,737.1
plate_04640.jpg,easyocr+cnn+tesseract+paddle,4กพ,0.9965,True,per-letter,easyocr=4กพ|cnn=4กพ|tesseract=4กพ|paddle=4กพ,7322,0.997,ชลบุรี,1.0,0.833,motorcycle,3,4,False,,289,1,274,1097.1
plate_04652.jpg,group,กกร,0.4104,True,whole crop,,467,0.962,ภูเก็ต,0.543,0.4,motorcycle,3,3,True,,332,11,243,76.6
plate_04652.jpg,easyocr,1กร,0.9926,True,per-letter,,467,0.962,ภูเก็ต,0.543,0.4,motorcycle,3,3,True,,332,11,243,494.7
plate_04652.jpg,cnn,1กร,0.9974,True,per-letter,,467,0.962,ภูเก็ต,0.543,0.4,motorcycle,3,3,True,,332,11,243,2.6
plate_04652.jpg,tesseract,1กว,0.9672,True,per-letter,,467,0.962,ภูเก็ต,0.543,0.4,motorcycle,3,3,True,,332,11,243,321.3
plate_04652.jpg,paddle,1กร,0.9766,True,per-letter,,467,0.962,ภูเก็ต,0.543,0.4,motorcycle,3,3,True,,332,11,243,249.7
plate_04652.jpg,easyocr+cnn,1กร,0.9967,True,per-letter,easyocr=1กร|cnn=1กร,467,0.962,ภูเก็ต,0.543,0.4,motorcycle,3,3,True,,332,11,243,497.3
plate_04652.jpg,cnn+paddle,1กร,0.9913,True,per-letter,cnn=1กร|paddle=1กร,467,0.962,ภูเก็ต,0.543,0.4,motorcycle,3,3,True,,332,11,243,252.3
plate_04652.jpg,easyocr+cnn+paddle,1กร,0.9926,True,per-letter,easyocr=1กร|cnn=1กร|paddle=1กร,467,0.962,ภูเก็ต,0.543,0.4,motorcycle,3,3,True,,332,11,243,747.0
plate_04652.jpg,easyocr+cnn+tesseract+paddle,1กร,0.9696,True,per-letter,easyocr=1กร|cnn=1กร|tesseract=1กว|paddle=1กร,467,0.962,ภูเก็ต,0.543,0.4,motorcycle,3,3,True,,332,11,243,1068.3
plate_04655.jpg,group,4กร,0.8631,True,whole crop,,7952,0.998,ชลบุรี,1.0,0.615,motorcycle,3,4,False,,374,1,273,80.5
plate_04655.jpg,easyocr,4กร,1.0,True,per-letter,,7952,0.998,ชลบุรี,1.0,0.615,motorcycle,3,4,False,,374,1,273,702.3
plate_04655.jpg,cnn,4กร,0.9968,True,per-letter,,7952,0.998,ชลบุรี,1.0,0.615,motorcycle,3,4,False,,374,1,273,2.5
plate_04655.jpg,tesseract,4กร,0.9987,True,per-letter,,7952,0.998,ชลบุรี,1.0,0.615,motorcycle,3,4,False,,374,1,273,306.1
plate_04655.jpg,paddle,4กร,0.9978,True,per-letter,,7952,0.998,ชลบุรี,1.0,0.615,motorcycle,3,4,False,,374,1,273,230.5
plate_04655.jpg,easyocr+cnn,4กร,0.9979,True,per-letter,easyocr=4กร|cnn=4กร,7952,0.998,ชลบุรี,1.0,0.615,motorcycle,3,4,False,,374,1,273,704.8
plate_04655.jpg,cnn+paddle,4กร,0.9969,True,per-letter,cnn=4กร|paddle=4กร,7952,0.998,ชลบุรี,1.0,0.615,motorcycle,3,4,False,,374,1,273,233.0
plate_04655.jpg,easyocr+cnn+paddle,4กร,0.9977,True,per-letter,easyocr=4กร|cnn=4กร|paddle=4กร,7952,0.998,ชลบุรี,1.0,0.615,motorcycle,3,4,False,,374,1,273,935.3
plate_04655.jpg,easyocr+cnn+tesseract+paddle,4กร,0.9978,True,per-letter,easyocr=4กร|cnn=4กร|tesseract=4กร|paddle=4กร,7952,0.998,ชลบุรี,1.0,0.615,motorcycle,3,4,False,,374,1,273,1241.4
plate_04663.jpg,group,บกค,0.355,True,whole crop,,9,0.994,เบตง,1.0,0.667,motorcycle,3,1,True,,282,7,243,77.6
plate_04663.jpg,easyocr,1กค,0.9956,True,per-letter,,9,0.994,เบตง,1.0,0.667,motorcycle,3,1,False,,282,7,243,557.7
plate_04663.jpg,cnn,1กค,0.9855,True,per-letter,,9,0.994,เบตง,1.0,0.667,motorcycle,3,1,False,,282,7,243,2.5
plate_04663.jpg,tesseract,1กค,0.9961,True,per-letter,,9,0.994,เบตง,1.0,0.667,motorcycle,3,1,False,,282,7,243,318.7
plate_04663.jpg,paddle,1กค,0.9775,True,per-letter,,9,0.994,เบตง,1.0,0.667,motorcycle,3,1,False,,282,7,243,283.0
plate_04663.jpg,easyocr+cnn,1กค,0.989,True,per-letter,easyocr=1กค|cnn=1กค,9,0.994,เบตง,1.0,0.667,motorcycle,3,1,False,,282,7,243,560.2
plate_04663.jpg,cnn+paddle,1กค,0.9831,True,per-letter,cnn=1กค|paddle=1กค,9,0.994,เบตง,1.0,0.667,motorcycle,3,1,False,,282,7,243,285.5
plate_04663.jpg,easyocr+cnn+paddle,1กค,0.9864,True,per-letter,easyocr=1กค|cnn=1กค|paddle=1กค,9,0.994,เบตง,1.0,0.667,motorcycle,3,1,False,,282,7,243,843.2
plate_04663.jpg,easyocr+cnn+tesseract+paddle,1กค,0.9874,True,per-letter,easyocr=1กค|cnn=1กค|tesseract=1กค|paddle=1กค,9,0.994,เบตง,1.0,0.667,motorcycle,3,1,False,,282,7,243,1162.0
plate_04664.jpg,group,7ขณ,0.439,True,whole crop,,3001,0.999,กรุงเทพมหานคร,1.0,0.917,motorcycle,3,4,True,,480,1,289,77.2
plate_04664.jpg,easyocr,7ขณ,0.9385,True,per-letter,,3001,0.999,กรุงเทพมหานคร,1.0,0.917,motorcycle,3,4,False,,480,1,289,387.1
plate_04664.jpg,cnn,7ขฌ,0.9774,True,per-letter,,3001,0.999,กรุงเทพมหานคร,1.0,0.917,motorcycle,3,4,False,,480,1,289,3.3
plate_04664.jpg,tesseract,7ขณ,0.9928,True,per-letter,,3001,0.999,กรุงเทพมหานคร,1.0,0.917,motorcycle,3,4,False,,480,1,289,305.4
plate_04664.jpg,paddle,7ขพ,0.4464,True,per-letter,,3001,0.999,กรุงเทพมหานคร,1.0,0.917,motorcycle,3,4,True,,480,1,289,251.7
plate_04664.jpg,easyocr+cnn,7ขฌ,0.5768,True,per-letter,easyocr=7ขณ|cnn=7ขฌ,3001,0.999,กรุงเทพมหานคร,1.0,0.917,motorcycle,3,4,True,,480,1,289,390.4
plate_04664.jpg,cnn+paddle,7ขฌ,0.6629,True,per-letter,cnn=7ขฌ|paddle=7ขพ,3001,0.999,กรุงเทพมหานคร,1.0,0.917,motorcycle,3,4,True,,480,1,289,255.0
plate_04664.jpg,easyocr+cnn+paddle,7ขฌ,0.4613,True,per-letter,easyocr=7ขณ|cnn=7ขฌ|paddle=7ขพ,3001,0.999,กรุงเทพมหานคร,1.0,0.917,motorcycle,3,4,True,,480,1,289,642.1
plate_04664.jpg,easyocr+cnn+tesseract+paddle,7ขณ,0.4229,True,per-letter,easyocr=7ขณ|cnn=7ขฌ|tesseract=7ขณ|paddle=7ขพ,3001,0.999,กรุงเทพมหานคร,1.0,0.917,motorcycle,3,4,True,,480,1,289,947.5
plate_04667.jpg,group,1กภ,0.3874,True,whole crop,,9335,0.999,นครปฐม,1.0,1.0,motorcycle,3,4,True,,227,1,271,79.4
plate_04667.jpg,easyocr,1กก,0.9995,True,per-letter,,9335,0.999,นครปฐม,1.0,1.0,motorcycle,3,4,False,,227,1,271,671.3
plate_04667.jpg,cnn,1กภ,0.9956,True,per-letter,,9335,0.999,นครปฐม,1.0,1.0,motorcycle,3,4,False,,227,1,271,4.0
plate_04667.jpg,tesseract,1กภ,0.9882,True,per-letter,,9335,0.999,นครปฐม,1.0,1.0,motorcycle,3,4,False,,227,1,271,264.4
plate_04667.jpg,paddle,1กก,0.8643,True,per-letter,,9335,0.999,นครปฐม,1.0,1.0,motorcycle,3,4,False,,227,1,271,267.1
plate_04667.jpg,easyocr+cnn,1กภ,0.7218,True,per-letter,easyocr=1กก|cnn=1กภ,9335,0.999,นครปฐม,1.0,1.0,motorcycle,3,4,False,,227,1,271,675.3
plate_04667.jpg,cnn+paddle,1กภ,0.7764,True,per-letter,cnn=1กภ|paddle=1กก,9335,0.999,นครปฐม,1.0,1.0,motorcycle,3,4,False,,227,1,271,271.0
plate_04667.jpg,easyocr+cnn+paddle,1กภ,0.6049,True,per-letter,easyocr=1กก|cnn=1กภ|paddle=1กก,9335,0.999,นครปฐม,1.0,1.0,motorcycle,3,4,True,,227,1,271,942.3
plate_04667.jpg,easyocr+cnn+tesseract+paddle,1กภ,0.6441,True,per-letter,easyocr=1กก|cnn=1กภ|tesseract=1กภ|paddle=1กก,9335,0.999,นครปฐม,1.0,1.0,motorcycle,3,4,True,,227,1,271,1206.8
plate_04670.jpg,group,5ขธ,0.4123,True,whole crop,,3866,1.0,กรุงเทพมหานคร,1.0,0.8,motorcycle,3,4,True,,275,1,279,79.2
plate_04670.jpg,easyocr,5ขธ,0.9998,True,per-letter,,3866,1.0,กรุงเทพมหานคร,1.0,0.8,motorcycle,3,4,False,,275,1,279,799.2
plate_04670.jpg,cnn,5ขธ,0.9876,True,per-letter,,3866,1.0,กรุงเทพมหานคร,1.0,0.8,motorcycle,3,4,False,,275,1,279,3.0
plate_04670.jpg,tesseract,5ขธ,0.9965,True,per-letter,,3866,1.0,กรุงเทพมหานคร,1.0,0.8,motorcycle,3,4,False,,275,1,279,308.8
plate_04670.jpg,paddle,5ขธ,0.8391,True,per-letter,,3866,1.0,กรุงเทพมหานคร,1.0,0.8,motorcycle,3,4,False,,275,1,279,268.9
plate_04670.jpg,easyocr+cnn,5ขธ,0.9918,True,per-letter,easyocr=5ขธ|cnn=5ขธ,3866,1.0,กรุงเทพมหานคร,1.0,0.8,motorcycle,3,4,False,,275,1,279,802.2
plate_04670.jpg,cnn+paddle,5ขธ,0.9468,True,per-letter,cnn=5ขธ|paddle=5ขธ,3866,1.0,กรุงเทพมหานคร,1.0,0.8,motorcycle,3,4,False,,275,1,279,271.9
plate_04670.jpg,easyocr+cnn+paddle,5ขธ,0.9606,True,per-letter,easyocr=5ขธ|cnn=5ขธ|paddle=5ขธ,3866,1.0,กรุงเทพมหานคร,1.0,0.8,motorcycle,3,4,False,,275,1,279,1071.0
plate_04670.jpg,easyocr+cnn+tesseract+paddle,5ขธ,0.9644,True,per-letter,easyocr=5ขธ|cnn=5ขธ|tesseract=5ขธ|paddle=5ขธ,3866,1.0,กรุงเทพมหานคร,1.0,0.8,motorcycle,3,4,False,,275,1,279,1379.8
plate_04671.jpg,group,1กจ,0.7868,True,whole crop,,286,0.999,สระแก้ว,1.0,0.857,motorcycle,4,3,True,,247,1,257,88.2
plate_04671.jpg,easyocr,1กจ,0.7868,True,"whole crop, fallback",,286,0.999,สระแก้ว,1.0,0.857,motorcycle,4,3,True,,247,1,257,88.2
plate_04671.jpg,cnn,1กจ,0.7868,True,"whole crop, fallback",,286,0.999,สระแก้ว,1.0,0.857,motorcycle,4,3,True,,247,1,257,88.2
plate_04671.jpg,tesseract,1กจ,0.7868,True,"whole crop, fallback",,286,0.999,สระแก้ว,1.0,0.857,motorcycle,4,3,True,,247,1,257,88.2
plate_04671.jpg,paddle,1กจ,0.7868,True,"whole crop, fallback",,286,0.999,สระแก้ว,1.0,0.857,motorcycle,4,3,True,,247,1,257,88.2
plate_04671.jpg,easyocr+cnn,1กจ,0.7868,True,"whole crop, fallback",,286,0.999,สระแก้ว,1.0,0.857,motorcycle,4,3,True,,247,1,257,88.2
plate_04671.jpg,cnn+paddle,1กจ,0.7868,True,"whole crop, fallback",,286,0.999,สระแก้ว,1.0,0.857,motorcycle,4,3,True,,247,1,257,88.2
plate_04671.jpg,easyocr+cnn+paddle,1กจ,0.7868,True,"whole crop, fallback",,286,0.999,สระแก้ว,1.0,0.857,motorcycle,4,3,True,,247,1,257,88.2
plate_04671.jpg,easyocr+cnn+tesseract+paddle,1กจ,0.7868,True,"whole crop, fallback",,286,0.999,สระแก้ว,1.0,0.857,motorcycle,4,3,True,,247,1,257,88.2
plate_04676.jpg,group,5ขว,0.6986,True,whole crop,,60,0.695,กรุงเทพมหานคร,1.0,0.783,motorcycle,3,2,True,,253,1,240,78.8
plate_04676.jpg,easyocr,5ขว,0.9145,True,per-letter,,60,0.695,กรุงเทพมหานคร,1.0,0.783,motorcycle,3,2,True,,253,1,240,443.0
plate_04676.jpg,cnn,5ขว,0.9888,True,per-letter,,60,0.695,กรุงเทพมหานคร,1.0,0.783,motorcycle,3,2,True,,253,1,240,6.4
plate_04676.jpg,tesseract,5ขว,0.9814,True,per-letter,,60,0.695,กรุงเทพมหานคร,1.0,0.783,motorcycle,3,2,True,,253,1,240,231.2
plate_04676.jpg,paddle,5ขว,0.5339,True,per-letter,,60,0.695,กรุงเทพมหานคร,1.0,0.783,motorcycle,3,2,True,,253,1,240,226.3
plate_04676.jpg,easyocr+cnn,5ขว,0.9752,True,per-letter,easyocr=5ขว|cnn=5ขว,60,0.695,กรุงเทพมหานคร,1.0,0.783,motorcycle,3,2,True,,253,1,240,449.4
plate_04676.jpg,cnn+paddle,5ขว,0.9033,True,per-letter,cnn=5ขว|paddle=5ซว,60,0.695,กรุงเทพมหานคร,1.0,0.783,motorcycle,3,2,True,,253,1,240,232.7
plate_04676.jpg,easyocr+cnn+paddle,5ขว,0.9208,True,per-letter,easyocr=5ขว|cnn=5ขว|paddle=5ซว,60,0.695,กรุงเทพมหานคร,1.0,0.783,motorcycle,3,2,True,,253,1,240,675.7
plate_04676.jpg,easyocr+cnn+tesseract+paddle,5ขว,0.9268,True,per-letter,easyocr=5ขว|cnn=5ขว|tesseract=5ขว|paddle=5ซว,60,0.695,กรุงเทพมหานคร,1.0,0.783,motorcycle,3,2,True,,253,1,240,906.9
plate_04677.jpg,group,1กณ,0.1894,True,whole crop,,344,0.997,กรุงเทพมหานคร,1.0,0.72,motorcycle,3,3,True,,206,2,260,79.3
plate_04677.jpg,easyocr,1กก,0.9991,True,per-letter,,344,0.997,กรุงเทพมหานคร,1.0,0.72,motorcycle,3,3,False,,206,2,260,449.3
plate_04677.jpg,cnn,1กฌ,0.7269,True,per-letter,,344,0.997,กรุงเทพมหานคร,1.0,0.72,motorcycle,3,3,False,,206,2,260,3.1
plate_04677.jpg,tesseract,1ก?,0.0,False,per-letter,,344,0.997,กรุงเทพมหานคร,1.0,0.72,motorcycle,3,3,True,,206,2,260,239.7
plate_04677.jpg,paddle,1กป,0.5483,True,per-letter,,344,0.997,กรุงเทพมหานคร,1.0,0.72,motorcycle,3,3,True,,206,2,260,219.4
plate_04677.jpg,easyocr+cnn,1กก,0.4836,True,per-letter,easyocr=1กก|cnn=1กฌ,344,0.997,กรุงเทพมหานคร,1.0,0.72,motorcycle,3,3,True,,206,2,260,452.5
plate_04677.jpg,cnn+paddle,1กฌ,0.521,True,per-letter,cnn=1กฌ|paddle=1กป,344,0.997,กรุงเทพมหานคร,1.0,0.72,motorcycle,3,3,True,,206,2,260,222.5
plate_04677.jpg,easyocr+cnn+paddle,1กก,0.4578,True,per-letter,easyocr=1กก|cnn=1กฌ|paddle=1กป,344,0.997,กรุงเทพมหานคร,1.0,0.72,motorcycle,3,3,True,,206,2,260,671.9
plate_04677.jpg,easyocr+cnn+tesseract+paddle,1กก,0.4572,True,per-letter,easyocr=1กก|cnn=1กฌ|tesseract=1กก|paddle=1กป,344,0.997,กรุงเทพมหานคร,1.0,0.72,motorcycle,3,3,True,,206,2,260,911.6
plate_04682.jpg,group,4ขจ,0.9888,True,whole crop,,473,1.0,กรุงเทพมหานคร,1.0,0.833,motorcycle,3,3,False,,280,1,258,76.5
plate_04682.jpg,easyocr,4ขจ,0.9171,True,per-letter,,473,1.0,กรุงเทพมหานคร,1.0,0.833,motorcycle,3,3,False,,280,1,258,697.7
plate_04682.jpg,cnn,4ขจ,0.9936,True,per-letter,,473,1.0,กรุงเทพมหานคร,1.0,0.833,motorcycle,3,3,False,,280,1,258,3.5
plate_04682.jpg,tesseract,4ขจ,0.9973,True,per-letter,,473,1.0,กรุงเทพมหานคร,1.0,0.833,motorcycle,3,3,False,,280,1,258,316.6
plate_04682.jpg,paddle,4ขจ,0.6574,True,per-letter,,473,1.0,กรุงเทพมหานคร,1.0,0.833,motorcycle,3,3,True,,280,1,258,215.4
plate_04682.jpg,easyocr+cnn,4ขจ,0.9735,True,per-letter,easyocr=4ขจ|cnn=4ขจ,473,1.0,กรุงเทพมหานคร,1.0,0.833,motorcycle,3,3,False,,280,1,258,701.2
plate_04682.jpg,cnn+paddle,4ขจ,0.9303,True,per-letter,cnn=4ขจ|paddle=4ซจ,473,1.0,กรุงเทพมหานคร,1.0,0.833,motorcycle,3,3,False,,280,1,258,218.8
plate_04682.jpg,easyocr+cnn+paddle,4ขจ,0.9443,True,per-letter,easyocr=4ขจ|cnn=4ขจ|paddle=4ซจ,473,1.0,กรุงเทพมหานคร,1.0,0.833,motorcycle,3,3,False,,280,1,258,916.6
plate_04682.jpg,easyocr+cnn+tesseract+paddle,4ขจ,0.9505,True,per-letter,easyocr=4ขจ|cnn=4ขจ|tesseract=4ขจ|paddle=4ซจ,473,1.0,กรุงเทพมหานคร,1.0,0.833,motorcycle,3,3,False,,280,1,258,1233.2
plate_04712.jpg,group,1กม,0.7243,True,whole crop,,1852,0.94,บุรีรัมย์,1.0,0.625,motorcycle,3,4,False,,234,1,276,78.7
plate_04712.jpg,easyocr,1กฆ,0.9926,True,per-letter,,1852,0.94,บุรีรัมย์,1.0,0.625,motorcycle,3,4,False,,234,1,276,426.8
plate_04712.jpg,cnn,1กฆ,0.9392,True,per-letter,,1852,0.94,บุรีรัมย์,1.0,0.625,motorcycle,3,4,False,,234,1,276,5.4
plate_04712.jpg,tesseract,1กฝ,0.7204,True,per-letter,,1852,0.94,บุรีรัมย์,1.0,0.625,motorcycle,3,4,False,,234,1,276,359.9
plate_04712.jpg,paddle,1กม,0.9713,True,per-letter,,1852,0.94,บุรีรัมย์,1.0,0.625,motorcycle,3,4,False,,234,1,276,216.2
plate_04712.jpg,easyocr+cnn,1กฆ,0.9573,True,per-letter,easyocr=1กฆ|cnn=1กฆ,1852,0.94,บุรีรัมย์,1.0,0.625,motorcycle,3,4,False,,234,1,276,432.2
plate_04712.jpg,cnn+paddle,1กฆ,0.5552,True,per-letter,cnn=1กฆ|paddle=1กม,1852,0.94,บุรีรัมย์,1.0,0.625,motorcycle,3,4,True,,234,1,276,221.7
plate_04712.jpg,easyocr+cnn+paddle,1กฆ,0.6562,True,per-letter,easyocr=1กฆ|cnn=1กฆ|paddle=1กม,1852,0.94,บุรีรัมย์,1.0,0.625,motorcycle,3,4,True,,234,1,276,648.5
plate_04712.jpg,easyocr+cnn+tesseract+paddle,1กฆ,0.6541,True,per-letter,easyocr=1กฆ|cnn=1กฆ|tesseract=1กฝ|paddle=1กม,1852,0.94,บุรีรัมย์,1.0,0.625,motorcycle,3,4,True,,234,1,276,1008.3
plate_04714.jpg,group,สหร,0.3167,True,whole crop,,88,0.574,กรุงเทพมหานคร,1.0,0.75,motorcycle,2,2,True,,305,8,231,79.7
plate_04714.jpg,easyocr,สท,0.9038,True,per-letter,,88,0.574,กรุงเทพมหานคร,1.0,0.75,motorcycle,2,2,True,,305,8,231,340.8
plate_04714.jpg,cnn,สท,0.9288,True,per-letter,,88,0.574,กรุงเทพมหานคร,1.0,0.75,motorcycle,2,2,True,,305,8,231,3.4
plate_04714.jpg,tesseract,?ห,0.0,False,per-letter,,88,0.574,กรุงเทพมหานคร,1.0,0.75,motorcycle,2,2,True,,305,8,231,157.6
plate_04714.jpg,paddle,สด,0.46,True,per-letter,,88,0.574,กรุงเทพมหานคร,1.0,0.75,motorcycle,2,2,True,,305,8,231,151.4
plate_04714.jpg,easyocr+cnn,สท,0.948,True,per-letter,easyocr=สท|cnn=สท,88,0.574,กรุงเทพมหานคร,1.0,0.75,motorcycle,2,2,True,,305,8,231,344.2
plate_04714.jpg,cnn+paddle,สท,0.6664,True,per-letter,cnn=สท|paddle=สด,88,0.574,กรุงเทพมหานคร,1.0,0.75,motorcycle,2,2,True,,305,8,231,154.8
plate_04714.jpg,easyocr+cnn+paddle,สท,0.7291,True,per-letter,easyocr=สท|cnn=สท|paddle=สด,88,0.574,กรุงเทพมหานคร,1.0,0.75,motorcycle,2,2,True,,305,8,231,495.6
plate_04714.jpg,easyocr+cnn+tesseract+paddle,สท,0.7144,True,per-letter,easyocr=สท|cnn=สท|tesseract=กห|paddle=สด,88,0.574,กรุงเทพมหานคร,1.0,0.75,motorcycle,2,2,True,,305,8,231,653.2
plate_04719.jpg,group,208,0.4386,True,whole crop,,2,0.19,กรุงเทพมหานคร,0.921,0.381,motorcycle,2,3,True,,184,1,253,79.1
plate_04719.jpg,easyocr,208,0.4386,True,"whole crop, fallback",,2,0.19,กรุงเทพมหานคร,0.921,0.381,motorcycle,2,3,True,,184,1,253,79.1
plate_04719.jpg,cnn,208,0.4386,True,"whole crop, fallback",,2,0.19,กรุงเทพมหานคร,0.921,0.381,motorcycle,2,3,True,,184,1,253,79.1
plate_04719.jpg,tesseract,208,0.4386,True,"whole crop, fallback",,2,0.19,กรุงเทพมหานคร,0.921,0.381,motorcycle,2,3,True,,184,1,253,79.1
plate_04719.jpg,paddle,208,0.4386,True,"whole crop, fallback",,2,0.19,กรุงเทพมหานคร,0.921,0.381,motorcycle,2,3,True,,184,1,253,79.1
plate_04719.jpg,easyocr+cnn,208,0.4386,True,"whole crop, fallback",,2,0.19,กรุงเทพมหานคร,0.921,0.381,motorcycle,2,3,True,,184,1,253,79.1
plate_04719.jpg,cnn+paddle,208,0.4386,True,"whole crop, fallback",,2,0.19,กรุงเทพมหานคร,0.921,0.381,motorcycle,2,3,True,,184,1,253,79.1
plate_04719.jpg,easyocr+cnn+paddle,208,0.4386,True,"whole crop, fallback",,2,0.19,กรุงเทพมหานคร,0.921,0.381,motorcycle,2,3,True,,184,1,253,79.1
plate_04719.jpg,easyocr+cnn+tesseract+paddle,208,0.4386,True,"whole crop, fallback",,2,0.19,กรุงเทพมหานคร,0.921,0.381,motorcycle,2,3,True,,184,1,253,79.1
plate_04724.jpg,group,8กอ,0.8992,True,whole crop,,5301,0.605,กรุงเทพมหานคร,1.0,0.815,motorcycle,3,4,True,,242,2,278,77.9
plate_04724.jpg,easyocr,8กอ,0.9989,True,per-letter,,5301,0.605,กรุงเทพมหานคร,1.0,0.815,motorcycle,3,4,True,,242,2,278,475.5
plate_04724.jpg,cnn,8กอ,0.993,True,per-letter,,5301,0.605,กรุงเทพมหานคร,1.0,0.815,motorcycle,3,4,True,,242,2,278,3.3
plate_04724.jpg,tesseract,8กอ,0.998,True,per-letter,,5301,0.605,กรุงเทพมหานคร,1.0,0.815,motorcycle,3,4,True,,242,2,278,233.8
plate_04724.jpg,paddle,8กอ,0.9886,True,per-letter,,5301,0.605,กรุงเทพมหานคร,1.0,0.815,motorcycle,3,4,True,,242,2,278,229.6
plate_04724.jpg,easyocr+cnn,8กอ,0.9952,True,per-letter,easyocr=8กอ|cnn=8กอ,5301,0.605,กรุงเทพมหานคร,1.0,0.815,motorcycle,3,4,True,,242,2,278,478.8
plate_04724.jpg,cnn+paddle,8กอ,0.9923,True,per-letter,cnn=8กอ|paddle=8กอ,5301,0.605,กรุงเทพมหานคร,1.0,0.815,motorcycle,3,4,True,,242,2,278,232.9
plate_04724.jpg,easyocr+cnn+paddle,8กอ,0.9941,True,per-letter,easyocr=8กอ|cnn=8กอ|paddle=8กอ,5301,0.605,กรุงเทพมหานคร,1.0,0.815,motorcycle,3,4,True,,242,2,278,708.4
plate_04724.jpg,easyocr+cnn+tesseract+paddle,8กอ,0.9945,True,per-letter,easyocr=8กอ|cnn=8กอ|tesseract=8กอ|paddle=8กอ,5301,0.605,กรุงเทพมหานคร,1.0,0.815,motorcycle,3,4,True,,242,2,278,942.2
plate_04755.jpg,group,3กศ,0.2666,True,whole crop,,9089,0.999,ชลบุรี,1.0,0.727,motorcycle,3,4,True,,239,1,275,77.2
plate_04755.jpg,easyocr,3กค,0.9999,True,per-letter,,9089,0.999,ชลบุรี,1.0,0.727,motorcycle,3,4,False,,239,1,275,428.2
plate_04755.jpg,cnn,3กค,0.9611,True,per-letter,,9089,0.999,ชลบุรี,1.0,0.727,motorcycle,3,4,False,,239,1,275,4.1
plate_04755.jpg,tesseract,งกค,0.8498,True,per-letter,,9089,0.999,ชลบุรี,1.0,0.727,motorcycle,3,4,False,,239,1,275,333.7
plate_04755.jpg,paddle,3กค,0.54,True,per-letter,,9089,0.999,ชลบุรี,1.0,0.727,motorcycle,3,4,True,,239,1,275,227.1
plate_04755.jpg,easyocr+cnn,3กค,0.9767,True,per-letter,easyocr=3กค|cnn=3กค,9089,0.999,ชลบุรี,1.0,0.727,motorcycle,3,4,False,,239,1,275,432.3
plate_04755.jpg,cnn+paddle,3กค,0.7181,True,per-letter,cnn=3กค|paddle=3กค,9089,0.999,ชลบุรี,1.0,0.727,motorcycle,3,4,False,,239,1,275,231.2
plate_04755.jpg,easyocr+cnn+paddle,3กค,0.8278,True,per-letter,easyocr=3กค|cnn=3กค|paddle=3กค,9089,0.999,ชลบุรี,1.0,0.727,motorcycle,3,4,False,,239,1,275,659.4
plate_04755.jpg,easyocr+cnn+tesseract+paddle,3กค,0.8425,True,per-letter,easyocr=3กค|cnn=3กค|tesseract=งกค|paddle=3กค,9089,0.999,ชลบุรี,1.0,0.727,motorcycle,3,4,False,,239,1,275,993.2
plate_04758.jpg,group,,,,,,,,,,,,,,,PlateNotFound: could not find the large characters of the top line,,,,
plate_04758.jpg,easyocr,,,,,,,,,,,,,,,PlateNotFound: could not find the large characters of the top line,,,,
plate_04758.jpg,cnn,,,,,,,,,,,,,,,PlateNotFound: could not find the large characters of the top line,,,,
plate_04758.jpg,tesseract,,,,,,,,,,,,,,,PlateNotFound: could not find the large characters of the top line,,,,
plate_04758.jpg,paddle,,,,,,,,,,,,,,,PlateNotFound: could not find the large characters of the top line,,,,
plate_04758.jpg,easyocr+cnn,,,,,,,,,,,,,,,PlateNotFound: could not find the large characters of the top line,,,,
plate_04758.jpg,cnn+paddle,,,,,,,,,,,,,,,PlateNotFound: could not find the large characters of the top line,,,,
plate_04758.jpg,easyocr+cnn+paddle,,,,,,,,,,,,,,,PlateNotFound: could not find the large characters of the top line,,,,
plate_04758.jpg,easyocr+cnn+tesseract+paddle,,,,,,,,,,,,,,,PlateNotFound: could not find the large characters of the top line,,,,
plate_04764.jpg,group,บธษ,0.9414,True,whole crop,,111,0.762,กรุงเทพมหานคร,1.0,0.87,motorcycle,3,3,True,,191,1,249,78.9
plate_04764.jpg,easyocr,บธบ,0.9585,True,per-letter,,111,0.762,กรุงเทพมหานคร,1.0,0.87,motorcycle,3,3,True,,191,1,249,397.0
plate_04764.jpg,cnn,บธษ,0.9916,True,per-letter,,111,0.762,กรุงเทพมหานคร,1.0,0.87,motorcycle,3,3,True,,191,1,249,2.8
plate_04764.jpg,tesseract,บอษ,0.9292,True,per-letter,,111,0.762,กรุงเทพมหานคร,1.0,0.87,motorcycle,3,3,True,,191,1,249,276.7
plate_04764.jpg,paddle,บธษ,0.5807,True,per-letter,,111,0.762,กรุงเทพมหานคร,1.0,0.87,motorcycle,3,3,True,,191,1,249,227.0
plate_04764.jpg,easyocr+cnn,บธษ,0.7875,True,per-letter,easyocr=บธบ|cnn=บธษ,111,0.762,กรุงเทพมหานคร,1.0,0.87,motorcycle,3,3,True,,191,1,249,399.9
plate_04764.jpg,cnn+paddle,บธษ,0.902,True,per-letter,cnn=บธษ|paddle=บธป,111,0.762,กรุงเทพมหานคร,1.0,0.87,motorcycle,3,3,True,,191,1,249,229.8
plate_04764.jpg,easyocr+cnn+paddle,บธษ,0.7626,True,per-letter,easyocr=บธบ|cnn=บธษ|paddle=บธป,111,0.762,กรุงเทพมหานคร,1.0,0.87,motorcycle,3,3,True,,191,1,249,626.9
plate_04764.jpg,easyocr+cnn+tesseract+paddle,บธษ,0.7713,True,per-letter,easyocr=บธบ|cnn=บธษ|tesseract=บอษ|paddle=บธป,111,0.762,กรุงเทพมหานคร,1.0,0.87,motorcycle,3,3,True,,191,1,249,903.6
plate_04785.jpg,group,,,,,,,,,,,,,,,PlateNotFound: could not find the large characters of the top line,,,,
plate_04785.jpg,easyocr,,,,,,,,,,,,,,,PlateNotFound: could not find the large characters of the top line,,,,
plate_04785.jpg,cnn,,,,,,,,,,,,,,,PlateNotFound: could not find the large characters of the top line,,,,
plate_04785.jpg,tesseract,,,,,,,,,,,,,,,PlateNotFound: could not find the large characters of the top line,,,,
plate_04785.jpg,paddle,,,,,,,,,,,,,,,PlateNotFound: could not find the large characters of the top line,,,,
plate_04785.jpg,easyocr+cnn,,,,,,,,,,,,,,,PlateNotFound: could not find the large characters of the top line,,,,
plate_04785.jpg,cnn+paddle,,,,,,,,,,,,,,,PlateNotFound: could not find the large characters of the top line,,,,
plate_04785.jpg,easyocr+cnn+paddle,,,,,,,,,,,,,,,PlateNotFound: could not find the large characters of the top line,,,,
plate_04785.jpg,easyocr+cnn+tesseract+paddle,,,,,,,,,,,,,,,PlateNotFound: could not find the large characters of the top line,,,,
plate_04790.jpg,group,1กภ,0.401,True,whole crop,,6423,1.0,ภูเก็ต,1.0,0.182,motorcycle,3,4,True,,239,1,270,78.9
plate_04790.jpg,easyocr,1กก,0.7883,True,per-letter,,6423,1.0,ภูเก็ต,1.0,0.182,motorcycle,3,4,True,,239,1,270,614.4
plate_04790.jpg,cnn,1กภ,0.9957,True,per-letter,,6423,1.0,ภูเก็ต,1.0,0.182,motorcycle,3,4,True,,239,1,270,2.5
plate_04790.jpg,tesseract,1กภ,0.963,True,per-letter,,6423,1.0,ภูเก็ต,1.0,0.182,motorcycle,3,4,True,,239,1,270,264.7
plate_04790.jpg,paddle,1กก,0.6265,True,per-letter,,6423,1.0,ภูเก็ต,1.0,0.182,motorcycle,3,4,True,,239,1,270,231.0
plate_04790.jpg,easyocr+cnn,1กภ,0.7618,True,per-letter,easyocr=1กก|cnn=1กภ,6423,1.0,ภูเก็ต,1.0,0.182,motorcycle,3,4,True,,239,1,270,616.9
plate_04790.jpg,cnn+paddle,1กภ,0.8301,True,per-letter,cnn=1กภ|paddle=1กก,6423,1.0,ภูเก็ต,1.0,0.182,motorcycle,3,4,True,,239,1,270,233.4
plate_04790.jpg,easyocr+cnn+paddle,1กภ,0.6814,True,per-letter,easyocr=1กก|cnn=1กภ|paddle=1กก,6423,1.0,ภูเก็ต,1.0,0.182,motorcycle,3,4,True,,239,1,270,847.8
plate_04790.jpg,easyocr+cnn+tesseract+paddle,1กภ,0.6961,True,per-letter,easyocr=1กก|cnn=1กภ|tesseract=1กภ|paddle=1กก,6423,1.0,ภูเก็ต,1.0,0.182,motorcycle,3,4,True,,239,1,270,1112.6
plate_04811.jpg,group,7กธ,0.9396,True,whole crop,,2792,1.0,กรุงเทพมหานคร,1.0,0.72,motorcycle,3,4,False,,170,1,268,87.7
plate_04811.jpg,easyocr,7กธ,0.9997,True,per-letter,,2792,1.0,กรุงเทพมหานคร,1.0,0.72,motorcycle,3,4,False,,170,1,268,334.7
plate_04811.jpg,cnn,7กธ,0.9932,True,per-letter,,2792,1.0,กรุงเทพมหานคร,1.0,0.72,motorcycle,3,4,False,,170,1,268,2.9
plate_04811.jpg,tesseract,7กอ,0.6778,True,per-letter,,2792,1.0,กรุงเทพมหานคร,1.0,0.72,motorcycle,3,4,True,,170,1,268,318.1
plate_04811.jpg,paddle,7กธ,0.99,True,per-letter,,2792,1.0,กรุงเทพมหานคร,1.0,0.72,motorcycle,3,4,False,,170,1,268,239.6
plate_04811.jpg,easyocr+cnn,7กธ,0.9956,True,per-letter,easyocr=7กธ|cnn=7กธ,2792,1.0,กรุงเทพมหานคร,1.0,0.72,motorcycle,3,4,False,,170,1,268,337.6
plate_04811.jpg,cnn+paddle,7กธ,0.9931,True,per-letter,cnn=7กธ|paddle=7กธ,2792,1.0,กรุงเทพมหานคร,1.0,0.72,motorcycle,3,4,False,,170,1,268,242.5
plate_04811.jpg,easyocr+cnn+paddle,7กธ,0.9949,True,per-letter,easyocr=7กธ|cnn=7กธ|paddle=7กธ,2792,1.0,กรุงเทพมหานคร,1.0,0.72,motorcycle,3,4,False,,170,1,268,577.2
plate_04811.jpg,easyocr+cnn+tesseract+paddle,7กธ,0.9904,True,per-letter,easyocr=7กธ|cnn=7กธ|tesseract=7กอ|paddle=7กธ,2792,1.0,กรุงเทพมหานคร,1.0,0.72,motorcycle,3,4,False,,170,1,268,895.4
plate_04812.jpg,group,ด,0.2411,True,whole crop,,,0.0,แพร่,0.487,0.0,motorcycle,1,3,True,,178,1,238,81.3
plate_04812.jpg,easyocr,ว,0.4426,True,per-letter,,,0.0,แพร่,0.487,0.0,motorcycle,1,3,True,,178,1,238,120.0
plate_04812.jpg,cnn,ค,0.411,True,per-letter,,,0.0,แพร่,0.487,0.0,motorcycle,1,3,True,,178,1,238,1.6
plate_04812.jpg,tesseract,?,0.0,False,per-letter,,,0.0,แพร่,0.487,0.0,motorcycle,1,3,True,,178,1,238,108.0
plate_04812.jpg,paddle,ด,0.7971,True,per-letter,,,0.0,แพร่,0.487,0.0,motorcycle,1,3,True,,178,1,238,79.3
plate_04812.jpg,easyocr+cnn,จ,0.3573,True,per-letter,easyocr=ว|cnn=จ,,0.0,แพร่,0.487,0.0,motorcycle,1,3,True,,178,1,238,121.6
plate_04812.jpg,cnn+paddle,ด,0.5041,True,per-letter,cnn=จ|paddle=ด,,0.0,แพร่,0.487,0.0,motorcycle,1,3,True,,178,1,238,80.9
plate_04812.jpg,easyocr+cnn+paddle,ด,0.4779,True,per-letter,easyocr=ว|cnn=จ|paddle=ด,,0.0,แพร่,0.487,0.0,motorcycle,1,3,True,,178,1,238,200.9
plate_04812.jpg,easyocr+cnn+tesseract+paddle,ด,0.4765,True,per-letter,easyocr=ว|cnn=จ|tesseract=ก|paddle=ด,,0.0,แพร่,0.487,0.0,motorcycle,1,3,True,,178,1,238,308.9
plate_04817.jpg,group,2ดอ,0.0382,True,whole crop,,445,0.998,กรุงเทพมหานคร,0.37,0.632,motorcycle,3,3,True,,261,13,245,80.2
plate_04817.jpg,easyocr,1ตร,0.4323,True,per-letter,,445,0.998,กรุงเทพมหานคร,0.37,0.632,motorcycle,3,3,True,,261,13,245,473.5
plate_04817.jpg,cnn,วตฉ,0.9401,True,per-letter,,445,0.998,กรุงเทพมหานคร,0.37,0.632,motorcycle,3,3,True,,261,13,245,2.5
plate_04817.jpg,tesseract,??ล,0.0,False,per-letter,,445,0.998,กรุงเทพมหานคร,0.37,0.632,motorcycle,3,3,True,,261,13,245,232.7
plate_04817.jpg,paddle,รตอ,0.1879,True,per-letter,,445,0.998,กรุงเทพมหานคร,0.37,0.632,motorcycle,3,3,True,,261,13,245,229.0
plate_04817.jpg,easyocr+cnn,วตฉ,0.572,True,per-letter,easyocr=1ตร|cnn=วตฉ,445,0.998,กรุงเทพมหานคร,0.37,0.632,motorcycle,3,3,True,,261,13,245,476.0
plate_04817.jpg,cnn+paddle,วตฉ,0.5416,True,per-letter,cnn=วตฉ|paddle=ซตอ,445,0.998,กรุงเทพมหานคร,0.37,0.632,motorcycle,3,3,True,,261,13,245,231.6
plate_04817.jpg,easyocr+cnn+paddle,วตฉ,0.4026,True,per-letter,easyocr=1ตร|cnn=วตฉ|paddle=ซตอ,445,0.998,กรุงเทพมหานคร,0.37,0.632,motorcycle,3,3,True,,261,13,245,705.1
plate_04817.jpg,easyocr+cnn+tesseract+paddle,วตฉ,0.3947,True,per-letter,easyocr=1ตร|cnn=วตฉ|tesseract=กกล|paddle=ซตอ,445,0.998,กรุงเทพมหานคร,0.37,0.632,motorcycle,3,3,True,,261,13,245,937.8
plate_04839.jpg,group,1กณ,0.277,True,whole crop,,1025,0.997,ภูเก็ต,1.0,0.4,motorcycle,3,3,True,,400,1,253,79.8
plate_04839.jpg,easyocr,1กณ,0.524,True,per-letter,,1025,0.997,ภูเก็ต,1.0,0.4,motorcycle,3,3,True,,400,1,253,482.5
plate_04839.jpg,cnn,1กณ,0.9662,True,per-letter,,1025,0.997,ภูเก็ต,1.0,0.4,motorcycle,3,3,True,,400,1,253,2.2
plate_04839.jpg,tesseract,1กณ,0.9694,True,per-letter,,1025,0.997,ภูเก็ต,1.0,0.4,motorcycle,3,3,True,,400,1,253,232.8
plate_04839.jpg,paddle,1กณ,0.9516,True,per-letter,,1025,0.997,ภูเก็ต,1.0,0.4,motorcycle,3,3,True,,400,1,253,246.2
plate_04839.jpg,easyocr+cnn,1กณ,0.8469,True,per-letter,easyocr=1กญ|cnn=1กณ,1025,0.997,ภูเก็ต,1.0,0.4,motorcycle,3,3,True,,400,1,253,484.8
plate_04839.jpg,cnn+paddle,1กณ,0.9657,True,per-letter,cnn=1กณ|paddle=1กณ,1025,0.997,ภูเก็ต,1.0,0.4,motorcycle,3,3,True,,400,1,253,248.4
plate_04839.jpg,easyocr+cnn+paddle,1กณ,0.879,True,per-letter,easyocr=1กญ|cnn=1กณ|paddle=1กณ,1025,0.997,ภูเก็ต,1.0,0.4,motorcycle,3,3,True,,400,1,253,731.0
plate_04839.jpg,easyocr+cnn+tesseract+paddle,1กณ,0.8911,True,per-letter,easyocr=1กญ|cnn=1กณ|tesseract=1กณ|paddle=1กณ,1025,0.997,ภูเก็ต,1.0,0.4,motorcycle,3,3,True,,400,1,253,963.8
plate_04843.jpg,group,บกว,0.472,True,whole crop,,3682,1.0,ตรัง,1.0,0.889,motorcycle,3,4,True,,349,1,277,78.0
plate_04843.jpg,easyocr,1กว,1.0,True,per-letter,,3682,1.0,ตรัง,1.0,0.889,motorcycle,3,4,False,,349,1,277,433.8
plate_04843.jpg,cnn,1กว,0.9942,True,per-letter,,3682,1.0,ตรัง,1.0,0.889,motorcycle,3,4,False,,349,1,277,3.0
plate_04843.jpg,tesseract,1กว,0.9951,True,per-letter,,3682,1.0,ตรัง,1.0,0.889,motorcycle,3,4,False,,349,1,277,438.5
plate_04843.jpg,paddle,1กว,0.8301,True,per-letter,,3682,1.0,ตรัง,1.0,0.889,motorcycle,3,4,False,,349,1,277,224.6
plate_04843.jpg,easyocr+cnn,1กว,0.9962,True,per-letter,easyocr=1กว|cnn=1กว,3682,1.0,ตรัง,1.0,0.889,motorcycle,3,4,False,,349,1,277,436.8
plate_04843.jpg,cnn+paddle,1กว,0.9414,True,per-letter,cnn=1กว|paddle=1กว,3682,1.0,ตรัง,1.0,0.889,motorcycle,3,4,False,,349,1,277,227.6
plate_04843.jpg,easyocr+cnn+paddle,1กว,0.9567,True,per-letter,easyocr=1กว|cnn=1กว|paddle=1กว,3682,1.0,ตรัง,1.0,0.889,motorcycle,3,4,False,,349,1,277,661.4
plate_04843.jpg,easyocr+cnn+tesseract+paddle,1กว,0.9611,True,per-letter,easyocr=1กว|cnn=1กว|tesseract=1กว|paddle=1กว,3682,1.0,ตรัง,1.0,0.889,motorcycle,3,4,False,,349,1,277,1099.9
plate_04862.jpg,group,กชร,0.318,True,whole crop,,837,0.991,ภูเก็ต,1.0,0.5,motorcycle,3,4,True,,250,2,276,78.3
plate_04862.jpg,easyocr,กขธ,0.9935,True,per-letter,,837,0.991,ภูเก็ต,1.0,0.5,motorcycle,3,4,True,,250,2,276,499.9
plate_04862.jpg,cnn,กขธ,0.9771,True,per-letter,,837,0.991,ภูเก็ต,1.0,0.5,motorcycle,3,4,True,,250,2,276,3.0
plate_04862.jpg,tesseract,กขพ,0.5301,True,per-letter,,837,0.991,ภูเก็ต,1.0,0.5,motorcycle,3,4,True,,250,2,276,321.4
plate_04862.jpg,paddle,กซร,0.7217,True,per-letter,,837,0.991,ภูเก็ต,1.0,0.5,motorcycle,3,4,True,,250,2,276,276.1
plate_04862.jpg,easyocr+cnn,กขธ,0.9833,True,per-letter,easyocr=กขธ|cnn=กขธ,837,0.991,ภูเก็ต,1.0,0.5,motorcycle,3,4,True,,250,2,276,503.0
plate_04862.jpg,cnn+paddle,กขธ,0.5097,True,per-letter,cnn=กขธ|paddle=กซร,837,0.991,ภูเก็ต,1.0,0.5,motorcycle,3,4,True,,250,2,276,279.1
plate_04862.jpg,easyocr+cnn+paddle,กขธ,0.6237,True,per-letter,easyocr=กขธ|cnn=กขธ|paddle=กซร,837,0.991,ภูเก็ต,1.0,0.5,motorcycle,3,4,True,,250,2,276,779.1
plate_04862.jpg,easyocr+cnn+tesseract+paddle,กขธ,0.6358,True,per-letter,easyocr=กขธ|cnn=กขธ|tesseract=กข8|paddle=กซร,837,0.991,ภูเก็ต,1.0,0.5,motorcycle,3,4,True,,250,2,276,1100.4
plate_04865.jpg,group,นช,0.0837,True,whole crop,,2223,0.774,มุกดาหาร,0.927,0.286,car,2,4,True,,262,1,269,70.6
plate_04865.jpg,easyocr,กข,0.5149,True,per-letter,,2223,0.774,มุกดาหาร,0.927,0.286,car,2,4,True,,262,1,269,396.7
plate_04865.jpg,cnn,ณข,0.8708,True,per-letter,,2223,0.774,มุกดาหาร,0.927,0.286,car,2,4,True,,262,1,269,1.7
plate_04865.jpg,tesseract,นข,0.9347,True,per-letter,,2223,0.774,มุกดาหาร,0.927,0.286,car,2,4,True,,262,1,269,196.3
plate_04865.jpg,paddle,นซ,0.5044,True,per-letter,,2223,0.774,มุกดาหาร,0.927,0.286,car,2,4,True,,262,1,269,153.5
plate_04865.jpg,easyocr+cnn,ณข,0.6859,True,per-letter,easyocr=กข|cnn=ณข,2223,0.774,มุกดาหาร,0.927,0.286,car,2,4,True,,262,1,269,398.4
plate_04865.jpg,cnn+paddle,ณข,0.4618,True,per-letter,cnn=ณข|paddle=นซ,2223,0.774,มุกดาหาร,0.927,0.286,car,2,4,True,,262,1,269,155.2
plate_04865.jpg,easyocr+cnn+paddle,ณข,0.4685,True,per-letter,easyocr=กข|cnn=ณข|paddle=นซ,2223,0.774,มุกดาหาร,0.927,0.286,car,2,4,True,,262,1,269,551.9
plate_04865.jpg,easyocr+cnn+tesseract+paddle,ณข,0.4608,True,per-letter,easyocr=กข|cnn=ณข|tesseract=นข|paddle=นซ,2223,0.774,มุกดาหาร,0.927,0.286,car,2,4,True,,262,1,269,748.2
plate_04881.jpg,group,4กฎ,0.4588,True,whole crop,,187,0.906,ชลบุรี,1.0,0.769,motorcycle,3,3,True,,175,1,242,96.4
plate_04881.jpg,easyocr,4กฎ,0.9392,True,per-letter,,187,0.906,ชลบุรี,1.0,0.769,motorcycle,3,3,False,,175,1,242,675.6
plate_04881.jpg,cnn,4กฎ,0.8861,True,per-letter,,187,0.906,ชลบุรี,1.0,0.769,motorcycle,3,3,False,,175,1,242,2.9
plate_04881.jpg,tesseract,4กฏ,0.9948,True,per-letter,,187,0.906,ชลบุรี,1.0,0.769,motorcycle,3,3,False,,175,1,242,441.6
plate_04881.jpg,paddle,4กก,0.8109,True,per-letter,,187,0.906,ชลบุรี,1.0,0.769,motorcycle,3,3,False,,175,1,242,290.0
plate_04881.jpg,easyocr+cnn,4กฎ,0.9051,True,per-letter,easyocr=4กฎ|cnn=4กฎ,187,0.906,ชลบุรี,1.0,0.769,motorcycle,3,3,False,,175,1,242,678.4
plate_04881.jpg,cnn+paddle,4กฎ,0.8388,True,per-letter,cnn=4กฎ|paddle=4กก,187,0.906,ชลบุรี,1.0,0.769,motorcycle,3,3,False,,175,1,242,292.9
plate_04881.jpg,easyocr+cnn+paddle,4กฎ,0.8716,True,per-letter,easyocr=4กฎ|cnn=4กฎ|paddle=4กก,187,0.906,ชลบุรี,1.0,0.769,motorcycle,3,3,False,,175,1,242,968.5
plate_04881.jpg,easyocr+cnn+tesseract+paddle,4กฎ,0.7803,True,per-letter,easyocr=4กฎ|cnn=4กฎ|tesseract=4กฏ|paddle=4กก,187,0.906,ชลบุรี,1.0,0.769,motorcycle,3,3,False,,175,1,242,1410.1
plate_04883.jpg,group,จท,0.8453,True,whole crop,,37,0.982,นครพนม,0.926,0.353,motorcycle,3,3,True,,187,1,237,76.9
plate_04883.jpg,easyocr,จทก,0.704,True,per-letter,,37,0.982,นครพนม,0.926,0.353,motorcycle,3,3,True,,187,1,237,526.7
plate_04883.jpg,cnn,จท1,0.0,False,per-letter,,37,0.982,นครพนม,0.926,0.353,motorcycle,3,3,True,,187,1,237,2.5
plate_04883.jpg,tesseract,งท?,0.0,False,per-letter,,37,0.982,นครพนม,0.926,0.353,motorcycle,3,3,True,,187,1,237,454.2
plate_04883.jpg,paddle,ซท1,0.0,False,per-letter,,37,0.982,นครพนม,0.926,0.353,motorcycle,3,3,True,,187,1,237,277.2
plate_04883.jpg,easyocr+cnn,จทก,0.8869,True,per-letter,easyocr=จทก|cnn=จท1,37,0.982,นครพนม,0.926,0.353,motorcycle,3,3,True,,187,1,237,529.2
plate_04883.jpg,cnn+paddle,จท1,0.0,False,per-letter,cnn=จท1|paddle=ซท1,37,0.982,นครพนม,0.926,0.353,motorcycle,3,3,True,,187,1,237,279.7
plate_04883.jpg,easyocr+cnn+paddle,จทก,0.815,True,per-letter,easyocr=จทก|cnn=จท1|paddle=ซท1,37,0.982,นครพนม,0.926,0.353,motorcycle,3,3,True,,187,1,237,806.4
plate_04883.jpg,easyocr+cnn+tesseract+paddle,จทก,0.7924,True,per-letter,easyocr=จทก|cnn=จท1|tesseract=งทก|paddle=ซท1,37,0.982,นครพนม,0.926,0.353,motorcycle,3,3,True,,187,1,237,1260.5
plate_04889.jpg,group,งกน,0.8971,True,whole crop,,243,0.999,ชลบุรี,1.0,0.462,motorcycle,3,3,True,,286,1,243,76.9
plate_04889.jpg,easyocr,งกน,0.8492,True,per-letter,,243,0.999,ชลบุรี,1.0,0.462,motorcycle,3,3,True,,286,1,243,530.1
plate_04889.jpg,cnn,งกน,0.9472,True,per-letter,,243,0.999,ชลบุรี,1.0,0.462,motorcycle,3,3,True,,286,1,243,2.4
plate_04889.jpg,tesseract,งกน,0.9859,True,per-letter,,243,0.999,ชลบุรี,1.0,0.462,motorcycle,3,3,True,,286,1,243,324.8
plate_04889.jpg,paddle,งกน,0.7147,True,per-letter,,243,0.999,ชลบุรี,1.0,0.462,motorcycle,3,3,True,,286,1,243,228.1
plate_04889.jpg,easyocr+cnn,งกน,0.9403,True,per-letter,easyocr=งกน|cnn=งกน,243,0.999,ชลบุรี,1.0,0.462,motorcycle,3,3,True,,286,1,243,532.4
plate_04889.jpg,cnn+paddle,งกน,0.8996,True,per-letter,cnn=งกน|paddle=ซกน,243,0.999,ชลบุรี,1.0,0.462,motorcycle,3,3,True,,286,1,243,230.5
plate_04889.jpg,easyocr+cnn+paddle,งกน,0.9042,True,per-letter,easyocr=งกน|cnn=งกน|paddle=ซกน,243,0.999,ชลบุรี,1.0,0.462,motorcycle,3,3,True,,286,1,243,760.5
plate_04889.jpg,easyocr+cnn+tesseract+paddle,งกน,0.9145,True,per-letter,easyocr=งกน|cnn=งกน|tesseract=งกน|paddle=ซกน,243,0.999,ชลบุรี,1.0,0.462,motorcycle,3,3,True,,286,1,243,1085.4
plate_04910.jpg,group,น,0.0445,True,whole crop,,5695,0.841,น่าน,0.497,0.4,car,1,3,True,,464,1,255,145.1
plate_04910.jpg,easyocr,ฉ,0.9617,True,per-letter,,5695,0.841,น่าน,0.497,0.4,car,1,3,True,,464,1,255,251.9
plate_04910.jpg,cnn,ฉ,0.7603,True,per-letter,,5695,0.841,น่าน,0.497,0.4,car,1,3,True,,464,1,255,2.7
plate_04910.jpg,tesseract,ฉ,0.9223,True,per-letter,,5695,0.841,น่าน,0.497,0.4,car,1,3,True,,464,1,255,181.1
plate_04910.jpg,paddle,น,0.5148,True,per-letter,,5695,0.841,น่าน,0.497,0.4,car,1,3,True,,464,1,255,73.3
plate_04910.jpg,easyocr+cnn,ฉ,0.8265,True,per-letter,easyocr=ฉ|cnn=ฉ,5695,0.841,น่าน,0.497,0.4,car,1,3,True,,464,1,255,254.6
plate_04910.jpg,cnn+paddle,ฉ,0.5072,True,per-letter,cnn=ฉ|paddle=น,5695,0.841,น่าน,0.497,0.4,car,1,3,True,,464,1,255,76.0
plate_04910.jpg,easyocr+cnn+paddle,ฉ,0.619,True,per-letter,easyocr=ฉ|cnn=ฉ|paddle=น,5695,0.841,น่าน,0.497,0.4,car,1,3,True,,464,1,255,327.9
plate_04910.jpg,easyocr+cnn+tesseract+paddle,ฉ,0.6326,True,per-letter,easyocr=ฉ|cnn=ฉ|tesseract=ฉ|paddle=น,5695,0.841,น่าน,0.497,0.4,car,1,3,True,,464,1,255,509.0
plate_04916.jpg,group,2กข,0.822,True,whole crop,,2759,0.885,นครศรีธรรมราช,1.0,0.923,motorcycle,3,4,False,,261,1,269,95.7
plate_04916.jpg,easyocr,2กข,0.9991,True,per-letter,,2759,0.885,นครศรีธรรมราช,1.0,0.923,motorcycle,3,4,False,,261,1,269,639.9
plate_04916.jpg,cnn,2กข,0.9893,True,per-letter,,2759,0.885,นครศรีธรรมราช,1.0,0.923,motorcycle,3,4,False,,261,1,269,3.1
plate_04916.jpg,tesseract,2กข,0.9977,True,per-letter,,2759,0.885,นครศรีธรรมราช,1.0,0.923,motorcycle,3,4,False,,261,1,269,429.1
plate_04916.jpg,paddle,2กข,0.9158,True,per-letter,,2759,0.885,นครศรีธรรมราช,1.0,0.923,motorcycle,3,4,False,,261,1,269,271.3
plate_04916.jpg,easyocr+cnn,2กข,0.9929,True,per-letter,easyocr=2กข|cnn=2กข,2759,0.885,นครศรีธรรมราช,1.0,0.923,motorcycle,3,4,False,,261,1,269,642.9
plate_04916.jpg,cnn+paddle,2กข,0.969,True,per-letter,cnn=2กข|paddle=2กข,2759,0.885,นครศรีธรรมราช,1.0,0.923,motorcycle,3,4,False,,261,1,269,274.4
plate_04916.jpg,easyocr+cnn+paddle,2กข,0.977,True,per-letter,easyocr=2กข|cnn=2กข|paddle=2กข,2759,0.885,นครศรีธรรมราช,1.0,0.923,motorcycle,3,4,False,,261,1,269,914.3
plate_04916.jpg,easyocr+cnn+tesseract+paddle,2กข,0.9792,True,per-letter,easyocr=2กข|cnn=2กข|tesseract=2กข|paddle=2กข,2759,0.885,นครศรีธรรมราช,1.0,0.923,motorcycle,3,4,False,,261,1,269,1343.4
plate_04936.jpg,group,ณช,0.5961,True,whole crop,,3059,1.0,ภูเก็ต,0.57,0.5,car,2,4,True,,526,1,267,78.4
plate_04936.jpg,easyocr,ณข,0.4745,True,per-letter,,3059,1.0,ภูเก็ต,0.57,0.5,car,2,4,True,,526,1,267,350.3
plate_04936.jpg,cnn,ณข,0.9854,True,per-letter,,3059,1.0,ภูเก็ต,0.57,0.5,car,2,4,True,,526,1,267,1.8
plate_04936.jpg,tesseract,ณข,0.8722,True,per-letter,,3059,1.0,ภูเก็ต,0.57,0.5,car,2,4,True,,526,1,267,155.7
plate_04936.jpg,paddle,ณซ,0.7265,True,per-letter,,3059,1.0,ภูเก็ต,0.57,0.5,car,2,4,True,,526,1,267,151.4
plate_04936.jpg,easyocr+cnn,ณข,0.877,True,per-letter,easyocr=มข|cnn=ณข,3059,1.0,ภูเก็ต,0.57,0.5,car,2,4,True,,526,1,267,352.1
plate_04936.jpg,cnn+paddle,ณข,0.6184,True,per-letter,cnn=ณข|paddle=ณซ,3059,1.0,ภูเก็ต,0.57,0.5,car,2,4,True,,526,1,267,153.2
plate_04936.jpg,easyocr+cnn+paddle,ณข,0.6651,True,per-letter,easyocr=มข|cnn=ณข|paddle=ณซ,3059,1.0,ภูเก็ต,0.57,0.5,car,2,4,True,,526,1,267,503.5
plate_04936.jpg,easyocr+cnn+tesseract+paddle,ณข,0.679,True,per-letter,easyocr=มข|cnn=ณข|tesseract=ณข|paddle=ณซ,3059,1.0,ภูเก็ต,0.57,0.5,car,2,4,True,,526,1,267,659.2
plate_04957.jpg,group,7กฎ,0.0775,True,whole crop,,1997,0.832,กรุงเทพมหานคร,1.0,0.571,motorcycle,3,4,True,,221,7,278,80.3
plate_04957.jpg,easyocr,1กฏ,0.2142,True,per-letter,,1997,0.832,กรุงเทพมหานคร,1.0,0.571,motorcycle,3,4,True,,221,7,278,557.9
plate_04957.jpg,cnn,7กฎ,0.9091,True,per-letter,,1997,0.832,กรุงเทพมหานคร,1.0,0.571,motorcycle,3,4,True,,221,7,278,4.4
plate_04957.jpg,tesseract,?กล,0.0,False,per-letter,,1997,0.832,กรุงเทพมหานคร,1.0,0.571,motorcycle,3,4,True,,221,7,278,233.2
plate_04957.jpg,paddle,7กก,0.4497,True,per-letter,,1997,0.832,กรุงเทพมหานคร,1.0,0.571,motorcycle,3,4,True,,221,7,278,214.0
plate_04957.jpg,easyocr+cnn,7กฎ,0.7196,True,per-letter,easyocr=1กฏ|cnn=7กฎ,1997,0.832,กรุงเทพมหานคร,1.0,0.571,motorcycle,3,4,True,,221,7,278,562.3
plate_04957.jpg,cnn+paddle,7กฎ,0.8814,True,per-letter,cnn=7กฎ|paddle=7ก0,1997,0.832,กรุงเทพมหานคร,1.0,0.571,motorcycle,3,4,True,,221,7,278,218.5
plate_04957.jpg,easyocr+cnn+paddle,7กฎ,0.679,True,per-letter,easyocr=1กฏ|cnn=7กฎ|paddle=7ก0,1997,0.832,กรุงเทพมหานคร,1.0,0.571,motorcycle,3,4,True,,221,7,278,776.4
plate_04957.jpg,easyocr+cnn+tesseract+paddle,7กฎ,0.6746,True,per-letter,easyocr=1กฏ|cnn=7กฎ|tesseract=กกล|paddle=7ก0,1997,0.832,กรุงเทพมหานคร,1.0,0.571,motorcycle,3,4,True,,221,7,278,1009.6
plate_04971.jpg,group,น,0.2431,True,whole crop,,,0.0,เลย,0.562,0.0,motorcycle,2,3,True,,257,9,321,91.7
plate_04971.jpg,easyocr,กก,0.3667,True,per-letter,,,0.0,เลย,0.562,0.0,motorcycle,2,3,True,,257,9,321,365.7
plate_04971.jpg,cnn,11,0.9435,True,per-letter,,,0.0,เลย,0.562,0.0,motorcycle,2,3,True,,257,9,321,2.4
plate_04971.jpg,tesseract,11,0.985,True,per-letter,,,0.0,เลย,0.562,0.0,motorcycle,2,3,True,,257,9,321,223.4
plate_04971.jpg,paddle,11,0.4768,True,per-letter,,,0.0,เลย,0.562,0.0,motorcycle,2,3,True,,257,9,321,228.4
plate_04971.jpg,easyocr+cnn,11,0.8575,True,per-letter,easyocr=กก|cnn=11,,0.0,เลย,0.562,0.0,motorcycle,2,3,True,,257,9,321,368.1
plate_04971.jpg,cnn+paddle,11,0.787,True,per-letter,cnn=11|paddle=11,,0.0,เลย,0.562,0.0,motorcycle,2,3,True,,257,9,321,230.8
plate_04971.jpg,easyocr+cnn+paddle,11,0.7537,True,per-letter,easyocr=กก|cnn=11|paddle=11,,0.0,เลย,0.562,0.0,motorcycle,2,3,True,,257,9,321,596.5
plate_04971.jpg,easyocr+cnn+tesseract+paddle,11,0.7774,True,per-letter,easyocr=กก|cnn=11|tesseract=11|paddle=11,,0.0,เลย,0.562,0.0,motorcycle,2,3,True,,257,9,321,819.9
plate_04973.jpg,group,ด,0.5481,True,whole crop,,7268,0.345,ขอนแก่น,0.259,0.0,car,1,4,True,,274,1,299,85.3
plate_04973.jpg,easyocr,ก,0.9987,True,per-letter,,7268,0.345,ขอนแก่น,0.259,0.0,car,1,4,True,,274,1,299,320.5
plate_04973.jpg,cnn,ก,0.51,True,per-letter,,7268,0.345,ขอนแก่น,0.259,0.0,car,1,4,True,,274,1,299,5.5
plate_04973.jpg,tesseract,?,0.0,False,per-letter,,7268,0.345,ขอนแก่น,0.259,0.0,car,1,4,True,,274,1,299,268.3
plate_04973.jpg,paddle,ด,0.6698,True,per-letter,,7268,0.345,ขอนแก่น,0.259,0.0,car,1,4,True,,274,1,299,116.7
plate_04973.jpg,easyocr+cnn,ก,0.6982,True,per-letter,easyocr=ก|cnn=ถ,7268,0.345,ขอนแก่น,0.259,0.0,car,1,4,True,,274,1,299,326.0
plate_04973.jpg,cnn+paddle,ด,0.4456,True,per-letter,cnn=ถ|paddle=ด,7268,0.345,ขอนแก่น,0.259,0.0,car,1,4,True,,274,1,299,122.2
plate_04973.jpg,easyocr+cnn+paddle,ก,0.4961,True,per-letter,easyocr=ก|cnn=ถ|paddle=ด,7268,0.345,ขอนแก่น,0.259,0.0,car,1,4,True,,274,1,299,442.7
plate_04973.jpg,easyocr+cnn+tesseract+paddle,ก,0.4933,True,per-letter,easyocr=ก|cnn=ถ|tesseract=ก|paddle=ด,7268,0.345,ขอนแก่น,0.259,0.0,car,1,4,True,,274,1,299,711.0
plate_04979.jpg,group,2ขฉ,0.6726,True,whole crop,,168,1.0,กรุงเทพมหานคร,1.0,0.818,motorcycle,3,3,True,,266,1,274,76.6
plate_04979.jpg,easyocr,2ขฉ,0.9891,True,per-letter,,168,1.0,กรุงเทพมหานคร,1.0,0.818,motorcycle,3,3,False,,266,1,274,780.4
plate_04979.jpg,cnn,2ขฉ,0.9903,True,per-letter,,168,1.0,กรุงเทพมหานคร,1.0,0.818,motorcycle,3,3,False,,266,1,274,11.9
plate_04979.jpg,tesseract,2ขฉ,0.9945,True,per-letter,,168,1.0,กรุงเทพมหานคร,1.0,0.818,motorcycle,3,3,False,,266,1,274,294.7
plate_04979.jpg,paddle,2ขฉ,0.8086,True,per-letter,,168,1.0,กรุงเทพมหานคร,1.0,0.818,motorcycle,3,3,False,,266,1,274,220.6
plate_04979.jpg,easyocr+cnn,2ขฉ,0.9902,True,per-letter,easyocr=2ขฉ|cnn=2ขฉ,168,1.0,กรุงเทพมหานคร,1.0,0.818,motorcycle,3,3,False,,266,1,274,792.2
plate_04979.jpg,cnn+paddle,2ขฉ,0.9642,True,per-letter,cnn=2ขฉ|paddle=22ฉ,168,1.0,กรุงเทพมหานคร,1.0,0.818,motorcycle,3,3,False,,266,1,274,232.5
plate_04979.jpg,easyocr+cnn+paddle,2ขฉ,0.9725,True,per-letter,easyocr=2ขฉ|cnn=2ขฉ|paddle=22ฉ,168,1.0,กรุงเทพมหานคร,1.0,0.818,motorcycle,3,3,False,,266,1,274,1012.9
plate_04979.jpg,easyocr+cnn+tesseract+paddle,2ขฉ,0.9746,True,per-letter,easyocr=2ขฉ|cnn=2ขฉ|tesseract=2ขฉ|paddle=22ฉ,168,1.0,กรุงเทพมหานคร,1.0,0.818,motorcycle,3,3,False,,266,1,274,1307.5
plate_04984.jpg,group,1กพ,0.9291,True,whole crop,,6561,0.999,ภูเก็ต,1.0,0.727,motorcycle,3,4,False,,305,1,284,79.9
plate_04984.jpg,easyocr,1กพ,0.9989,True,per-letter,,6561,0.999,ภูเก็ต,1.0,0.727,motorcycle,3,4,False,,305,1,284,387.7
plate_04984.jpg,cnn,1กพ,0.9838,True,per-letter,,6561,0.999,ภูเก็ต,1.0,0.727,motorcycle,3,4,False,,305,1,284,2.6
plate_04984.jpg,tesseract,1กพ,0.9821,True,per-letter,,6561,0.999,ภูเก็ต,1.0,0.727,motorcycle,3,4,False,,305,1,284,231.8
plate_04984.jpg,paddle,1กพ,0.9997,True,per-letter,,6561,0.999,ภูเก็ต,1.0,0.727,motorcycle,3,4,False,,305,1,284,224.8
plate_04984.jpg,easyocr+cnn,1กพ,0.9891,True,per-letter,easyocr=1กพ|cnn=1กพ,6561,0.999,ภูเก็ต,1.0,0.727,motorcycle,3,4,False,,305,1,284,390.4
plate_04984.jpg,cnn+paddle,1กพ,0.9894,True,per-letter,cnn=1กพ|paddle=1กพ,6561,0.999,ภูเก็ต,1.0,0.727,motorcycle,3,4,False,,305,1,284,227.4
plate_04984.jpg,easyocr+cnn+paddle,1กพ,0.9919,True,per-letter,easyocr=1กพ|cnn=1กพ|paddle=1กพ,6561,0.999,ภูเก็ต,1.0,0.727,motorcycle,3,4,False,,305,1,284,615.1
plate_04984.jpg,easyocr+cnn+tesseract+paddle,1กพ,0.9915,True,per-letter,easyocr=1กพ|cnn=1กพ|tesseract=1กพ|paddle=1กพ,6561,0.999,ภูเก็ต,1.0,0.727,motorcycle,3,4,False,,305,1,284,847.0
plate_04991.jpg,group,1กณ,0.9144,True,whole crop,,4329,1.0,บุรีรัมย์,1.0,0.533,motorcycle,3,4,True,,374,1,292,78.8
plate_04991.jpg,easyocr,1กภ,0.3671,True,per-letter,,4329,1.0,บุรีรัมย์,1.0,0.533,motorcycle,3,4,True,,374,1,292,349.9
plate_04991.jpg,cnn,1กณ,0.8868,True,per-letter,,4329,1.0,บุรีรัมย์,1.0,0.533,motorcycle,3,4,True,,374,1,292,3.8
plate_04991.jpg,tesseract,1กณ,0.9583,True,per-letter,,4329,1.0,บุรีรัมย์,1.0,0.533,motorcycle,3,4,True,,374,1,292,247.5
plate_04991.jpg,paddle,1กณ,0.4416,True,per-letter,,4329,1.0,บุรีรัมย์,1.0,0.533,motorcycle,3,4,True,,374,1,292,226.3
plate_04991.jpg,easyocr+cnn,1กณ,0.8262,True,per-letter,easyocr=1กภ|cnn=1กณ,4329,1.0,บุรีรัมย์,1.0,0.533,motorcycle,3,4,True,,374,1,292,353.7
plate_04991.jpg,cnn+paddle,1กณ,0.8238,True,per-letter,cnn=1กณ|paddle=1กพ,4329,1.0,บุรีรัมย์,1.0,0.533,motorcycle,3,4,True,,374,1,292,230.1
plate_04991.jpg,easyocr+cnn+paddle,1กณ,0.8347,True,per-letter,easyocr=1กภ|cnn=1กณ|paddle=1กพ,4329,1.0,บุรีรัมย์,1.0,0.533,motorcycle,3,4,True,,374,1,292,580.0
plate_04991.jpg,easyocr+cnn+tesseract+paddle,1กณ,0.8587,True,per-letter,easyocr=1กภ|cnn=1กณ|tesseract=1กณ|paddle=1กพ,4329,1.0,บุรีรัมย์,1.0,0.533,motorcycle,3,4,True,,374,1,292,827.5
plate_04992.jpg,group,1กผ,0.6899,True,whole crop,,6437,0.604,ภูเก็ต,1.0,0.727,motorcycle,3,4,True,,305,1,324,79.9
plate_04992.jpg,easyocr,1กผ,0.9955,True,per-letter,,6437,0.604,ภูเก็ต,1.0,0.727,motorcycle,3,4,True,,305,1,324,503.4
plate_04992.jpg,cnn,1กผ,0.9926,True,per-letter,,6437,0.604,ภูเก็ต,1.0,0.727,motorcycle,3,4,True,,305,1,324,4.4
plate_04992.jpg,tesseract,1กผ,0.9959,True,per-letter,,6437,0.604,ภูเก็ต,1.0,0.727,motorcycle,3,4,True,,305,1,324,317.5
plate_04992.jpg,paddle,1กผ,0.5468,True,per-letter,,6437,0.604,ภูเก็ต,1.0,0.727,motorcycle,3,4,True,,305,1,324,234.0
plate_04992.jpg,easyocr+cnn,1กผ,0.9938,True,per-letter,easyocr=1กผ|cnn=1กผ,6437,0.604,ภูเก็ต,1.0,0.727,motorcycle,3,4,True,,305,1,324,507.8
plate_04992.jpg,cnn+paddle,1กผ,0.8718,True,per-letter,cnn=1กผ|paddle=1กฝ,6437,0.604,ภูเก็ต,1.0,0.727,motorcycle,3,4,True,,305,1,324,238.4
plate_04992.jpg,easyocr+cnn+paddle,1กผ,0.9053,True,per-letter,easyocr=1กผ|cnn=1กผ|paddle=1กฝ,6437,0.604,ภูเก็ต,1.0,0.727,motorcycle,3,4,True,,305,1,324,741.8
plate_04992.jpg,easyocr+cnn+tesseract+paddle,1กผ,0.9148,True,per-letter,easyocr=1กผ|cnn=1กผ|tesseract=1กผ|paddle=1กฝ,6437,0.604,ภูเก็ต,1.0,0.727,motorcycle,3,4,True,,305,1,324,1059.4
plate_04993.jpg,group,1กธ,0.774,True,whole crop,,1022,0.999,ภูเก็ต,1.0,0.182,motorcycle,3,4,True,,187,1,272,76.9
plate_04993.jpg,easyocr,1กธ,0.9999,True,per-letter,,1022,0.999,ภูเก็ต,1.0,0.182,motorcycle,3,4,True,,187,1,272,910.0
plate_04993.jpg,cnn,1กธ,0.9942,True,per-letter,,1022,0.999,ภูเก็ต,1.0,0.182,motorcycle,3,4,True,,187,1,272,4.1
plate_04993.jpg,tesseract,1กจ,0.9488,True,per-letter,,1022,0.999,ภูเก็ต,1.0,0.182,motorcycle,3,4,True,,187,1,272,271.1
plate_04993.jpg,paddle,1กธ,0.8147,True,per-letter,,1022,0.999,ภูเก็ต,1.0,0.182,motorcycle,3,4,True,,187,1,272,248.7
plate_04993.jpg,easyocr+cnn,1กธ,0.9961,True,per-letter,easyocr=1กธ|cnn=1กธ,1022,0.999,ภูเก็ต,1.0,0.182,motorcycle,3,4,True,,187,1,272,914.0
plate_04993.jpg,cnn+paddle,1กธ,0.9409,True,per-letter,cnn=1กธ|paddle=1กธ,1022,0.999,ภูเก็ต,1.0,0.182,motorcycle,3,4,True,,187,1,272,252.7
plate_04993.jpg,easyocr+cnn+paddle,1กธ,0.9563,True,per-letter,easyocr=1กธ|cnn=1กธ|paddle=1กธ,1022,0.999,ภูเก็ต,1.0,0.182,motorcycle,3,4,True,,187,1,272,1162.7
plate_04993.jpg,easyocr+cnn+tesseract+paddle,1กธ,0.9482,True,per-letter,easyocr=1กธ|cnn=1กธ|tesseract=1กจ|paddle=1กธ,1022,0.999,ภูเก็ต,1.0,0.182,motorcycle,3,4,True,,187,1,272,1433.8
plate_05027.jpg,group,ก,0.1735,True,whole crop,,0993,0.867,สงขลา,0.998,0.889,car,1,4,True,,346,1,287,75.8
plate_05027.jpg,easyocr,ก,1.0,True,per-letter,,0993,0.867,สงขลา,0.998,0.889,car,1,4,False,,346,1,287,319.3
plate_05027.jpg,cnn,ก,0.9965,True,per-letter,,0993,0.867,สงขลา,0.998,0.889,car,1,4,False,,346,1,287,2.4
plate_05027.jpg,tesseract,ก,0.9977,True,per-letter,,0993,0.867,สงขลา,0.998,0.889,car,1,4,False,,346,1,287,117.4
plate_05027.jpg,paddle,ก,0.987,True,per-letter,,0993,0.867,สงขลา,0.998,0.889,car,1,4,False,,346,1,287,113.0
plate_05027.jpg,easyocr+cnn,ก,0.9977,True,per-letter,easyocr=ก|cnn=ก,0993,0.867,สงขลา,0.998,0.889,car,1,4,False,,346,1,287,321.6
plate_05027.jpg,cnn+paddle,ก,0.994,True,per-letter,cnn=ก|paddle=ก,0993,0.867,สงขลา,0.998,0.889,car,1,4,False,,346,1,287,115.4
plate_05027.jpg,easyocr+cnn+paddle,ก,0.9955,True,per-letter,easyocr=ก|cnn=ก|paddle=ก,0993,0.867,สงขลา,0.998,0.889,car,1,4,False,,346,1,287,434.6
plate_05027.jpg,easyocr+cnn+tesseract+paddle,ก,0.9957,True,per-letter,easyocr=ก|cnn=ก|tesseract=ก|paddle=ก,0993,0.867,สงขลา,0.998,0.889,car,1,4,False,,346,1,287,552.1
plate_05039.jpg,group,8ขต,0.6417,True,whole crop,,8363,1.0,กรุงเทพมหานคร,1.0,0.96,motorcycle,3,4,True,,308,1,282,77.1
plate_05039.jpg,easyocr,8ขต,0.985,True,per-letter,,8363,1.0,กรุงเทพมหานคร,1.0,0.96,motorcycle,3,4,False,,308,1,282,400.5
plate_05039.jpg,cnn,8ขต,0.9845,True,per-letter,,8363,1.0,กรุงเทพมหานคร,1.0,0.96,motorcycle,3,4,False,,308,1,282,2.9
plate_05039.jpg,tesseract,8ขต,0.9944,True,per-letter,,8363,1.0,กรุงเทพมหานคร,1.0,0.96,motorcycle,3,4,False,,308,1,282,311.9
plate_05039.jpg,paddle,8ขต,0.4764,True,per-letter,,8363,1.0,กรุงเทพมหานคร,1.0,0.96,motorcycle,3,4,True,,308,1,282,391.7
plate_05039.jpg,easyocr+cnn,8ขต,0.9853,True,per-letter,easyocr=8ขต|cnn=8ขต,8363,1.0,กรุงเทพมหานคร,1.0,0.96,motorcycle,3,4,False,,308,1,282,403.5
plate_05039.jpg,cnn+paddle,8ขต,0.8365,True,per-letter,cnn=8ขต|paddle=8ซต,8363,1.0,กรุงเทพมหานคร,1.0,0.96,motorcycle,3,4,False,,308,1,282,394.6
plate_05039.jpg,easyocr+cnn+paddle,8ขต,0.879,True,per-letter,easyocr=8ขต|cnn=8ขต|paddle=8ซต,8363,1.0,กรุงเทพมหานคร,1.0,0.96,motorcycle,3,4,False,,308,1,282,795.2
plate_05039.jpg,easyocr+cnn+tesseract+paddle,8ขต,0.89,True,per-letter,easyocr=8ขต|cnn=8ขต|tesseract=8ขต|paddle=8ซต,8363,1.0,กรุงเทพมหานคร,1.0,0.96,motorcycle,3,4,False,,308,1,282,1107.0
plate_05048.jpg,group,อธต,0.6193,True,whole crop,,383,0.997,กรุงเทพมหานคร,1.0,0.526,motorcycle,3,3,True,,196,6,239,82.8
plate_05048.jpg,easyocr,งธต,0.5644,True,per-letter,,383,0.997,กรุงเทพมหานคร,1.0,0.526,motorcycle,3,3,True,,196,6,239,409.0
plate_05048.jpg,cnn,อธต,0.9508,True,per-letter,,383,0.997,กรุงเทพมหานคร,1.0,0.526,motorcycle,3,3,True,,196,6,239,2.7
plate_05048.jpg,tesseract,ยฐต,0.7769,True,per-letter,,383,0.997,กรุงเทพมหานคร,1.0,0.526,motorcycle,3,3,True,,196,6,239,295.7
plate_05048.jpg,paddle,อธด,0.5112,True,per-letter,,383,0.997,กรุงเทพมหานคร,1.0,0.526,motorcycle,3,3,True,,196,6,239,229.8
plate_05048.jpg,easyocr+cnn,อธต,0.8437,True,per-letter,easyocr=งธต|cnn=อธต,383,0.997,กรุงเทพมหานคร,1.0,0.526,motorcycle,3,3,True,,196,6,239,411.7
plate_05048.jpg,cnn+paddle,อธต,0.7841,True,per-letter,cnn=อธต|paddle=อธด,383,0.997,กรุงเทพมหานคร,1.0,0.526,motorcycle,3,3,True,,196,6,239,232.5
plate_05048.jpg,easyocr+cnn+paddle,อธต,0.7718,True,per-letter,easyocr=งธต|cnn=อธต|paddle=อธด,383,0.997,กรุงเทพมหานคร,1.0,0.526,motorcycle,3,3,True,,196,6,239,641.5
plate_05048.jpg,easyocr+cnn+tesseract+paddle,อธต,0.7633,True,per-letter,easyocr=งธต|cnn=อธต|tesseract=ยฐต|paddle=อธด,383,0.997,กรุงเทพมหานคร,1.0,0.526,motorcycle,3,3,True,,196,6,239,937.2
plate_05054.jpg,group,7กษ,0.8554,True,whole crop,,385,1.0,กรุงเทพมหานคร,0.865,0.6,motorcycle,3,3,True,,172,1,242,82.5
plate_05054.jpg,easyocr,7กบ,0.9569,True,per-letter,,385,1.0,กรุงเทพมหานคร,0.865,0.6,motorcycle,3,3,True,,172,1,242,353.3
plate_05054.jpg,cnn,7กษ,0.9909,True,per-letter,,385,1.0,กรุงเทพมหานคร,0.865,0.6,motorcycle,3,3,True,,172,1,242,2.5
plate_05054.jpg,tesseract,7กบ,0.9709,True,per-letter,,385,1.0,กรุงเทพมหานคร,0.865,0.6,motorcycle,3,3,True,,172,1,242,337.5
plate_05054.jpg,paddle,7กป,0.7501,True,per-letter,,385,1.0,กรุงเทพมหานคร,0.865,0.6,motorcycle,3,3,True,,172,1,242,238.5
plate_05054.jpg,easyocr+cnn,7กษ,0.79,True,per-letter,easyocr=7กบ|cnn=7กษ,385,1.0,กรุงเทพมหานคร,0.865,0.6,motorcycle,3,3,True,,172,1,242,355.8
plate_05054.jpg,cnn+paddle,7กษ,0.8461,True,per-letter,cnn=7กษ|paddle=7กป,385,1.0,กรุงเทพมหานคร,0.865,0.6,motorcycle,3,3,True,,172,1,242,241.0
plate_05054.jpg,easyocr+cnn+paddle,7กษ,0.7157,True,per-letter,easyocr=7กบ|cnn=7กษ|paddle=7กป,385,1.0,กรุงเทพมหานคร,0.865,0.6,motorcycle,3,3,True,,172,1,242,594.3
plate_05054.jpg,easyocr+cnn+tesseract+paddle,7กษ,0.6822,True,per-letter,easyocr=7กบ|cnn=7กษ|tesseract=7กบ|paddle=7กป,385,1.0,กรุงเทพมหานคร,0.865,0.6,motorcycle,3,3,True,,172,1,242,931.8
plate_05056.jpg,group,,0.0,False,whole crop,,2,0.712,เลย,0.477,0.0,motorcycle,2,4,True,,299,1,269,82.5
plate_05056.jpg,easyocr,นต,0.243,True,per-letter,,2,0.712,เลย,0.477,0.0,motorcycle,2,4,True,,299,1,269,249.4
plate_05056.jpg,cnn,ณ4,0.0,False,per-letter,,2,0.712,เลย,0.477,0.0,motorcycle,2,4,True,,299,1,269,2.0
plate_05056.jpg,tesseract,พ?,0.0,False,per-letter,,2,0.712,เลย,0.477,0.0,motorcycle,2,4,True,,299,1,269,267.7
plate_05056.jpg,paddle,นซ,0.4189,True,per-letter,,2,0.712,เลย,0.477,0.0,motorcycle,2,4,True,,299,1,269,160.2
plate_05056.jpg,easyocr+cnn,ณ4,0.0,False,per-letter,easyocr=บต|cnn=ณ4,2,0.712,เลย,0.477,0.0,motorcycle,2,4,True,,299,1,269,251.4
plate_05056.jpg,cnn+paddle,ณซ,0.5685,True,per-letter,cnn=ณ4|paddle=พซ,2,0.712,เลย,0.477,0.0,motorcycle,2,4,True,,299,1,269,162.1
plate_05056.jpg,easyocr+cnn+paddle,ณซ,0.4852,True,per-letter,easyocr=บต|cnn=ณ4|paddle=พซ,2,0.712,เลย,0.477,0.0,motorcycle,2,4,True,,299,1,269,411.5
plate_05056.jpg,easyocr+cnn+tesseract+paddle,ณซ,0.4536,True,per-letter,easyocr=บต|cnn=ณ4|tesseract=พก|paddle=พซ,2,0.712,เลย,0.477,0.0,motorcycle,2,4,True,,299,1,269,679.2
plate_05064.jpg,group,ณป,0.0843,True,whole crop,,1559,0.992,กรุงเทพมหานคร,1.0,1.0,car,2,4,True,,188,1,265,80.0
plate_05064.jpg,easyocr,ณข,0.2041,True,per-letter,,1559,0.992,กรุงเทพมหานคร,1.0,1.0,car,2,4,True,,188,1,265,285.3
plate_05064.jpg,cnn,ณข,0.9878,True,per-letter,,1559,0.992,กรุงเทพมหานคร,1.0,1.0,car,2,4,False,,188,1,265,2.0
plate_05064.jpg,tesseract,ณข,0.9325,True,per-letter,,1559,0.992,กรุงเทพมหานคร,1.0,1.0,car,2,4,False,,188,1,265,233.1
plate_05064.jpg,paddle,นซ,0.3728,True,per-letter,,1559,0.992,กรุงเทพมหานคร,1.0,1.0,car,2,4,True,,188,1,265,157.5
plate_05064.jpg,easyocr+cnn,ณข,0.7263,True,per-letter,easyocr=ญข|cnn=ณข,1559,0.992,กรุงเทพมหานคร,1.0,1.0,car,2,4,False,,188,1,265,287.3
plate_05064.jpg,cnn+paddle,ณข,0.5009,True,per-letter,cnn=ณข|paddle=นซ,1559,0.992,กรุงเทพมหานคร,1.0,1.0,car,2,4,True,,188,1,265,159.6
plate_05064.jpg,easyocr+cnn+paddle,ณข,0.4883,True,per-letter,easyocr=ญข|cnn=ณข|paddle=นซ,1559,0.992,กรุงเทพมหานคร,1.0,1.0,car,2,4,True,,188,1,265,444.9
plate_05064.jpg,easyocr+cnn+tesseract+paddle,ณข,0.5106,True,per-letter,easyocr=ญข|cnn=ณข|tesseract=ณข|paddle=นซ,1559,0.992,กรุงเทพมหานคร,1.0,1.0,car,2,4,True,,188,1,265,678.0
plate_05105.jpg,group,ขรย,0.4769,True,whole crop,,964,0.858,ตรัง,1.0,0.75,motorcycle,3,3,True,,233,2,249,80.5
plate_05105.jpg,easyocr,ขรย,0.9854,True,per-letter,,964,0.858,ตรัง,1.0,0.75,motorcycle,3,3,False,,233,2,249,368.4
plate_05105.jpg,cnn,ขรย,0.9807,True,per-letter,,964,0.858,ตรัง,1.0,0.75,motorcycle,3,3,False,,233,2,249,2.9
plate_05105.jpg,tesseract,ขธย,0.8064,True,per-letter,,964,0.858,ตรัง,1.0,0.75,motorcycle,3,3,False,,233,2,249,238.8
plate_05105.jpg,paddle,ขรย,0.4286,True,per-letter,,964,0.858,ตรัง,1.0,0.75,motorcycle,3,3,True,,233,2,249,234.0
plate_05105.jpg,easyocr+cnn,ขรย,0.9815,True,per-letter,easyocr=ขรย|cnn=ขรย,964,0.858,ตรัง,1.0,0.75,motorcycle,3,3,False,,233,2,249,371.3
plate_05105.jpg,cnn+paddle,ขรย,0.835,True,per-letter,cnn=ขรย|paddle=2รย,964,0.858,ตรัง,1.0,0.75,motorcycle,3,3,False,,233,2,249,236.9
plate_05105.jpg,easyocr+cnn+paddle,ขรย,0.8771,True,per-letter,easyocr=ขรย|cnn=ขรย|paddle=2รย,964,0.858,ตรัง,1.0,0.75,motorcycle,3,3,False,,233,2,249,605.3
plate_05105.jpg,easyocr+cnn+tesseract+paddle,ขรย,0.879,True,per-letter,easyocr=ขรย|cnn=ขรย|tesseract=ขธย|paddle=2รย,964,0.858,ตรัง,1.0,0.75,motorcycle,3,3,False,,233,2,249,844.1
plate_05106.jpg,group,3กณ,0.2194,True,whole crop,,1226,0.855,กรุงเทพมหานคร,1.0,0.571,motorcycle,3,3,True,,275,8,241,74.2
plate_05106.jpg,easyocr,3กค,0.6355,True,per-letter,,1226,0.855,กรุงเทพมหานคร,1.0,0.571,motorcycle,3,3,True,,275,8,241,332.1
plate_05106.jpg,cnn,3กญ,0.9584,True,per-letter,,1226,0.855,กรุงเทพมหานคร,1.0,0.571,motorcycle,3,3,True,,275,8,241,2.4
plate_05106.jpg,tesseract,งกย,0.927,True,per-letter,,1226,0.855,กรุงเทพมหานคร,1.0,0.571,motorcycle,3,3,True,,275,8,241,320.9
plate_05106.jpg,paddle,3กณ,0.7787,True,per-letter,,1226,0.855,กรุงเทพมหานคร,1.0,0.571,motorcycle,3,3,True,,275,8,241,236.2
plate_05106.jpg,easyocr+cnn,3กญ,0.8334,True,per-letter,easyocr=3กค|cnn=3กญ,1226,0.855,กรุงเทพมหานคร,1.0,0.571,motorcycle,3,3,True,,275,8,241,334.5
plate_05106.jpg,cnn+paddle,3กญ,0.6791,True,per-letter,cnn=3กญ|paddle=3กณ,1226,0.855,กรุงเทพมหานคร,1.0,0.571,motorcycle,3,3,True,,275,8,241,238.7
plate_05106.jpg,easyocr+cnn+paddle,3กญ,0.636,True,per-letter,easyocr=3กค|cnn=3กญ|paddle=3กณ,1226,0.855,กรุงเทพมหานคร,1.0,0.571,motorcycle,3,3,True,,275,8,241,570.7
plate_05106.jpg,easyocr+cnn+tesseract+paddle,3กญ,0.5894,True,per-letter,easyocr=3กค|cnn=3กญ|tesseract=งกย|paddle=3กณ,1226,0.855,กรุงเทพมหานคร,1.0,0.571,motorcycle,3,3,True,,275,8,241,891.7
plate_05121.jpg,group,วษช,0.1526,True,whole crop,,52,0.985,กรุงเทพมหานคร,1.0,0.636,motorcycle,3,2,True,,304,1,235,75.6
plate_05121.jpg,easyocr,รนป,0.1761,True,per-letter,,52,0.985,กรุงเทพมหานคร,1.0,0.636,motorcycle,3,2,True,,304,1,235,355.9
plate_05121.jpg,cnn,วษข,0.9612,True,per-letter,,52,0.985,กรุงเทพมหานคร,1.0,0.636,motorcycle,3,2,False,,304,1,235,2.6
plate_05121.jpg,tesseract,?บข,0.0,False,per-letter,,52,0.985,กรุงเทพมหานคร,1.0,0.636,motorcycle,3,2,True,,304,1,235,335.8
plate_05121.jpg,paddle,รปซ,0.2877,True,per-letter,,52,0.985,กรุงเทพมหานคร,1.0,0.636,motorcycle,3,2,True,,304,1,235,234.1
plate_05121.jpg,easyocr+cnn,วษข,0.514,True,per-letter,easyocr=รนป|cnn=วษข,52,0.985,กรุงเทพมหานคร,1.0,0.636,motorcycle,3,2,True,,304,1,235,358.4
plate_05121.jpg,cnn+paddle,วษข,0.585,True,per-letter,cnn=วษข|paddle=รปซ,52,0.985,กรุงเทพมหานคร,1.0,0.636,motorcycle,3,2,True,,304,1,235,236.7
plate_05121.jpg,easyocr+cnn+paddle,วษข,0.3831,True,per-letter,easyocr=รนป|cnn=วษข|paddle=รปซ,52,0.985,กรุงเทพมหานคร,1.0,0.636,motorcycle,3,2,True,,304,1,235,592.6
plate_05121.jpg,easyocr+cnn+tesseract+paddle,วษข,0.3646,True,per-letter,easyocr=รนป|cnn=วษข|tesseract=กบข|paddle=รปซ,52,0.985,กรุงเทพมหานคร,1.0,0.636,motorcycle,3,2,True,,304,1,235,928.3
plate_05140.jpg,group,1กผ,0.4815,True,whole crop,,9198,0.999,นครศรีธรรมราช,1.0,0.667,motorcycle,3,4,True,,244,1,270,79.4
plate_05140.jpg,easyocr,1กผ,0.9981,True,per-letter,,9198,0.999,นครศรีธรรมราช,1.0,0.667,motorcycle,3,4,False,,244,1,270,366.0
plate_05140.jpg,cnn,1กผ,0.9895,True,per-letter,,9198,0.999,นครศรีธรรมราช,1.0,0.667,motorcycle,3,4,False,,244,1,270,2.5
plate_05140.jpg,tesseract,1กผ,0.9962,True,per-letter,,9198,0.999,นครศรีธรรมราช,1.0,0.667,motorcycle,3,4,False,,244,1,270,368.4
plate_05140.jpg,paddle,1กฝ,0.5512,True,per-letter,,9198,0.999,นครศรีธรรมราช,1.0,0.667,motorcycle,3,4,True,,244,1,270,240.9
plate_05140.jpg,easyocr+cnn,1กผ,0.9928,True,per-letter,easyocr=1กผ|cnn=1กผ,9198,0.999,นครศรีธรรมราช,1.0,0.667,motorcycle,3,4,False,,244,1,270,368.5
plate_05140.jpg,cnn+paddle,1กผ,0.8405,True,per-letter,cnn=1กผ|paddle=1กฝ,9198,0.999,นครศรีธรรมราช,1.0,0.667,motorcycle,3,4,False,,244,1,270,243.4
plate_05140.jpg,easyocr+cnn+paddle,1กผ,0.8836,True,per-letter,easyocr=1กผ|cnn=1กผ|paddle=1กฝ,9198,0.999,นครศรีธรรมราช,1.0,0.667,motorcycle,3,4,False,,244,1,270,609.4
plate_05140.jpg,easyocr+cnn+tesseract+paddle,1กผ,0.896,True,per-letter,easyocr=1กผ|cnn=1กผ|tesseract=1กผ|paddle=1กฝ,9198,0.999,นครศรีธรรมราช,1.0,0.667,motorcycle,3,4,False,,244,1,270,977.8
plate_05156.jpg,group,รน,0.8834,True,whole crop,,506,0.849,ร้อยเอ็ด,1.0,0.444,motorcycle,2,3,True,,340,1,240,82.3
plate_05156.jpg,easyocr,รน,0.7656,True,per-letter,,506,0.849,ร้อยเอ็ด,1.0,0.444,motorcycle,2,3,True,,340,1,240,272.5
plate_05156.jpg,cnn,รน,0.9424,True,per-letter,,506,0.849,ร้อยเอ็ด,1.0,0.444,motorcycle,2,3,True,,340,1,240,1.9
plate_05156.jpg,tesseract,ฐน,0.9192,True,per-letter,,506,0.849,ร้อยเอ็ด,1.0,0.444,motorcycle,2,3,True,,340,1,240,188.2
plate_05156.jpg,paddle,รน,0.8928,True,per-letter,,506,0.849,ร้อยเอ็ด,1.0,0.444,motorcycle,2,3,True,,340,1,240,154.7
plate_05156.jpg,easyocr+cnn,รน,0.8959,True,per-letter,easyocr=รน|cnn=รน,506,0.849,ร้อยเอ็ด,1.0,0.444,motorcycle,2,3,True,,340,1,240,274.3
plate_05156.jpg,cnn+paddle,รน,0.9295,True,per-letter,cnn=รน|paddle=รน,506,0.849,ร้อยเอ็ด,1.0,0.444,motorcycle,2,3,True,,340,1,240,156.6
plate_05156.jpg,easyocr+cnn+paddle,รน,0.9215,True,per-letter,easyocr=รน|cnn=รน|paddle=รน,506,0.849,ร้อยเอ็ด,1.0,0.444,motorcycle,2,3,True,,340,1,240,429.0
plate_05156.jpg,easyocr+cnn+tesseract+paddle,รน,0.9246,True,per-letter,easyocr=รน|cnn=รน|tesseract=ฐน|paddle=รน,506,0.849,ร้อยเอ็ด,1.0,0.444,motorcycle,2,3,True,,340,1,240,617.3
plate_05157.jpg,group,7ขผ,0.6774,True,whole crop,,9521,0.622,กรุงเทพมหานคร,1.0,0.87,motorcycle,3,4,True,,303,1,325,82.3
plate_05157.jpg,easyocr,7ขผ,0.9987,True,per-letter,,9521,0.622,กรุงเทพมหานคร,1.0,0.87,motorcycle,3,4,True,,303,1,325,374.9
plate_05157.jpg,cnn,7ขผ,0.9865,True,per-letter,,9521,0.622,กรุงเทพมหานคร,1.0,0.87,motorcycle,3,4,True,,303,1,325,2.8
plate_05157.jpg,tesseract,7ขผ,0.9966,True,per-letter,,9521,0.622,กรุงเทพมหานคร,1.0,0.87,motorcycle,3,4,True,,303,1,325,296.5
plate_05157.jpg,paddle,7ซผ,0.5497,True,per-letter,,9521,0.622,กรุงเทพมหานคร,1.0,0.87,motorcycle,3,4,True,,303,1,325,231.6
plate_05157.jpg,easyocr+cnn,7ขผ,0.991,True,per-letter,easyocr=7ขผ|cnn=7ขผ,9521,0.622,กรุงเทพมหานคร,1.0,0.87,motorcycle,3,4,True,,303,1,325,377.7
plate_05157.jpg,cnn+paddle,7ขผ,0.8341,True,per-letter,cnn=7ขผ|paddle=7ซผ,9521,0.622,กรุงเทพมหานคร,1.0,0.87,motorcycle,3,4,True,,303,1,325,234.4
plate_05157.jpg,easyocr+cnn+paddle,7ขผ,0.8797,True,per-letter,easyocr=7ขผ|cnn=7ขผ|paddle=7ซผ,9521,0.622,กรุงเทพมหานคร,1.0,0.87,motorcycle,3,4,True,,303,1,325,609.3
plate_05157.jpg,easyocr+cnn+tesseract+paddle,7ขผ,0.8929,True,per-letter,easyocr=7ขผ|cnn=7ขผ|tesseract=7ขผ|paddle=7ซผ,9521,0.622,กรุงเทพมหานคร,1.0,0.87,motorcycle,3,4,True,,303,1,325,905.8
plate_05173.jpg,group,รกณ,0.5549,True,whole crop,,6748,1.0,กรุงเทพมหานคร,1.0,0.8,motorcycle,3,4,True,,267,1,321,80.0
plate_05173.jpg,easyocr,3กณ,0.9037,True,per-letter,,6748,1.0,กรุงเทพมหานคร,1.0,0.8,motorcycle,3,4,False,,267,1,321,381.4
plate_05173.jpg,cnn,3กฌ,0.9695,True,per-letter,,6748,1.0,กรุงเทพมหานคร,1.0,0.8,motorcycle,3,4,False,,267,1,321,2.3
plate_05173.jpg,tesseract,3กณ,0.987,True,per-letter,,6748,1.0,กรุงเทพมหานคร,1.0,0.8,motorcycle,3,4,False,,267,1,321,354.7
plate_05173.jpg,paddle,3กพ,0.4157,True,per-letter,,6748,1.0,กรุงเทพมหานคร,1.0,0.8,motorcycle,3,4,True,,267,1,321,231.5
plate_05173.jpg,easyocr+cnn,3กฌ,0.528,True,per-letter,easyocr=3กณ|cnn=3กฌ,6748,1.0,กรุงเทพมหานคร,1.0,0.8,motorcycle,3,4,True,,267,1,321,383.7
plate_05173.jpg,cnn+paddle,3กฌ,0.7329,True,per-letter,cnn=3กฌ|paddle=3กพ,6748,1.0,กรุงเทพมหานคร,1.0,0.8,motorcycle,3,4,False,,267,1,321,233.8
plate_05173.jpg,easyocr+cnn+paddle,3กฌ,0.4584,True,per-letter,easyocr=3กณ|cnn=3กฌ|paddle=3กพ,6748,1.0,กรุงเทพมหานคร,1.0,0.8,motorcycle,3,4,True,,267,1,321,615.2
plate_05173.jpg,easyocr+cnn+tesseract+paddle,3กณ,0.5132,True,per-letter,easyocr=3กณ|cnn=3กฌ|tesseract=3กณ|paddle=3กพ,6748,1.0,กรุงเทพมหานคร,1.0,0.8,motorcycle,3,4,True,,267,1,321,969.9
plate_05192.jpg,group,รกม,0.5139,True,whole crop,,3208,0.951,กรุงเทพมหานคร,1.0,0.88,motorcycle,3,4,True,,257,1,280,82.7
plate_05192.jpg,easyocr,5กม,0.9997,True,per-letter,,3208,0.951,กรุงเทพมหานคร,1.0,0.88,motorcycle,3,4,False,,257,1,280,421.9
plate_05192.jpg,cnn,5กม,0.9816,True,per-letter,,3208,0.951,กรุงเทพมหานคร,1.0,0.88,motorcycle,3,4,False,,257,1,280,2.3
plate_05192.jpg,tesseract,5กม,0.9979,True,per-letter,,3208,0.951,กรุงเทพมหานคร,1.0,0.88,motorcycle,3,4,False,,257,1,280,329.6
plate_05192.jpg,paddle,5กม,0.9983,True,per-letter,,3208,0.951,กรุงเทพมหานคร,1.0,0.88,motorcycle,3,4,False,,257,1,280,239.6
plate_05192.jpg,easyocr+cnn,5กม,0.9879,True,per-letter,easyocr=5กม|cnn=5กม,3208,0.951,กรุงเทพมหานคร,1.0,0.88,motorcycle,3,4,False,,257,1,280,424.2
plate_05192.jpg,cnn+paddle,5กม,0.9879,True,per-letter,cnn=5กม|paddle=5กม,3208,0.951,กรุงเทพมหานคร,1.0,0.88,motorcycle,3,4,False,,257,1,280,241.9
plate_05192.jpg,easyocr+cnn+paddle,5กม,0.991,True,per-letter,easyocr=5กม|cnn=5กม|paddle=5กม,3208,0.951,กรุงเทพมหานคร,1.0,0.88,motorcycle,3,4,False,,257,1,280,663.8
plate_05192.jpg,easyocr+cnn+tesseract+paddle,5กม,0.9917,True,per-letter,easyocr=5กม|cnn=5กม|tesseract=5กม|paddle=5กม,3208,0.951,กรุงเทพมหานคร,1.0,0.88,motorcycle,3,4,False,,257,1,280,993.3
plate_05224.jpg,group,7ขง,0.5103,True,whole crop,,779,0.998,มุกดาหาร,0.957,0.444,motorcycle,3,3,True,,312,1,246,80.3
plate_05224.jpg,easyocr,7ขง,0.9974,True,per-letter,,779,0.998,มุกดาหาร,0.957,0.444,motorcycle,3,3,True,,312,1,246,342.4
plate_05224.jpg,cnn,7ขง,0.9686,True,per-letter,,779,0.998,มุกดาหาร,0.957,0.444,motorcycle,3,3,True,,312,1,246,2.3
plate_05224.jpg,tesseract,ศซง,0.9813,True,per-letter,,779,0.998,มุกดาหาร,0.957,0.444,motorcycle,3,3,True,,312,1,246,318.5
plate_05224.jpg,paddle,7ขง,0.8598,True,per-letter,,779,0.998,มุกดาหาร,0.957,0.444,motorcycle,3,3,True,,312,1,246,243.4
plate_05224.jpg,easyocr+cnn,7ขง,0.9795,True,per-letter,easyocr=7ขง|cnn=7ขง,779,0.998,มุกดาหาร,0.957,0.444,motorcycle,3,3,True,,312,1,246,344.8
plate_05224.jpg,cnn+paddle,7ขง,0.951,True,per-letter,cnn=7ขง|paddle=7ขง,779,0.998,มุกดาหาร,0.957,0.444,motorcycle,3,3,True,,312,1,246,245.7
plate_05224.jpg,easyocr+cnn+paddle,7ขง,0.9643,True,per-letter,easyocr=7ขง|cnn=7ขง|paddle=7ขง,779,0.998,มุกดาหาร,0.957,0.444,motorcycle,3,3,True,,312,1,246,588.1
plate_05224.jpg,easyocr+cnn+tesseract+paddle,7ขง,0.8542,True,per-letter,easyocr=7ขง|cnn=7ขง|tesseract=ศซง|paddle=7ขง,779,0.998,มุกดาหาร,0.957,0.444,motorcycle,3,3,True,,312,1,246,906.6
plate_05225.jpg,group,9กอ,0.2694,True,whole crop,,9911,0.99,กรุงเทพมหานคร,1.0,0.88,motorcycle,3,4,True,,335,1,315,79.6
plate_05225.jpg,easyocr,9กอ,1.0,True,per-letter,,9911,0.99,กรุงเทพมหานคร,1.0,0.88,motorcycle,3,4,False,,335,1,315,386.8
plate_05225.jpg,cnn,9กอ,0.9949,True,per-letter,,9911,0.99,กรุงเทพมหานคร,1.0,0.88,motorcycle,3,4,False,,335,1,315,2.5
plate_05225.jpg,tesseract,9กอ,0.9976,True,per-letter,,9911,0.99,กรุงเทพมหานคร,1.0,0.88,motorcycle,3,4,False,,335,1,315,265.6
plate_05225.jpg,paddle,9กอ,0.9987,True,per-letter,,9911,0.99,กรุงเทพมหานคร,1.0,0.88,motorcycle,3,4,False,,335,1,315,236.5
plate_05225.jpg,easyocr+cnn,9กอ,0.9966,True,per-letter,easyocr=9กอ|cnn=9กอ,9911,0.99,กรุงเทพมหานคร,1.0,0.88,motorcycle,3,4,False,,335,1,315,389.3
plate_05225.jpg,cnn+paddle,9กอ,0.9966,True,per-letter,cnn=9กอ|paddle=9กอ,9911,0.99,กรุงเทพมหานคร,1.0,0.88,motorcycle,3,4,False,,335,1,315,238.9
plate_05225.jpg,easyocr+cnn+paddle,9กอ,0.9975,True,per-letter,easyocr=9กอ|cnn=9กอ|paddle=9กอ,9911,0.99,กรุงเทพมหานคร,1.0,0.88,motorcycle,3,4,False,,335,1,315,625.8
plate_05225.jpg,easyocr+cnn+tesseract+paddle,9กอ,0.9975,True,per-letter,easyocr=9กอ|cnn=9กอ|tesseract=9กอ|paddle=9กอ,9911,0.99,กรุงเทพมหานคร,1.0,0.88,motorcycle,3,4,False,,335,1,315,891.4
plate_05233.jpg,group,1กศ,0.7443,True,whole crop,,9793,0.994,สุราษฎร์ธานี,1.0,0.8,motorcycle,3,4,False,,267,1,315,80.8
plate_05233.jpg,easyocr,1กศ,0.9971,True,per-letter,,9793,0.994,สุราษฎร์ธานี,1.0,0.8,motorcycle,3,4,False,,267,1,315,386.9
plate_05233.jpg,cnn,1กศ,0.9935,True,per-letter,,9793,0.994,สุราษฎร์ธานี,1.0,0.8,motorcycle,3,4,False,,267,1,315,2.3
plate_05233.jpg,tesseract,1กศ,0.9738,True,per-letter,,9793,0.994,สุราษฎร์ธานี,1.0,0.8,motorcycle,3,4,False,,267,1,315,240.5
plate_05233.jpg,paddle,1กศ,0.9954,True,per-letter,,9793,0.994,สุราษฎร์ธานี,1.0,0.8,motorcycle,3,4,False,,267,1,315,234.0
plate_05233.jpg,easyocr+cnn,1กศ,0.9954,True,per-letter,easyocr=1กศ|cnn=1กศ,9793,0.994,สุราษฎร์ธานี,1.0,0.8,motorcycle,3,4,False,,267,1,315,389.3
plate_05233.jpg,cnn+paddle,1กศ,0.9951,True,per-letter,cnn=1กศ|paddle=1กศ,9793,0.994,สุราษฎร์ธานี,1.0,0.8,motorcycle,3,4,False,,267,1,315,236.3
plate_05233.jpg,easyocr+cnn+paddle,1กศ,0.9961,True,per-letter,easyocr=1กศ|cnn=1กศ|paddle=1กศ,9793,0.994,สุราษฎร์ธานี,1.0,0.8,motorcycle,3,4,False,,267,1,315,623.3
plate_05233.jpg,easyocr+cnn+tesseract+paddle,1กศ,0.9955,True,per-letter,easyocr=1กศ|cnn=1กศ|tesseract=1กศ|paddle=1กศ,9793,0.994,สุราษฎร์ธานี,1.0,0.8,motorcycle,3,4,False,,267,1,315,863.8
plate_05237.jpg,group,1กฮ,0.949,True,whole crop,,8133,1.0,สุราษฎร์ธานี,1.0,0.783,motorcycle,3,4,False,,386,6,285,79.1
plate_05237.jpg,easyocr,1กฮ,0.9991,True,per-letter,,8133,1.0,สุราษฎร์ธานี,1.0,0.783,motorcycle,3,4,False,,386,6,285,415.6
plate_05237.jpg,cnn,1กฮ,0.9951,True,per-letter,,8133,1.0,สุราษฎร์ธานี,1.0,0.783,motorcycle,3,4,False,,386,6,285,2.5
plate_05237.jpg,tesseract,1กฮ,0.9764,True,per-letter,,8133,1.0,สุราษฎร์ธานี,1.0,0.783,motorcycle,3,4,False,,386,6,285,259.4
plate_05237.jpg,paddle,1กฮ,0.7851,True,per-letter,,8133,1.0,สุราษฎร์ธานี,1.0,0.783,motorcycle,3,4,False,,386,6,285,238.4
plate_05237.jpg,easyocr+cnn,1กฮ,0.9968,True,per-letter,easyocr=1กฮ|cnn=1กฮ,8133,1.0,สุราษฎร์ธานี,1.0,0.783,motorcycle,3,4,False,,386,6,285,418.1
plate_05237.jpg,cnn+paddle,1กฮ,0.9304,True,per-letter,cnn=1กฮ|paddle=1กฮ,8133,1.0,สุราษฎร์ธานี,1.0,0.783,motorcycle,3,4,False,,386,6,285,240.9
plate_05237.jpg,easyocr+cnn+paddle,1กฮ,0.9482,True,per-letter,easyocr=1กฮ|cnn=1กฮ|paddle=1กฮ,8133,1.0,สุราษฎร์ธานี,1.0,0.783,motorcycle,3,4,False,,386,6,285,656.5
plate_05237.jpg,easyocr+cnn+tesseract+paddle,1กฮ,0.9524,True,per-letter,easyocr=1กฮ|cnn=1กฮ|tesseract=1กฮ|paddle=1กฮ,8133,1.0,สุราษฎร์ธานี,1.0,0.783,motorcycle,3,4,False,,386,6,285,915.9
plate_05258.jpg,group,7ษ,0.117,True,whole crop,,3329,0.724,กรุงเทพมหานคร,1.0,0.783,car,2,4,True,,288,8,273,80.7
plate_05258.jpg,easyocr,7บ,0.5924,True,per-letter,,3329,0.724,กรุงเทพมหานคร,1.0,0.783,car,2,4,True,,288,8,273,291.1
plate_05258.jpg,cnn,7ษ,0.8891,True,per-letter,,3329,0.724,กรุงเทพมหานคร,1.0,0.783,car,2,4,True,,288,8,273,1.8
plate_05258.jpg,tesseract,ลบ,0.8717,True,per-letter,,3329,0.724,กรุงเทพมหานคร,1.0,0.783,car,2,4,True,,288,8,273,166.4
plate_05258.jpg,paddle,7ป,0.277,True,per-letter,,3329,0.724,กรุงเทพมหานคร,1.0,0.783,car,2,4,True,,288,8,273,158.7
plate_05258.jpg,easyocr+cnn,7ษ,0.623,True,per-letter,easyocr=7บ|cnn=7ษ,3329,0.724,กรุงเทพมหานคร,1.0,0.783,car,2,4,True,,288,8,273,292.9
plate_05258.jpg,cnn+paddle,7ษ,0.6603,True,per-letter,cnn=7ษ|paddle=ซป,3329,0.724,กรุงเทพมหานคร,1.0,0.783,car,2,4,True,,288,8,273,160.5
plate_05258.jpg,easyocr+cnn+paddle,7ษ,0.5233,True,per-letter,easyocr=7บ|cnn=7ษ|paddle=ซป,3329,0.724,กรุงเทพมหานคร,1.0,0.783,car,2,4,True,,288,8,273,451.6
plate_05258.jpg,easyocr+cnn+tesseract+paddle,7ษ,0.48,True,per-letter,easyocr=7บ|cnn=7ษ|tesseract=ลบ|paddle=ซป,3329,0.724,กรุงเทพมหานคร,1.0,0.783,car,2,4,True,,288,8,273,617.9
plate_05269.jpg,group,กก,0.9477,True,whole crop,,7428,0.998,พังงา,0.168,0.286,motorcycle,2,4,True,,443,1,268,82.7
plate_05269.jpg,easyocr,กก,0.9389,True,per-letter,,7428,0.998,พังงา,0.168,0.286,motorcycle,2,4,True,,443,1,268,248.3
plate_05269.jpg,cnn,กก,0.9962,True,per-letter,,7428,0.998,พังงา,0.168,0.286,motorcycle,2,4,True,,443,1,268,1.7
plate_05269.jpg,tesseract,กก,0.9981,True,per-letter,,7428,0.998,พังงา,0.168,0.286,motorcycle,2,4,True,,443,1,268,192.5
plate_05269.jpg,paddle,กก,0.9589,True,per-letter,,7428,0.998,พังงา,0.168,0.286,motorcycle,2,4,True,,443,1,268,158.0
plate_05269.jpg,easyocr+cnn,กก,0.9828,True,per-letter,easyocr=กก|cnn=กก,7428,0.998,พังงา,0.168,0.286,motorcycle,2,4,True,,443,1,268,250.0
plate_05269.jpg,cnn+paddle,กก,0.9858,True,per-letter,cnn=กก|paddle=กก,7428,0.998,พังงา,0.168,0.286,motorcycle,2,4,True,,443,1,268,159.8
plate_05269.jpg,easyocr+cnn+paddle,กก,0.984,True,per-letter,easyocr=กก|cnn=กก|paddle=กก,7428,0.998,พังงา,0.168,0.286,motorcycle,2,4,True,,443,1,268,408.1
plate_05269.jpg,easyocr+cnn+tesseract+paddle,กก,0.9856,True,per-letter,easyocr=กก|cnn=กก|tesseract=กก|paddle=กก,7428,0.998,พังงา,0.168,0.286,motorcycle,2,4,True,,443,1,268,600.6
plate_05289.jpg,group,กณ,0.2257,True,whole crop,,6433,1.0,สตูล,0.812,0.0,motorcycle,2,4,True,,255,13,262,79.2
plate_05289.jpg,easyocr,กก,0.732,True,per-letter,,6433,1.0,สตูล,0.812,0.0,motorcycle,2,4,True,,255,13,262,271.6
plate_05289.jpg,cnn,กญ,0.9826,True,per-letter,,6433,1.0,สตูล,0.812,0.0,motorcycle,2,4,True,,255,13,262,1.9
plate_05289.jpg,tesseract,กญ,0.9868,True,per-letter,,6433,1.0,สตูล,0.812,0.0,motorcycle,2,4,True,,255,13,262,200.6
plate_05289.jpg,paddle,กญ,0.4236,True,per-letter,,6433,1.0,สตูล,0.812,0.0,motorcycle,2,4,True,,255,13,262,156.5
plate_05289.jpg,easyocr+cnn,กญ,0.7283,True,per-letter,easyocr=กก|cnn=กญ,6433,1.0,สตูล,0.812,0.0,motorcycle,2,4,True,,255,13,262,273.4
plate_05289.jpg,cnn+paddle,กญ,0.7954,True,per-letter,cnn=กญ|paddle=กญ,6433,1.0,สตูล,0.812,0.0,motorcycle,2,4,True,,255,13,262,158.4
plate_05289.jpg,easyocr+cnn+paddle,กญ,0.687,True,per-letter,easyocr=กก|cnn=กญ|paddle=กญ,6433,1.0,สตูล,0.812,0.0,motorcycle,2,4,True,,255,13,262,430.0
plate_05289.jpg,easyocr+cnn+tesseract+paddle,กญ,0.7147,True,per-letter,easyocr=กก|cnn=กญ|tesseract=กญ|paddle=กญ,6433,1.0,สตูล,0.812,0.0,motorcycle,2,4,True,,255,13,262,630.6
plate_05317.jpg,group,ซ,0.9992,True,whole crop,,24,0.292,กรุงเทพมหานคร,0.487,0.609,car,1,2,True,,206,1,239,78.2
plate_05317.jpg,easyocr,ง,0.55,True,per-letter,,24,0.292,กรุงเทพมหานคร,0.487,0.609,car,1,2,True,,206,1,239,114.8
plate_05317.jpg,cnn,ว,0.7057,True,per-letter,,24,0.292,กรุงเทพมหานคร,0.487,0.609,car,1,2,True,,206,1,239,1.1
plate_05317.jpg,tesseract,?,0.0,False,per-letter,,24,0.292,กรุงเทพมหานคร,0.487,0.609,car,1,2,True,,206,1,239,81.4
plate_05317.jpg,paddle,ซ,0.6499,True,per-letter,,24,0.292,กรุงเทพมหานคร,0.487,0.609,car,1,2,True,,206,1,239,76.4
plate_05317.jpg,easyocr+cnn,ว,0.4601,True,per-letter,easyocr=ง|cnn=ว,24,0.292,กรุงเทพมหานคร,0.487,0.609,car,1,2,True,,206,1,239,115.8
plate_05317.jpg,cnn+paddle,ซ,0.5913,True,per-letter,cnn=ว|paddle=ซ,24,0.292,กรุงเทพมหานคร,0.487,0.609,car,1,2,True,,206,1,239,77.5
plate_05317.jpg,easyocr+cnn+paddle,ซ,0.4616,True,per-letter,easyocr=ง|cnn=ว|paddle=ซ,24,0.292,กรุงเทพมหานคร,0.487,0.609,car,1,2,True,,206,1,239,192.2
plate_05317.jpg,easyocr+cnn+tesseract+paddle,ซ,0.4594,True,per-letter,easyocr=ง|cnn=ว|tesseract=ก|paddle=ซ,24,0.292,กรุงเทพมหานคร,0.487,0.609,car,1,2,True,,206,1,239,273.6
plate_05319.jpg,group,1กผ,0.3165,True,whole crop,,2493,1.0,ตรัง,1.0,0.667,motorcycle,3,4,True,,425,1,326,77.3
plate_05319.jpg,easyocr,1กผ,0.9984,True,per-letter,,2493,1.0,ตรัง,1.0,0.667,motorcycle,3,4,False,,425,1,326,571.4
plate_05319.jpg,cnn,1กผ,0.986,True,per-letter,,2493,1.0,ตรัง,1.0,0.667,motorcycle,3,4,False,,425,1,326,4.2
plate_05319.jpg,tesseract,1กผ,0.9687,True,per-letter,,2493,1.0,ตรัง,1.0,0.667,motorcycle,3,4,False,,425,1,326,263.7
plate_05319.jpg,paddle,1กผ,0.8856,True,per-letter,,2493,1.0,ตรัง,1.0,0.667,motorcycle,3,4,False,,425,1,326,213.4
plate_05319.jpg,easyocr+cnn,1กผ,0.9904,True,per-letter,easyocr=1กผ|cnn=1กผ,2493,1.0,ตรัง,1.0,0.667,motorcycle,3,4,False,,425,1,326,575.6
plate_05319.jpg,cnn+paddle,1กผ,0.9568,True,per-letter,cnn=1กผ|paddle=1กผ,2493,1.0,ตรัง,1.0,0.667,motorcycle,3,4,False,,425,1,326,217.6
plate_05319.jpg,easyocr+cnn+paddle,1กผ,0.9678,True,per-letter,easyocr=1กผ|cnn=1กผ|paddle=1กผ,2493,1.0,ตรัง,1.0,0.667,motorcycle,3,4,False,,425,1,326,789.0
plate_05319.jpg,easyocr+cnn+tesseract+paddle,1กผ,0.9695,True,per-letter,easyocr=1กผ|cnn=1กผ|tesseract=1กผ|paddle=1กผ,2493,1.0,ตรัง,1.0,0.667,motorcycle,3,4,False,,425,1,326,1052.7
plate_05320.jpg,group,ซ,0.0771,True,whole crop,,,0.0,เลย,0.987,0.0,motorcycle,1,3,True,,231,1,242,85.3
plate_05320.jpg,easyocr,น,0.7932,True,per-letter,,,0.0,เลย,0.987,0.0,motorcycle,1,3,True,,231,1,242,123.3
plate_05320.jpg,cnn,ข,0.3838,True,per-letter,,,0.0,เลย,0.987,0.0,motorcycle,1,3,True,,231,1,242,1.2
plate_05320.jpg,tesseract,?,0.0,False,per-letter,,,0.0,เลย,0.987,0.0,motorcycle,1,3,True,,231,1,242,90.7
plate_05320.jpg,paddle,อ,0.4712,True,per-letter,,,0.0,เลย,0.987,0.0,motorcycle,1,3,True,,231,1,242,79.1
plate_05320.jpg,easyocr+cnn,น,0.6128,True,per-letter,easyocr=น|cnn=ข,,0.0,เลย,0.987,0.0,motorcycle,1,3,True,,231,1,242,124.5
plate_05320.jpg,cnn+paddle,อ,0.4759,True,per-letter,cnn=ข|paddle=อ,,0.0,เลย,0.987,0.0,motorcycle,1,3,True,,231,1,242,80.4
plate_05320.jpg,easyocr+cnn+paddle,น,0.399,True,per-letter,easyocr=น|cnn=ข|paddle=อ,,0.0,เลย,0.987,0.0,motorcycle,1,3,True,,231,1,242,203.7
plate_05320.jpg,easyocr+cnn+tesseract+paddle,น,0.3959,True,per-letter,easyocr=น|cnn=ข|tesseract=ก|paddle=อ,,0.0,เลย,0.987,0.0,motorcycle,1,3,True,,231,1,242,294.4
plate_05324.jpg,group,4กม,0.1428,True,whole crop,,7634,1.0,ชลบุรี,0.992,0.727,motorcycle,5,4,True,,278,2,281,79.3
plate_05324.jpg,easyocr,4กม,0.1428,True,"whole crop, fallback",,7634,1.0,ชลบุรี,0.992,0.727,motorcycle,5,4,True,,278,2,281,79.3
plate_05324.jpg,cnn,4กม,0.1428,True,"whole crop, fallback",,7634,1.0,ชลบุรี,0.992,0.727,motorcycle,5,4,True,,278,2,281,79.3
plate_05324.jpg,tesseract,4กม,0.1428,True,"whole crop, fallback",,7634,1.0,ชลบุรี,0.992,0.727,motorcycle,5,4,True,,278,2,281,79.3
plate_05324.jpg,paddle,4กม,0.1428,True,"whole crop, fallback",,7634,1.0,ชลบุรี,0.992,0.727,motorcycle,5,4,True,,278,2,281,79.3
plate_05324.jpg,easyocr+cnn,4กม,0.1428,True,"whole crop, fallback",,7634,1.0,ชลบุรี,0.992,0.727,motorcycle,5,4,True,,278,2,281,79.3
plate_05324.jpg,cnn+paddle,4กม,0.1428,True,"whole crop, fallback",,7634,1.0,ชลบุรี,0.992,0.727,motorcycle,5,4,True,,278,2,281,79.3
plate_05324.jpg,easyocr+cnn+paddle,4กม,0.1428,True,"whole crop, fallback",,7634,1.0,ชลบุรี,0.992,0.727,motorcycle,5,4,True,,278,2,281,79.3
plate_05324.jpg,easyocr+cnn+tesseract+paddle,4กม,0.1428,True,"whole crop, fallback",,7634,1.0,ชลบุรี,0.992,0.727,motorcycle,5,4,True,,278,2,281,79.3
plate_05333.jpg,group,4กฒ,0.6727,True,whole crop,,4904,1.0,ชลบุรี,0.996,0.833,motorcycle,3,4,True,,218,1,273,85.5
plate_05333.jpg,easyocr,4กศ,0.6637,True,per-letter,,4904,1.0,ชลบุรี,0.996,0.833,motorcycle,3,4,True,,218,1,273,348.6
plate_05333.jpg,cnn,4กฒ,0.9695,True,per-letter,,4904,1.0,ชลบุรี,0.996,0.833,motorcycle,3,4,False,,218,1,273,3.1
plate_05333.jpg,tesseract,4กผ,0.9489,True,per-letter,,4904,1.0,ชลบุรี,0.996,0.833,motorcycle,3,4,False,,218,1,273,298.7
plate_05333.jpg,paddle,4กม,0.3812,True,per-letter,,4904,1.0,ชลบุรี,0.996,0.833,motorcycle,3,4,True,,218,1,273,240.7
plate_05333.jpg,easyocr+cnn,4กฒ,0.7897,True,per-letter,easyocr=4กศ|cnn=4กฒ,4904,1.0,ชลบุรี,0.996,0.833,motorcycle,3,4,False,,218,1,273,351.7
plate_05333.jpg,cnn+paddle,4กฒ,0.8521,True,per-letter,cnn=4กฒ|paddle=4กศ,4904,1.0,ชลบุรี,0.996,0.833,motorcycle,3,4,False,,218,1,273,243.8
plate_05333.jpg,easyocr+cnn+paddle,4กฒ,0.7072,True,per-letter,easyocr=4กศ|cnn=4กฒ|paddle=4กศ,4904,1.0,ชลบุรี,0.996,0.833,motorcycle,3,4,False,,218,1,273,592.4
plate_05333.jpg,easyocr+cnn+tesseract+paddle,4กฒ,0.7056,True,per-letter,easyocr=4กศ|cnn=4กฒ|tesseract=4กผ|paddle=4กศ,4904,1.0,ชลบุรี,0.996,0.833,motorcycle,3,4,False,,218,1,273,891.1
plate_05334.jpg,group,3กก,0.6264,True,whole crop,,7952,0.998,นครราชสีมา,1.0,0.778,motorcycle,3,4,True,,250,1,275,81.8
plate_05334.jpg,easyocr,3กก,1.0,True,per-letter,,7952,0.998,นครราชสีมา,1.0,0.778,motorcycle,3,4,False,,250,1,275,326.7
plate_05334.jpg,cnn,3กก,0.9953,True,per-letter,,7952,0.998,นครราชสีมา,1.0,0.778,motorcycle,3,4,False,,250,1,275,2.5
plate_05334.jpg,tesseract,3กก,0.9976,True,per-letter,,7952,0.998,นครราชสีมา,1.0,0.778,motorcycle,3,4,False,,250,1,275,388.8
plate_05334.jpg,paddle,3กก,0.9934,True,per-letter,,7952,0.998,นครราชสีมา,1.0,0.778,motorcycle,3,4,False,,250,1,275,250.5
plate_05334.jpg,easyocr+cnn,3กก,0.9969,True,per-letter,easyocr=3กก|cnn=3กก,7952,0.998,นครราชสีมา,1.0,0.778,motorcycle,3,4,False,,250,1,275,329.1
plate_05334.jpg,cnn+paddle,3กก,0.9958,True,per-letter,cnn=3กก|paddle=3กก,7952,0.998,นครราชสีมา,1.0,0.778,motorcycle,3,4,False,,250,1,275,253.0
plate_05334.jpg,easyocr+cnn+paddle,3กก,0.9968,True,per-letter,easyocr=3กก|cnn=3กก|paddle=3กก,7952,0.998,นครราชสีมา,1.0,0.778,motorcycle,3,4,False,,250,1,275,579.7
plate_05334.jpg,easyocr+cnn+tesseract+paddle,3กก,0.9969,True,per-letter,easyocr=3กก|cnn=3กก|tesseract=3กก|paddle=3กก,7952,0.998,นครราชสีมา,1.0,0.778,motorcycle,3,4,False,,250,1,275,968.5
plate_05350.jpg,group,4กท,0.8758,True,whole crop,,2486,1.0,ชลบุรี,0.5,0.6,motorcycle,3,4,True,,224,1,287,82.9
plate_05350.jpg,easyocr,4กท,0.705,True,per-letter,,2486,1.0,ชลบุรี,0.5,0.6,motorcycle,3,4,True,,224,1,287,347.1
plate_05350.jpg,cnn,4กท,0.9966,True,per-letter,,2486,1.0,ชลบุรี,0.5,0.6,motorcycle,3,4,True,,224,1,287,2.4
plate_05350.jpg,tesseract,4กท,0.9907,True,per-letter,,2486,1.0,ชลบุรี,0.5,0.6,motorcycle,3,4,True,,224,1,287,269.9
plate_05350.jpg,paddle,4กท,0.9917,True,per-letter,,2486,1.0,ชลบุรี,0.5,0.6,motorcycle,3,4,True,,224,1,287,235.8
plate_05350.jpg,easyocr+cnn,4กท,0.9558,True,per-letter,easyocr=4กท|cnn=4กท,2486,1.0,ชลบุรี,0.5,0.6,motorcycle,3,4,True,,224,1,287,349.5
plate_05350.jpg,cnn+paddle,4กท,0.9967,True,per-letter,cnn=4กท|paddle=4กท,2486,1.0,ชลบุรี,0.5,0.6,motorcycle,3,4,True,,224,1,287,238.2
plate_05350.jpg,easyocr+cnn+paddle,4กท,0.969,True,per-letter,easyocr=4กท|cnn=4กท|paddle=4กท,2486,1.0,ชลบุรี,0.5,0.6,motorcycle,3,4,True,,224,1,287,585.3
plate_05350.jpg,easyocr+cnn+tesseract+paddle,4กท,0.972,True,per-letter,easyocr=4กท|cnn=4กท|tesseract=4กท|paddle=4กท,2486,1.0,ชลบุรี,0.5,0.6,motorcycle,3,4,True,,224,1,287,855.2
plate_05368.jpg,group,1กย,0.9634,True,whole crop,,3388,0.969,ชลบุรี,0.988,0.444,motorcycle,3,4,True,,240,1,333,80.4
plate_05368.jpg,easyocr,1กย,0.9995,True,per-letter,,3388,0.969,ชลบุรี,0.988,0.444,motorcycle,3,4,True,,240,1,333,382.0
plate_05368.jpg,cnn,1กย,0.6679,True,per-letter,,3388,0.969,ชลบุรี,0.988,0.444,motorcycle,3,4,True,,240,1,333,4.2
plate_05368.jpg,tesseract,1กย,0.9953,True,per-letter,,3388,0.969,ชลบุรี,0.988,0.444,motorcycle,3,4,True,,240,1,333,241.7
plate_05368.jpg,paddle,1กย,0.9912,True,per-letter,,3388,0.969,ชลบุรี,0.988,0.444,motorcycle,3,4,True,,240,1,333,233.9
plate_05368.jpg,easyocr+cnn,1กย,0.8296,True,per-letter,easyocr=1กย|cnn=1ภย,3388,0.969,ชลบุรี,0.988,0.444,motorcycle,3,4,True,,240,1,333,386.2
plate_05368.jpg,cnn+paddle,1กย,0.8281,True,per-letter,cnn=1ภย|paddle=1กย,3388,0.969,ชลบุรี,0.988,0.444,motorcycle,3,4,True,,240,1,333,238.0
plate_05368.jpg,easyocr+cnn+paddle,1กย,0.8843,True,per-letter,easyocr=1กย|cnn=1ภย|paddle=1กย,3388,0.969,ชลบุรี,0.988,0.444,motorcycle,3,4,True,,240,1,333,620.0
plate_05368.jpg,easyocr+cnn+tesseract+paddle,1กย,0.8989,True,per-letter,easyocr=1กย|cnn=1ภย|tesseract=1กย|paddle=1กย,3388,0.969,ชลบุรี,0.988,0.444,motorcycle,3,4,True,,240,1,333,861.7
plate_05372.jpg,group,1กฝ,0.2641,True,whole crop,,8652,1.0,ภูเก็ต,1.0,1.0,motorcycle,3,4,True,,255,1,332,80.5
plate_05372.jpg,easyocr,1กผ,0.993,True,per-letter,,8652,1.0,ภูเก็ต,1.0,1.0,motorcycle,3,4,False,,255,1,332,653.5
plate_05372.jpg,cnn,1กผ,0.953,True,per-letter,,8652,1.0,ภูเก็ต,1.0,1.0,motorcycle,3,4,False,,255,1,332,2.0
plate_05372.jpg,tesseract,1กก,0.9662,True,per-letter,,8652,1.0,ภูเก็ต,1.0,1.0,motorcycle,3,4,False,,255,1,332,262.1
plate_05372.jpg,paddle,1กฝ,0.5897,True,per-letter,,8652,1.0,ภูเก็ต,1.0,1.0,motorcycle,3,4,True,,255,1,332,293.9
plate_05372.jpg,easyocr+cnn,1กผ,0.968,True,per-letter,easyocr=1กผ|cnn=1กผ,8652,1.0,ภูเก็ต,1.0,1.0,motorcycle,3,4,False,,255,1,332,655.5
plate_05372.jpg,cnn+paddle,1กผ,0.7528,True,per-letter,cnn=1กผ|paddle=1กฝ,8652,1.0,ภูเก็ต,1.0,1.0,motorcycle,3,4,False,,255,1,332,295.8
plate_05372.jpg,easyocr+cnn+paddle,1กผ,0.8191,True,per-letter,easyocr=1กผ|cnn=1กผ|paddle=1กฝ,8652,1.0,ภูเก็ต,1.0,1.0,motorcycle,3,4,False,,255,1,332,949.4
plate_05372.jpg,easyocr+cnn+tesseract+paddle,1กผ,0.7929,True,per-letter,easyocr=1กผ|cnn=1กผ|tesseract=1กก|paddle=1กฝ,8652,1.0,ภูเก็ต,1.0,1.0,motorcycle,3,4,False,,255,1,332,1211.5
plate_05385.jpg,group,นพ,0.0167,True,whole crop,,822,0.868,ภูเก็ต,0.99,0.4,motorcycle,2,3,True,,264,1,252,78.7
plate_05385.jpg,easyocr,นน,0.4756,True,per-letter,,822,0.868,ภูเก็ต,0.99,0.4,motorcycle,2,3,True,,264,1,252,387.0
plate_05385.jpg,cnn,ญพ,0.2666,True,per-letter,,822,0.868,ภูเก็ต,0.99,0.4,motorcycle,2,3,True,,264,1,252,4.5
plate_05385.jpg,tesseract,ยน,0.9773,True,per-letter,,822,0.868,ภูเก็ต,0.99,0.4,motorcycle,2,3,True,,264,1,252,192.6
plate_05385.jpg,paddle,2ซ,0.5956,True,per-letter,,822,0.868,ภูเก็ต,0.99,0.4,motorcycle,2,3,True,,264,1,252,149.5
plate_05385.jpg,easyocr+cnn,บน,0.3367,True,per-letter,easyocr=ชน|cnn=ญ8,822,0.868,ภูเก็ต,0.99,0.4,motorcycle,2,3,True,,264,1,252,391.5
plate_05385.jpg,cnn+paddle,2ซ,0.3918,True,per-letter,cnn=ญ8|paddle=2ซ,822,0.868,ภูเก็ต,0.99,0.4,motorcycle,2,3,True,,264,1,252,153.9
plate_05385.jpg,easyocr+cnn+paddle,2น,0.2373,True,per-letter,easyocr=ชน|cnn=ญ8|paddle=2ซ,822,0.868,ภูเก็ต,0.99,0.4,motorcycle,2,3,True,,264,1,252,541.0
plate_05385.jpg,easyocr+cnn+tesseract+paddle,2น,0.2562,True,per-letter,easyocr=ชน|cnn=ญ8|tesseract=ยน|paddle=2ซ,822,0.868,ภูเก็ต,0.99,0.4,motorcycle,2,3,True,,264,1,252,733.6
plate_05389.jpg,group,1กด,0.4429,True,whole crop,,116,0.964,ปัตตานี,1.0,0.769,motorcycle,3,3,True,,231,1,244,84.9
plate_05389.jpg,easyocr,1กด,0.9997,True,per-letter,,116,0.964,ปัตตานี,1.0,0.769,motorcycle,3,3,False,,231,1,244,346.4
plate_05389.jpg,cnn,1กด,0.9666,True,per-letter,,116,0.964,ปัตตานี,1.0,0.769,motorcycle,3,3,False,,231,1,244,2.3
plate_05389.jpg,tesseract,1กด,0.9961,True,per-letter,,116,0.964,ปัตตานี,1.0,0.769,motorcycle,3,3,False,,231,1,244,366.0
plate_05389.jpg,paddle,1กด,0.9793,True,per-letter,,116,0.964,ปัตตานี,1.0,0.769,motorcycle,3,3,False,,231,1,244,239.8
plate_05389.jpg,easyocr+cnn,1กด,0.9779,True,per-letter,easyocr=1กด|cnn=1กด,116,0.964,ปัตตานี,1.0,0.769,motorcycle,3,3,False,,231,1,244,348.7
plate_05389.jpg,cnn+paddle,1กด,0.9701,True,per-letter,cnn=1กด|paddle=1กด,116,0.964,ปัตตานี,1.0,0.769,motorcycle,3,3,False,,231,1,244,242.1
plate_05389.jpg,easyocr+cnn+paddle,1กด,0.9776,True,per-letter,easyocr=1กด|cnn=1กด|paddle=1กด,116,0.964,ปัตตานี,1.0,0.769,motorcycle,3,3,False,,231,1,244,588.4
plate_05389.jpg,easyocr+cnn+tesseract+paddle,1กด,0.9796,True,per-letter,easyocr=1กด|cnn=1กด|tesseract=1กด|paddle=1กด,116,0.964,ปัตตานี,1.0,0.769,motorcycle,3,3,False,,231,1,244,954.4
plate_05390.jpg,group,ซ,0.2531,True,whole crop,,1,0.074,เลย,0.402,0.0,motorcycle,1,1,True,,516,1,239,82.5
plate_05390.jpg,easyocr,ต,0.3908,True,per-letter,,1,0.074,เลย,0.402,0.0,motorcycle,1,1,True,,516,1,239,104.1
plate_05390.jpg,cnn,ศ,0.4652,True,per-letter,,1,0.074,เลย,0.402,0.0,motorcycle,1,1,True,,516,1,239,1.2
plate_05390.jpg,tesseract,ล,0.9131,True,per-letter,,1,0.074,เลย,0.402,0.0,motorcycle,1,1,True,,516,1,239,114.5
plate_05390.jpg,paddle,ซ,0.8425,True,per-letter,,1,0.074,เลย,0.402,0.0,motorcycle,1,1,True,,516,1,239,79.8
plate_05390.jpg,easyocr+cnn,ศ,0.466,True,per-letter,easyocr=ต|cnn=ศ,1,0.074,เลย,0.402,0.0,motorcycle,1,1,True,,516,1,239,105.3
plate_05390.jpg,cnn+paddle,ซ,0.6255,True,per-letter,cnn=ศ|paddle=ซ,1,0.074,เลย,0.402,0.0,motorcycle,1,1,True,,516,1,239,81.1
plate_05390.jpg,easyocr+cnn+paddle,ซ,0.6034,True,per-letter,easyocr=ต|cnn=ศ|paddle=ซ,1,0.074,เลย,0.402,0.0,motorcycle,1,1,True,,516,1,239,185.2
plate_05390.jpg,easyocr+cnn+tesseract+paddle,ซ,0.6015,True,per-letter,easyocr=ต|cnn=ศ|tesseract=ล|paddle=ซ,1,0.074,เลย,0.402,0.0,motorcycle,1,1,True,,516,1,239,299.7
plate_05405.jpg,group,กษธ,0.5842,True,whole crop,,792,0.991,ภูเก็ต,1.0,0.667,motorcycle,3,3,True,,1065,1,245,78.2
plate_05405.jpg,easyocr,กมธ,0.5435,True,per-letter,,792,0.991,ภูเก็ต,1.0,0.667,motorcycle,3,3,True,,1065,1,245,602.2
plate_05405.jpg,cnn,กษธ,0.9358,True,per-letter,,792,0.991,ภูเก็ต,1.0,0.667,motorcycle,3,3,False,,1065,1,245,2.7
plate_05405.jpg,tesseract,กษจ,0.8617,True,per-letter,,792,0.991,ภูเก็ต,1.0,0.667,motorcycle,3,3,False,,1065,1,245,308.6
plate_05405.jpg,paddle,ทษธ,0.3998,True,per-letter,,792,0.991,ภูเก็ต,1.0,0.667,motorcycle,3,3,True,,1065,1,245,230.9
plate_05405.jpg,easyocr+cnn,กษธ,0.7125,True,per-letter,easyocr=กมธ|cnn=กษธ,792,0.991,ภูเก็ต,1.0,0.667,motorcycle,3,3,False,,1065,1,245,604.9
plate_05405.jpg,cnn+paddle,กษธ,0.675,True,per-letter,cnn=กษธ|paddle=ทษธ,792,0.991,ภูเก็ต,1.0,0.667,motorcycle,3,3,True,,1065,1,245,233.6
plate_05405.jpg,easyocr+cnn+paddle,กษธ,0.6089,True,per-letter,easyocr=กมธ|cnn=กษธ|paddle=ทษธ,792,0.991,ภูเก็ต,1.0,0.667,motorcycle,3,3,True,,1065,1,245,835.8
plate_05405.jpg,easyocr+cnn+tesseract+paddle,กษธ,0.6417,True,per-letter,easyocr=กมธ|cnn=กษธ|tesseract=กษจ|paddle=ทษธ,792,0.991,ภูเก็ต,1.0,0.667,motorcycle,3,3,True,,1065,1,245,1144.4
plate_05432.jpg,group,ซ,0.2311,True,whole crop,,0545,0.988,กรุงเทพมหานคร,1.0,0.556,car,1,4,True,,371,6,282,80.6
plate_05432.jpg,easyocr,จ,0.5195,True,per-letter,,0545,0.988,กรุงเทพมหานคร,1.0,0.556,car,1,4,True,,371,6,282,309.1
plate_05432.jpg,cnn,ส,0.9359,True,per-letter,,0545,0.988,กรุงเทพมหานคร,1.0,0.556,car,1,4,True,,371,6,282,1.3
plate_05432.jpg,tesseract,?,0.0,False,per-letter,,0545,0.988,กรุงเทพมหานคร,1.0,0.556,car,1,4,True,,371,6,282,260.6
plate_05432.jpg,paddle,ซ,0.4911,True,per-letter,,0545,0.988,กรุงเทพมหานคร,1.0,0.556,car,1,4,True,,371,6,282,145.3
plate_05432.jpg,easyocr+cnn,ส,0.8217,True,per-letter,easyocr=จ|cnn=ส,0545,0.988,กรุงเทพมหานคร,1.0,0.556,car,1,4,True,,371,6,282,310.5
plate_05432.jpg,cnn+paddle,ส,0.7007,True,per-letter,cnn=ส|paddle=ซ,0545,0.988,กรุงเทพมหานคร,1.0,0.556,car,1,4,True,,371,6,282,146.6
plate_05432.jpg,easyocr+cnn+paddle,ส,0.7294,True,per-letter,easyocr=จ|cnn=ส|paddle=ซ,0545,0.988,กรุงเทพมหานคร,1.0,0.556,car,1,4,True,,371,6,282,455.8
plate_05432.jpg,easyocr+cnn+tesseract+paddle,ส,0.7253,True,per-letter,easyocr=จ|cnn=ส|tesseract=ก|paddle=ซ,0545,0.988,กรุงเทพมหานคร,1.0,0.556,car,1,4,True,,371,6,282,716.4
plate_05433.jpg,group,3กง,0.5787,True,whole crop,,86,1.0,ชลบุรี,1.0,0.769,motorcycle,3,2,True,,242,1,242,79.8
plate_05433.jpg,easyocr,3กง,0.9982,True,per-letter,,86,1.0,ชลบุรี,1.0,0.769,motorcycle,3,2,False,,242,1,242,605.5
plate_05433.jpg,cnn,3กง,0.8967,True,per-letter,,86,1.0,ชลบุรี,1.0,0.769,motorcycle,3,2,False,,242,1,242,3.7
plate_05433.jpg,tesseract,377,0.9999,True,per-letter,,86,1.0,ชลบุรี,1.0,0.769,motorcycle,3,2,False,,242,1,242,251.0
plate_05433.jpg,paddle,3กง,0.9953,True,per-letter,,86,1.0,ชลบุรี,1.0,0.769,motorcycle,3,2,False,,242,1,242,227.4
plate_05433.jpg,easyocr+cnn,3กง,0.9467,True,per-letter,easyocr=3กง|cnn=3กง,86,1.0,ชลบุรี,1.0,0.769,motorcycle,3,2,False,,242,1,242,609.1
plate_05433.jpg,cnn+paddle,3กง,0.9465,True,per-letter,cnn=3กง|paddle=3กง,86,1.0,ชลบุรี,1.0,0.769,motorcycle,3,2,False,,242,1,242,231.1
plate_05433.jpg,easyocr+cnn+paddle,3กง,0.9638,True,per-letter,easyocr=3กง|cnn=3กง|paddle=3กง,86,1.0,ชลบุรี,1.0,0.769,motorcycle,3,2,False,,242,1,242,836.6
plate_05433.jpg,easyocr+cnn+tesseract+paddle,3กง,0.9737,True,per-letter,easyocr=3กง|cnn=3กง|tesseract=377|paddle=3กง,86,1.0,ชลบุรี,1.0,0.769,motorcycle,3,2,False,,242,1,242,1087.5
plate_05443.jpg,group,2ง,0.7842,True,whole crop,,27,0.995,ภูเก็ต,1.0,0.545,motorcycle,2,2,True,,296,1,248,76.7
plate_05443.jpg,easyocr,ขบ,0.4769,True,per-letter,,27,0.995,ภูเก็ต,1.0,0.545,motorcycle,2,2,True,,296,1,248,333.1
plate_05443.jpg,cnn,ขง,0.9773,True,per-letter,,27,0.995,ภูเก็ต,1.0,0.545,motorcycle,2,2,True,,296,1,248,3.0
plate_05443.jpg,tesseract,ขง,0.9931,True,per-letter,,27,0.995,ภูเก็ต,1.0,0.545,motorcycle,2,2,True,,296,1,248,256.4
plate_05443.jpg,paddle,2ง,0.6761,True,per-letter,,27,0.995,ภูเก็ต,1.0,0.545,motorcycle,2,2,True,,296,1,248,211.0
plate_05443.jpg,easyocr+cnn,ขง,0.8782,True,per-letter,easyocr=ขบ|cnn=ขง,27,0.995,ภูเก็ต,1.0,0.545,motorcycle,2,2,True,,296,1,248,336.1
plate_05443.jpg,cnn+paddle,ขง,0.6194,True,per-letter,cnn=ขง|paddle=2ง,27,0.995,ภูเก็ต,1.0,0.545,motorcycle,2,2,True,,296,1,248,214.0
plate_05443.jpg,easyocr+cnn+paddle,ขง,0.6575,True,per-letter,easyocr=ขบ|cnn=ขง|paddle=2ง,27,0.995,ภูเก็ต,1.0,0.545,motorcycle,2,2,True,,296,1,248,547.1
plate_05443.jpg,easyocr+cnn+tesseract+paddle,ขง,0.6882,True,per-letter,easyocr=ขบ|cnn=ขง|tesseract=ขง|paddle=2ง,27,0.995,ภูเก็ต,1.0,0.545,motorcycle,2,2,True,,296,1,248,803.5
plate_05444.jpg,group,กม,0.9859,True,whole crop,,9406,1.0,ภูเก็ต,1.0,0.727,motorcycle,3,4,True,,228,1,281,77.6
plate_05444.jpg,easyocr,1กม,0.9992,True,per-letter,,9406,1.0,ภูเก็ต,1.0,0.727,motorcycle,3,4,False,,228,1,281,668.9
plate_05444.jpg,cnn,1กม,0.9939,True,per-letter,,9406,1.0,ภูเก็ต,1.0,0.727,motorcycle,3,4,False,,228,1,281,2.7
plate_05444.jpg,tesseract,1กม,0.9926,True,per-letter,,9406,1.0,ภูเก็ต,1.0,0.727,motorcycle,3,4,False,,228,1,281,225.5
plate_05444.jpg,paddle,1กม,0.9975,True,per-letter,,9406,1.0,ภูเก็ต,1.0,0.727,motorcycle,3,4,False,,228,1,281,225.6
plate_05444.jpg,easyocr+cnn,1กม,0.996,True,per-letter,easyocr=1กม|cnn=1กม,9406,1.0,ภูเก็ต,1.0,0.727,motorcycle,3,4,False,,228,1,281,671.6
plate_05444.jpg,cnn+paddle,1กม,0.9959,True,per-letter,cnn=1กม|paddle=1กม,9406,1.0,ภูเก็ต,1.0,0.727,motorcycle,3,4,False,,228,1,281,228.3
plate_05444.jpg,easyocr+cnn+paddle,1กม,0.9969,True,per-letter,easyocr=1กม|cnn=1กม|paddle=1กม,9406,1.0,ภูเก็ต,1.0,0.727,motorcycle,3,4,False,,228,1,281,897.2
plate_05444.jpg,easyocr+cnn+tesseract+paddle,1กม,0.9968,True,per-letter,easyocr=1กม|cnn=1กม|tesseract=1กม|paddle=1กม,9406,1.0,ภูเก็ต,1.0,0.727,motorcycle,3,4,False,,228,1,281,1122.7
plate_05448.jpg,group,กร,0.7646,True,whole crop,,9101,0.993,ภูเก็ต,1.0,0.5,motorcycle,3,4,True,,215,1,285,77.3
plate_05448.jpg,easyocr,1กฐ,0.999,True,per-letter,,9101,0.993,ภูเก็ต,1.0,0.5,motorcycle,3,4,True,,215,1,285,654.0
plate_05448.jpg,cnn,1กฐ,0.996,True,per-letter,,9101,0.993,ภูเก็ต,1.0,0.5,motorcycle,3,4,True,,215,1,285,3.7
plate_05448.jpg,tesseract,1กฐ,0.9819,True,per-letter,,9101,0.993,ภูเก็ต,1.0,0.5,motorcycle,3,4,True,,215,1,285,223.2
plate_05448.jpg,paddle,1กร,0.5009,True,per-letter,,9101,0.993,ภูเก็ต,1.0,0.5,motorcycle,3,4,True,,215,1,285,231.2
plate_05448.jpg,easyocr+cnn,1กฐ,0.9972,True,per-letter,easyocr=1กฐ|cnn=1กฐ,9101,0.993,ภูเก็ต,1.0,0.5,motorcycle,3,4,True,,215,1,285,657.7
plate_05448.jpg,cnn+paddle,1กฐ,0.7076,True,per-letter,cnn=1กฐ|paddle=1กซ,9101,0.993,ภูเก็ต,1.0,0.5,motorcycle,3,4,True,,215,1,285,234.9
plate_05448.jpg,easyocr+cnn+paddle,1กฐ,0.784,True,per-letter,easyocr=1กฐ|cnn=1กฐ|paddle=1กซ,9101,0.993,ภูเก็ต,1.0,0.5,motorcycle,3,4,True,,215,1,285,888.9
plate_05448.jpg,easyocr+cnn+tesseract+paddle,1กฐ,0.8023,True,per-letter,easyocr=1กฐ|cnn=1กฐ|tesseract=1กฐ|paddle=1กซ,9101,0.993,ภูเก็ต,1.0,0.5,motorcycle,3,4,True,,215,1,285,1112.1
plate_05450.jpg,group,1กธ,0.8535,True,whole crop,,9687,0.227,ภูเก็ต,1.0,0.727,motorcycle,3,4,True,,363,1,276,81.3
plate_05450.jpg,easyocr,1กธ,0.9995,True,per-letter,,9687,0.227,ภูเก็ต,1.0,0.727,motorcycle,3,4,True,,363,1,276,512.5
plate_05450.jpg,cnn,1กธ,0.9973,True,per-letter,,9687,0.227,ภูเก็ต,1.0,0.727,motorcycle,3,4,True,,363,1,276,3.9
plate_05450.jpg,tesseract,1กธ,0.9734,True,per-letter,,9687,0.227,ภูเก็ต,1.0,0.727,motorcycle,3,4,True,,363,1,276,321.0
plate_05450.jpg,paddle,1กธ,0.986,True,per-letter,,9687,0.227,ภูเก็ต,1.0,0.727,motorcycle,3,4,True,,363,1,276,219.1
plate_05450.jpg,easyocr+cnn,1กธ,0.9982,True,per-letter,easyocr=1กธ|cnn=1กธ,9687,0.227,ภูเก็ต,1.0,0.727,motorcycle,3,4,True,,363,1,276,516.4
plate_05450.jpg,cnn+paddle,1กธ,0.995,True,per-letter,cnn=1กธ|paddle=1กธ,9687,0.227,ภูเก็ต,1.0,0.727,motorcycle,3,4,True,,363,1,276,223.0
plate_05450.jpg,easyocr+cnn+paddle,1กธ,0.9962,True,per-letter,easyocr=1กธ|cnn=1กธ|paddle=1กธ,9687,0.227,ภูเก็ต,1.0,0.727,motorcycle,3,4,True,,363,1,276,735.5
plate_05450.jpg,easyocr+cnn+tesseract+paddle,1กธ,0.9955,True,per-letter,easyocr=1กธ|cnn=1กธ|tesseract=1กธ|paddle=1กธ,9687,0.227,ภูเก็ต,1.0,0.727,motorcycle,3,4,True,,363,1,276,1056.5
plate_05474.jpg,group,สรม,0.7955,True,whole crop,,621,0.935,กรุงเทพมหานคร,1.0,0.6,motorcycle,2,3,True,,237,1,264,76.7
plate_05474.jpg,easyocr,ตม,0.367,True,per-letter,,621,0.935,กรุงเทพมหานคร,1.0,0.6,motorcycle,2,3,True,,237,1,264,448.1
plate_05474.jpg,cnn,7ม,0.4464,True,per-letter,,621,0.935,กรุงเทพมหานคร,1.0,0.6,motorcycle,2,3,True,,237,1,264,2.7
plate_05474.jpg,tesseract,ส?,0.0,False,per-letter,,621,0.935,กรุงเทพมหานคร,1.0,0.6,motorcycle,2,3,True,,237,1,264,194.4
plate_05474.jpg,paddle,สพ,0.4694,True,per-letter,,621,0.935,กรุงเทพมหานคร,1.0,0.6,motorcycle,2,3,True,,237,1,264,148.6
plate_05474.jpg,easyocr+cnn,ตม,0.5745,True,per-letter,easyocr=ตม|cnn=7ม,621,0.935,กรุงเทพมหานคร,1.0,0.6,motorcycle,2,3,True,,237,1,264,450.8
plate_05474.jpg,cnn+paddle,สม,0.4151,True,per-letter,cnn=7ม|paddle=รพ,621,0.935,กรุงเทพมหานคร,1.0,0.6,motorcycle,2,3,True,,237,1,264,151.2
plate_05474.jpg,easyocr+cnn+paddle,สม,0.3997,True,per-letter,easyocr=ตม|cnn=7ม|paddle=รพ,621,0.935,กรุงเทพมหานคร,1.0,0.6,motorcycle,2,3,True,,237,1,264,599.3
plate_05474.jpg,easyocr+cnn+tesseract+paddle,สม,0.4987,True,per-letter,easyocr=ตม|cnn=7ม|tesseract=สก|paddle=รพ,621,0.935,กรุงเทพมหานคร,1.0,0.6,motorcycle,2,3,True,,237,1,264,793.7
plate_05481.jpg,group,นตต,0.4319,True,whole crop,,724,0.989,กรุงเทพมหานคร,1.0,0.471,motorcycle,3,3,True,,230,7,246,79.8
plate_05481.jpg,easyocr,ตตต,0.2804,True,per-letter,,724,0.989,กรุงเทพมหานคร,1.0,0.471,motorcycle,3,3,True,,230,7,246,464.6
plate_05481.jpg,cnn,นตต,0.958,True,per-letter,,724,0.989,กรุงเทพมหานคร,1.0,0.471,motorcycle,3,3,True,,230,7,246,2.5
plate_05481.jpg,tesseract,น?ฝ,0.0,False,per-letter,,724,0.989,กรุงเทพมหานคร,1.0,0.471,motorcycle,3,3,True,,230,7,246,315.8
plate_05481.jpg,paddle,นตต,0.3567,True,per-letter,,724,0.989,กรุงเทพมหานคร,1.0,0.471,motorcycle,3,3,True,,230,7,246,330.7
plate_05481.jpg,easyocr+cnn,นตต,0.855,True,per-letter,easyocr=ตงต|cnn=นตต,724,0.989,กรุงเทพมหานคร,1.0,0.471,motorcycle,3,3,True,,230,7,246,467.1
plate_05481.jpg,cnn+paddle,นตต,0.7439,True,per-letter,cnn=นตต|paddle=นตต,724,0.989,กรุงเทพมหานคร,1.0,0.471,motorcycle,3,3,True,,230,7,246,333.1
plate_05481.jpg,easyocr+cnn+paddle,นตต,0.736,True,per-letter,easyocr=ตงต|cnn=นตต|paddle=นตต,724,0.989,กรุงเทพมหานคร,1.0,0.471,motorcycle,3,3,True,,230,7,246,797.8
plate_05481.jpg,easyocr+cnn+tesseract+paddle,นตต,0.7355,True,per-letter,easyocr=ตงต|cnn=นตต|tesseract=นกฝ|paddle=นตต,724,0.989,กรุงเทพมหานคร,1.0,0.471,motorcycle,3,3,True,,230,7,246,1113.5
plate_05499.jpg,group,2รน,0.2088,True,whole crop,,900,0.983,ตรัง,0.494,0.0,motorcycle,3,3,True,,371,1,244,77.1
plate_05499.jpg,easyocr,ขธบ,0.5982,True,per-letter,,900,0.983,ตรัง,0.494,0.0,motorcycle,3,3,True,,371,1,244,765.4
plate_05499.jpg,cnn,ขธษ,0.8383,True,per-letter,,900,0.983,ตรัง,0.494,0.0,motorcycle,3,3,True,,371,1,244,2.3
plate_05499.jpg,tesseract,ซธษ,0.9678,True,per-letter,,900,0.983,ตรัง,0.494,0.0,motorcycle,3,3,True,,371,1,244,354.2
plate_05499.jpg,paddle,ซธซ,0.3967,True,per-letter,,900,0.983,ตรัง,0.494,0.0,motorcycle,3,3,True,,371,1,244,224.8
plate_05499.jpg,easyocr+cnn,ขธษ,0.584,True,per-letter,easyocr=ขธบ|cnn=ขธษ,900,0.983,ตรัง,0.494,0.0,motorcycle,3,3,True,,371,1,244,767.7
plate_05499.jpg,cnn+paddle,ขธษ,0.423,True,per-letter,cnn=ขธษ|paddle=ซธซ,900,0.983,ตรัง,0.494,0.0,motorcycle,3,3,True,,371,1,244,227.1
plate_05499.jpg,easyocr+cnn+paddle,ขธษ,0.3858,True,per-letter,easyocr=ขธบ|cnn=ขธษ|paddle=ซธซ,900,0.983,ตรัง,0.494,0.0,motorcycle,3,3,True,,371,1,244,992.5
plate_05499.jpg,easyocr+cnn+tesseract+paddle,ขธษ,0.3769,True,per-letter,easyocr=ขธบ|cnn=ขธษ|tesseract=ซธษ|paddle=ซธซ,900,0.983,ตรัง,0.494,0.0,motorcycle,3,3,True,,371,1,244,1346.7
plate_05503.jpg,group,ก,0.8192,True,whole crop,,3207,0.83,นนทบุรี,0.999,0.462,motorcycle,3,4,True,,675,7,279,79.7
plate_05503.jpg,easyocr,สกง,0.2811,True,per-letter,,3207,0.83,นนทบุรี,0.999,0.462,motorcycle,3,4,True,,675,7,279,713.3
plate_05503.jpg,cnn,7กฉ,0.5364,True,per-letter,,3207,0.83,นนทบุรี,0.999,0.462,motorcycle,3,4,True,,675,7,279,6.6
plate_05503.jpg,tesseract,?กน,0.0,False,per-letter,,3207,0.83,นนทบุรี,0.999,0.462,motorcycle,3,4,True,,675,7,279,316.3
plate_05503.jpg,paddle,7กอ,0.282,True,per-letter,,3207,0.83,นนทบุรี,0.999,0.462,motorcycle,3,4,True,,675,7,279,227.4
plate_05503.jpg,easyocr+cnn,7กฉ,0.4753,True,per-letter,easyocr=สกง|cnn=7กฉ,3207,0.83,นนทบุรี,0.999,0.462,motorcycle,3,4,True,,675,7,279,719.9
plate_05503.jpg,cnn+paddle,7กฉ,0.4343,True,per-letter,cnn=7กฉ|paddle=7กอ,3207,0.83,นนทบุรี,0.999,0.462,motorcycle,3,4,True,,675,7,279,233.9
plate_05503.jpg,easyocr+cnn+paddle,7กฉ,0.4181,True,per-letter,easyocr=สกง|cnn=7กฉ|paddle=7กอ,3207,0.83,นนทบุรี,0.999,0.462,motorcycle,3,4,True,,675,7,279,947.2
plate_05503.jpg,easyocr+cnn+tesseract+paddle,7กฉ,0.3885,True,per-letter,easyocr=สกง|cnn=7กฉ|tesseract=ก0น|paddle=7กอ,3207,0.83,นนทบุรี,0.999,0.462,motorcycle,3,4,True,,675,7,279,1263.5
plate_05505.jpg,group,110,0.1854,True,whole crop,,316,0.777,เลย,0.516,0.0,motorcycle,2,2,True,,247,1,250,78.2
plate_05505.jpg,easyocr,ตก,0.3895,True,per-letter,,316,0.777,เลย,0.516,0.0,motorcycle,2,2,True,,247,1,250,639.7
plate_05505.jpg,cnn,10,0.2389,True,per-letter,,316,0.777,เลย,0.516,0.0,motorcycle,2,2,True,,247,1,250,2.6
plate_05505.jpg,tesseract,?ฟ,0.0,False,per-letter,,316,0.777,เลย,0.516,0.0,motorcycle,2,2,True,,247,1,250,197.1
plate_05505.jpg,paddle,1ท,0.7603,True,per-letter,,316,0.777,เลย,0.516,0.0,motorcycle,2,2,True,,247,1,250,192.5
plate_05505.jpg,easyocr+cnn,1ก,0.3116,True,per-letter,easyocr=ตก|cnn=3ข,316,0.777,เลย,0.516,0.0,motorcycle,2,2,True,,247,1,250,642.3
plate_05505.jpg,cnn+paddle,1ท,0.3697,True,per-letter,cnn=3ข|paddle=1ท,316,0.777,เลย,0.516,0.0,motorcycle,2,2,True,,247,1,250,195.1
plate_05505.jpg,easyocr+cnn+paddle,1ก,0.4609,True,per-letter,easyocr=ตก|cnn=3ข|paddle=1ท,316,0.777,เลย,0.516,0.0,motorcycle,2,2,True,,247,1,250,834.7
plate_05505.jpg,easyocr+cnn+tesseract+paddle,1ก,0.4577,True,per-letter,easyocr=ตก|cnn=3ข|tesseract=ก7|paddle=1ท,316,0.777,เลย,0.516,0.0,motorcycle,2,2,True,,247,1,250,1031.8
plate_05509.jpg,group,ซ,0.2367,True,whole crop,,100,0.382,แพร่,0.671,0.0,motorcycle,1,4,True,,210,1,314,83.0
plate_05509.jpg,easyocr,ย,0.4625,True,per-letter,,100,0.382,แพร่,0.671,0.0,motorcycle,1,4,True,,210,1,314,105.9
plate_05509.jpg,cnn,ส,0.7361,True,per-letter,,100,0.382,แพร่,0.671,0.0,motorcycle,1,4,True,,210,1,314,1.1
plate_05509.jpg,tesseract,อ,0.9886,True,per-letter,,100,0.382,แพร่,0.671,0.0,motorcycle,1,4,True,,210,1,314,165.1
plate_05509.jpg,paddle,ซ,0.9486,True,per-letter,,100,0.382,แพร่,0.671,0.0,motorcycle,1,4,True,,210,1,314,76.1
plate_05509.jpg,easyocr+cnn,ส,0.7195,True,per-letter,easyocr=ย|cnn=ส,100,0.382,แพร่,0.671,0.0,motorcycle,1,4,True,,210,1,314,107.1
plate_05509.jpg,cnn+paddle,ซ,0.5477,True,per-letter,cnn=ส|paddle=ซ,100,0.382,แพร่,0.671,0.0,motorcycle,1,4,True,,210,1,314,77.2
plate_05509.jpg,easyocr+cnn+paddle,ซ,0.5472,True,per-letter,easyocr=ย|cnn=ส|paddle=ซ,100,0.382,แพร่,0.671,0.0,motorcycle,1,4,True,,210,1,314,183.1
plate_05509.jpg,easyocr+cnn+tesseract+paddle,ซ,0.4871,True,per-letter,easyocr=ย|cnn=ส|tesseract=อ|paddle=ซ,100,0.382,แพร่,0.671,0.0,motorcycle,1,4,True,,210,1,314,348.3
plate_05510.jpg,group,1กม,0.4872,True,whole crop,,8613,0.999,ภูเก็ต,1.0,0.833,motorcycle,3,4,True,,234,2,323,81.0
plate_05510.jpg,easyocr,1กม,0.9999,True,per-letter,,8613,0.999,ภูเก็ต,1.0,0.833,motorcycle,3,4,False,,234,2,323,356.8
plate_05510.jpg,cnn,1กม,0.9941,True,per-letter,,8613,0.999,ภูเก็ต,1.0,0.833,motorcycle,3,4,False,,234,2,323,3.9
plate_05510.jpg,tesseract,1กม,0.9867,True,per-letter,,8613,0.999,ภูเก็ต,1.0,0.833,motorcycle,3,4,False,,234,2,323,240.0
plate_05510.jpg,paddle,1กม,0.9961,True,per-letter,,8613,0.999,ภูเก็ต,1.0,0.833,motorcycle,3,4,False,,234,2,323,233.8
plate_05510.jpg,easyocr+cnn,1กม,0.9961,True,per-letter,easyocr=1กม|cnn=1กม,8613,0.999,ภูเก็ต,1.0,0.833,motorcycle,3,4,False,,234,2,323,360.8
plate_05510.jpg,cnn+paddle,1กม,0.9953,True,per-letter,cnn=1กม|paddle=1กม,8613,0.999,ภูเก็ต,1.0,0.833,motorcycle,3,4,False,,234,2,323,237.7
plate_05510.jpg,easyocr+cnn+paddle,1กม,0.9964,True,per-letter,easyocr=1กม|cnn=1กม|paddle=1กม,8613,0.999,ภูเก็ต,1.0,0.833,motorcycle,3,4,False,,234,2,323,594.6
plate_05510.jpg,easyocr+cnn+tesseract+paddle,1กม,0.9962,True,per-letter,easyocr=1กม|cnn=1กม|tesseract=1กม|paddle=1กม,8613,0.999,ภูเก็ต,1.0,0.833,motorcycle,3,4,False,,234,2,323,834.6
plate_05516.jpg,group,1กม,0.7368,True,whole crop,,8416,1.0,ภูเก็ต,1.0,0.833,motorcycle,3,4,False,,227,1,273,79.3
plate_05516.jpg,easyocr,1กม,0.9988,True,per-letter,,8416,1.0,ภูเก็ต,1.0,0.833,motorcycle,3,4,False,,227,1,273,782.2
plate_05516.jpg,cnn,1กม,0.9932,True,per-letter,,8416,1.0,ภูเก็ต,1.0,0.833,motorcycle,3,4,False,,227,1,273,3.0
plate_05516.jpg,tesseract,1กม,0.9912,True,per-letter,,8416,1.0,ภูเก็ต,1.0,0.833,motorcycle,3,4,False,,227,1,273,277.4
plate_05516.jpg,paddle,1กม,0.9989,True,per-letter,,8416,1.0,ภูเก็ต,1.0,0.833,motorcycle,3,4,False,,227,1,273,275.4
plate_05516.jpg,easyocr+cnn,1กม,0.9954,True,per-letter,easyocr=1กม|cnn=1กม,8416,1.0,ภูเก็ต,1.0,0.833,motorcycle,3,4,False,,227,1,273,785.2
plate_05516.jpg,cnn+paddle,1กม,0.9955,True,per-letter,cnn=1กม|paddle=1กม,8416,1.0,ภูเก็ต,1.0,0.833,motorcycle,3,4,False,,227,1,273,278.4
plate_05516.jpg,easyocr+cnn+paddle,1กม,0.9966,True,per-letter,easyocr=1กม|cnn=1กม|paddle=1กม,8416,1.0,ภูเก็ต,1.0,0.833,motorcycle,3,4,False,,227,1,273,1060.6
plate_05516.jpg,easyocr+cnn+tesseract+paddle,1กม,0.9964,True,per-letter,easyocr=1กม|cnn=1กม|tesseract=1กม|paddle=1กม,8416,1.0,ภูเก็ต,1.0,0.833,motorcycle,3,4,False,,227,1,273,1338.0
plate_05529.jpg,group,1กจ,0.5846,True,whole crop,,2869,1.0,กระบี่,1.0,0.667,motorcycle,3,4,True,,234,1,278,78.3
plate_05529.jpg,easyocr,รกจ,0.8744,True,per-letter,,2869,1.0,กระบี่,1.0,0.667,motorcycle,3,4,False,,234,1,278,588.9
plate_05529.jpg,cnn,1กจ,0.9421,True,per-letter,,2869,1.0,กระบี่,1.0,0.667,motorcycle,3,4,False,,234,1,278,6.3
plate_05529.jpg,tesseract,1กจ,0.9699,True,per-letter,,2869,1.0,กระบี่,1.0,0.667,motorcycle,3,4,False,,234,1,278,271.2
plate_05529.jpg,paddle,1กซ,0.7119,True,per-letter,,2869,1.0,กระบี่,1.0,0.667,motorcycle,3,4,False,,234,1,278,222.9
plate_05529.jpg,easyocr+cnn,1กจ,0.7729,True,per-letter,easyocr=รกจ|cnn=1กจ,2869,1.0,กระบี่,1.0,0.667,motorcycle,3,4,False,,234,1,278,595.2
plate_05529.jpg,cnn+paddle,1กจ,0.6038,True,per-letter,cnn=1กจ|paddle=1กซ,2869,1.0,กระบี่,1.0,0.667,motorcycle,3,4,True,,234,1,278,229.2
plate_05529.jpg,easyocr+cnn+paddle,1กจ,0.5961,True,per-letter,easyocr=รกจ|cnn=1กจ|paddle=1กซ,2869,1.0,กระบี่,1.0,0.667,motorcycle,3,4,True,,234,1,278,818.1
plate_05529.jpg,easyocr+cnn+tesseract+paddle,1กจ,0.6228,True,per-letter,easyocr=รกจ|cnn=1กจ|tesseract=1กจ|paddle=1กซ,2869,1.0,กระบี่,1.0,0.667,motorcycle,3,4,True,,234,1,278,1089.3
plate_05530.jpg,group,100,0.1073,True,whole crop,,3186,0.999,ตราด,0.192,0.0,motorcycle,3,4,True,,320,1,307,79.1
plate_05530.jpg,easyocr,1กก,0.6933,True,per-letter,,3186,0.999,ตราด,0.192,0.0,motorcycle,3,4,True,,320,1,307,410.5
plate_05530.jpg,cnn,1กถ,0.8264,True,per-letter,,3186,0.999,ตราด,0.192,0.0,motorcycle,3,4,True,,320,1,307,4.3
plate_05530.jpg,tesseract,?ทถ,0.0,False,per-letter,,3186,0.999,ตราด,0.192,0.0,motorcycle,3,4,True,,320,1,307,259.0
plate_05530.jpg,paddle,1ทด,0.9152,True,per-letter,,3186,0.999,ตราด,0.192,0.0,motorcycle,3,4,True,,320,1,307,233.6
plate_05530.jpg,easyocr+cnn,1กถ,0.6226,True,per-letter,easyocr=1กก|cnn=1กถ,3186,0.999,ตราด,0.192,0.0,motorcycle,3,4,True,,320,1,307,414.9
plate_05530.jpg,cnn+paddle,1กด,0.3702,True,per-letter,cnn=1กถ|paddle=1ทด,3186,0.999,ตราด,0.192,0.0,motorcycle,3,4,True,,320,1,307,238.0
plate_05530.jpg,easyocr+cnn+paddle,1กถ,0.3269,True,per-letter,easyocr=1กก|cnn=1กถ|paddle=1ทด,3186,0.999,ตราด,0.192,0.0,motorcycle,3,4,True,,320,1,307,648.5
plate_05530.jpg,easyocr+cnn+tesseract+paddle,1กถ,0.3057,True,per-letter,easyocr=1กก|cnn=1กถ|tesseract=กทถ|paddle=1ทด,3186,0.999,ตราด,0.192,0.0,motorcycle,3,4,True,,320,1,307,907.6
plate_05541.jpg,group,1กษ,0.9051,True,whole crop,,4006,0.999,นครปฐม,0.96,0.667,motorcycle,3,4,True,,544,10,265,79.0
plate_05541.jpg,easyocr,1กบ,0.3951,True,per-letter,,4006,0.999,นครปฐม,0.96,0.667,motorcycle,3,4,True,,544,10,265,325.9
plate_05541.jpg,cnn,1กษ,0.9849,True,per-letter,,4006,0.999,นครปฐม,0.96,0.667,motorcycle,3,4,True,,544,10,265,2.6
plate_05541.jpg,tesseract,1กบ,0.9839,True,per-letter,,4006,0.999,นครปฐม,0.96,0.667,motorcycle,3,4,True,,544,10,265,361.5
plate_05541.jpg,paddle,1กซ,0.6153,True,per-letter,,4006,0.999,นครปฐม,0.96,0.667,motorcycle,3,4,True,,544,10,265,236.0
plate_05541.jpg,easyocr+cnn,1กษ,0.9075,True,per-letter,easyocr=1กม|cnn=1กษ,4006,0.999,นครปฐม,0.96,0.667,motorcycle,3,4,True,,544,10,265,328.5
plate_05541.jpg,cnn+paddle,1กษ,0.8279,True,per-letter,cnn=1กษ|paddle=1กซ,4006,0.999,นครปฐม,0.96,0.667,motorcycle,3,4,True,,544,10,265,238.6
plate_05541.jpg,easyocr+cnn+paddle,1กษ,0.8111,True,per-letter,easyocr=1กม|cnn=1กษ|paddle=1กซ,4006,0.999,นครปฐม,0.96,0.667,motorcycle,3,4,True,,544,10,265,564.5
plate_05541.jpg,easyocr+cnn+tesseract+paddle,1กษ,0.7526,True,per-letter,easyocr=1กม|cnn=1กษ|tesseract=1กบ|paddle=1กซ,4006,0.999,นครปฐม,0.96,0.667,motorcycle,3,4,True,,544,10,265,926.0
plate_05554.jpg,group,กส,0.9811,True,whole crop,,5149,0.999,นครปฐม,0.882,0.182,motorcycle,2,4,True,,228,10,272,76.0
plate_05554.jpg,easyocr,กส,0.6202,True,per-letter,,5149,0.999,นครปฐม,0.882,0.182,motorcycle,2,4,True,,228,10,272,530.0
plate_05554.jpg,cnn,กส,0.9899,True,per-letter,,5149,0.999,นครปฐม,0.882,0.182,motorcycle,2,4,True,,228,10,272,2.5
plate_05554.jpg,tesseract,ก?,0.0,False,per-letter,,5149,0.999,นครปฐม,0.882,0.182,motorcycle,2,4,True,,228,10,272,214.2
plate_05554.jpg,paddle,กส,0.9954,True,per-letter,,5149,0.999,นครปฐม,0.882,0.182,motorcycle,2,4,True,,228,10,272,162.6
plate_05554.jpg,easyocr+cnn,กส,0.9501,True,per-letter,easyocr=กส|cnn=กส,5149,0.999,นครปฐม,0.882,0.182,motorcycle,2,4,True,,228,10,272,532.5
plate_05554.jpg,cnn+paddle,กส,0.9931,True,per-letter,cnn=กส|paddle=กส,5149,0.999,นครปฐม,0.882,0.182,motorcycle,2,4,True,,228,10,272,165.0
plate_05554.jpg,easyocr+cnn+paddle,กส,0.9655,True,per-letter,easyocr=กส|cnn=กส|paddle=กส,5149,0.999,นครปฐม,0.882,0.182,motorcycle,2,4,True,,228,10,272,695.1
plate_05554.jpg,easyocr+cnn+tesseract+paddle,กส,0.9633,True,per-letter,easyocr=กส|cnn=กส|tesseract=กก|paddle=กส,5149,0.999,นครปฐม,0.882,0.182,motorcycle,2,4,True,,228,10,272,909.2
plate_05558.jpg,group,ท,0.1252,True,whole crop,,379,0.83,อ่างทอง,0.144,0.2,motorcycle,1,3,True,,210,7,242,82.0
plate_05558.jpg,easyocr,ก,0.9423,True,per-letter,,379,0.83,อ่างทอง,0.144,0.2,motorcycle,1,3,True,,210,7,242,114.0
plate_05558.jpg,cnn,ก,0.9941,True,per-letter,,379,0.83,อ่างทอง,0.144,0.2,motorcycle,1,3,True,,210,7,242,1.3
plate_05558.jpg,tesseract,ก,0.9892,True,per-letter,,379,0.83,อ่างทอง,0.144,0.2,motorcycle,1,3,True,,210,7,242,79.7
plate_05558.jpg,paddle,ท,0.7229,True,per-letter,,379,0.83,อ่างทอง,0.144,0.2,motorcycle,1,3,True,,210,7,242,77.6
plate_05558.jpg,easyocr+cnn,ก,0.9755,True,per-letter,easyocr=ก|cnn=ก,379,0.83,อ่างทอง,0.144,0.2,motorcycle,1,3,True,,210,7,242,115.4
plate_05558.jpg,cnn+paddle,ก,0.722,True,per-letter,cnn=ก|paddle=ท,379,0.83,อ่างทอง,0.144,0.2,motorcycle,1,3,True,,210,7,242,79.0
plate_05558.jpg,easyocr+cnn+paddle,ก,0.7817,True,per-letter,easyocr=ก|cnn=ก|paddle=ท,379,0.83,อ่างทอง,0.144,0.2,motorcycle,1,3,True,,210,7,242,193.0
plate_05558.jpg,easyocr+cnn+tesseract+paddle,ก,0.8013,True,per-letter,easyocr=ก|cnn=ก|tesseract=ก|paddle=ท,379,0.83,อ่างทอง,0.144,0.2,motorcycle,1,3,True,,210,7,242,272.7
plate_05561.jpg,group,2น,0.0839,True,whole crop,,1125,0.116,ขอนแก่น,0.317,0.0,car,2,4,True,,267,10,281,81.4
plate_05561.jpg,easyocr,ตป,0.2437,True,per-letter,,1125,0.116,ขอนแก่น,0.317,0.0,car,2,4,True,,267,10,281,241.1
plate_05561.jpg,cnn,4ย,0.5646,True,per-letter,,1125,0.116,ขอนแก่น,0.317,0.0,car,2,4,True,,267,10,281,1.7
plate_05561.jpg,tesseract,ยป,0.7642,True,per-letter,,1125,0.116,ขอนแก่น,0.317,0.0,car,2,4,True,,267,10,281,244.3
plate_05561.jpg,paddle,ซย,0.6389,True,per-letter,,1125,0.116,ขอนแก่น,0.317,0.0,car,2,4,True,,267,10,281,157.0
plate_05561.jpg,easyocr+cnn,4ย,0.4963,True,per-letter,easyocr=ตป|cnn=4ย,1125,0.116,ขอนแก่น,0.317,0.0,car,2,4,True,,267,10,281,242.8
plate_05561.jpg,cnn+paddle,4ย,0.5196,True,per-letter,cnn=4ย|paddle=ซย,1125,0.116,ขอนแก่น,0.317,0.0,car,2,4,True,,267,10,281,158.7
plate_05561.jpg,easyocr+cnn+paddle,4ย,0.4685,True,per-letter,easyocr=ตป|cnn=4ย|paddle=ซย,1125,0.116,ขอนแก่น,0.317,0.0,car,2,4,True,,267,10,281,399.7
plate_05561.jpg,easyocr+cnn+tesseract+paddle,4ย,0.4094,True,per-letter,easyocr=ตป|cnn=4ย|tesseract=ยป|paddle=ซย,1125,0.116,ขอนแก่น,0.317,0.0,car,2,4,True,,267,10,281,644.0
plate_05566.jpg,group,บกร,0.3712,True,whole crop,,1385,0.171,ภูเก็ต,1.0,1.0,motorcycle,3,4,True,,277,1,277,77.3
plate_05566.jpg,easyocr,1กร,0.9999,True,per-letter,,1385,0.171,ภูเก็ต,1.0,1.0,motorcycle,3,4,True,,277,1,277,409.6
plate_05566.jpg,cnn,1กร,0.9957,True,per-letter,,1385,0.171,ภูเก็ต,1.0,1.0,motorcycle,3,4,True,,277,1,277,2.5
plate_05566.jpg,tesseract,1กร,0.9954,True,per-letter,,1385,0.171,ภูเก็ต,1.0,1.0,motorcycle,3,4,True,,277,1,277,294.2
plate_05566.jpg,paddle,1กร,0.9988,True,per-letter,,1385,0.171,ภูเก็ต,1.0,1.0,motorcycle,3,4,True,,277,1,277,249.1
plate_05566.jpg,easyocr+cnn,1กร,0.9972,True,per-letter,easyocr=1กร|cnn=1กร,1385,0.171,ภูเก็ต,1.0,1.0,motorcycle,3,4,True,,277,1,277,412.1
plate_05566.jpg,cnn+paddle,1กร,0.9972,True,per-letter,cnn=1กร|paddle=1กร,1385,0.171,ภูเก็ต,1.0,1.0,motorcycle,3,4,True,,277,1,277,251.6
plate_05566.jpg,easyocr+cnn+paddle,1กร,0.9979,True,per-letter,easyocr=1กร|cnn=1กร|paddle=1กร,1385,0.171,ภูเก็ต,1.0,1.0,motorcycle,3,4,True,,277,1,277,661.1
plate_05566.jpg,easyocr+cnn+tesseract+paddle,1กร,0.9978,True,per-letter,easyocr=1กร|cnn=1กร|tesseract=1กร|paddle=1กร,1385,0.171,ภูเก็ต,1.0,1.0,motorcycle,3,4,True,,277,1,277,955.4
plate_05569.jpg,group,1กถ,0.1488,True,whole crop,,7319,0.999,ภูเก็ต,1.0,0.5,motorcycle,3,4,True,,299,1,276,78.6
plate_05569.jpg,easyocr,1กถ,0.8295,True,per-letter,,7319,0.999,ภูเก็ต,1.0,0.5,motorcycle,3,4,True,,299,1,276,367.4
plate_05569.jpg,cnn,1กถ,0.9951,True,per-letter,,7319,0.999,ภูเก็ต,1.0,0.5,motorcycle,3,4,True,,299,1,276,2.6
plate_05569.jpg,tesseract,1กถ,0.9874,True,per-letter,,7319,0.999,ภูเก็ต,1.0,0.5,motorcycle,3,4,True,,299,1,276,244.3
plate_05569.jpg,paddle,1กถ,0.9484,True,per-letter,,7319,0.999,ภูเก็ต,1.0,0.5,motorcycle,3,4,True,,299,1,276,234.4
plate_05569.jpg,easyocr+cnn,1กถ,0.9401,True,per-letter,easyocr=1กถ|cnn=1กถ,7319,0.999,ภูเก็ต,1.0,0.5,motorcycle,3,4,True,,299,1,276,370.0
plate_05569.jpg,cnn+paddle,1กถ,0.9818,True,per-letter,cnn=1กถ|paddle=1กถ,7319,0.999,ภูเก็ต,1.0,0.5,motorcycle,3,4,True,,299,1,276,237.1
plate_05569.jpg,easyocr+cnn+paddle,1กถ,0.9431,True,per-letter,easyocr=1กถ|cnn=1กถ|paddle=1กถ,7319,0.999,ภูเก็ต,1.0,0.5,motorcycle,3,4,True,,299,1,276,604.5
plate_05569.jpg,easyocr+cnn+tesseract+paddle,1กถ,0.9482,True,per-letter,easyocr=1กถ|cnn=1กถ|tesseract=1กถ|paddle=1กถ,7319,0.999,ภูเก็ต,1.0,0.5,motorcycle,3,4,True,,299,1,276,848.8
plate_05585.jpg,group,,0.0,False,whole crop,,,0.0,เลย,0.571,0.0,motorcycle,1,4,True,,395,1,242,77.1
plate_05585.jpg,easyocr,ศ,0.405,True,per-letter,,,0.0,เลย,0.571,0.0,motorcycle,1,4,True,,395,1,242,117.1
plate_05585.jpg,cnn,ท,0.671,True,per-letter,,,0.0,เลย,0.571,0.0,motorcycle,1,4,True,,395,1,242,1.3
plate_05585.jpg,tesseract,?,0.0,False,per-letter,,,0.0,เลย,0.571,0.0,motorcycle,1,4,True,,395,1,242,109.9
plate_05585.jpg,paddle,ป,0.686,True,per-letter,,,0.0,เลย,0.571,0.0,motorcycle,1,4,True,,395,1,242,84.2
plate_05585.jpg,easyocr+cnn,ท,0.6395,True,per-letter,easyocr=ศ|cnn=ท,,0.0,เลย,0.571,0.0,motorcycle,1,4,True,,395,1,242,118.5
plate_05585.jpg,cnn+paddle,ป,0.4537,True,per-letter,cnn=ท|paddle=ป,,0.0,เลย,0.571,0.0,motorcycle,1,4,True,,395,1,242,85.6
plate_05585.jpg,easyocr+cnn+paddle,ป,0.4228,True,per-letter,easyocr=ศ|cnn=ท|paddle=ป,,0.0,เลย,0.571,0.0,motorcycle,1,4,True,,395,1,242,202.7
plate_05585.jpg,easyocr+cnn+tesseract+paddle,ป,0.4204,True,per-letter,easyocr=ศ|cnn=ท|tesseract=ก|paddle=ป,,0.0,เลย,0.571,0.0,motorcycle,1,4,True,,395,1,242,312.6
plate_05586.jpg,group,1กภ,0.093,True,whole crop,,5478,1.0,ภูเก็ต,1.0,0.769,motorcycle,3,4,True,,334,1,282,79.1
plate_05586.jpg,easyocr,1กก,0.9886,True,per-letter,,5478,1.0,ภูเก็ต,1.0,0.769,motorcycle,3,4,False,,334,1,282,684.2
plate_05586.jpg,cnn,1กภ,0.9943,True,per-letter,,5478,1.0,ภูเก็ต,1.0,0.769,motorcycle,3,4,False,,334,1,282,7.1
plate_05586.jpg,tesseract,1กภ,0.9592,True,per-letter,,5478,1.0,ภูเก็ต,1.0,0.769,motorcycle,3,4,False,,334,1,282,262.3
plate_05586.jpg,paddle,1กก,0.9242,True,per-letter,,5478,1.0,ภูเก็ต,1.0,0.769,motorcycle,3,4,False,,334,1,282,241.3
plate_05586.jpg,easyocr+cnn,1กภ,0.7014,True,per-letter,easyocr=1กก|cnn=1กภ,5478,1.0,ภูเก็ต,1.0,0.769,motorcycle,3,4,False,,334,1,282,691.3
plate_05586.jpg,cnn+paddle,1กภ,0.7419,True,per-letter,cnn=1กภ|paddle=1กก,5478,1.0,ภูเก็ต,1.0,0.769,motorcycle,3,4,False,,334,1,282,248.4
plate_05586.jpg,easyocr+cnn+paddle,1กภ,0.5676,True,per-letter,easyocr=1กก|cnn=1กภ|paddle=1กก,5478,1.0,ภูเก็ต,1.0,0.769,motorcycle,3,4,True,,334,1,282,932.6
plate_05586.jpg,easyocr+cnn+tesseract+paddle,1กภ,0.6115,True,per-letter,easyocr=1กก|cnn=1กภ|tesseract=1กภ|paddle=1กก,5478,1.0,ภูเก็ต,1.0,0.769,motorcycle,3,4,True,,334,1,282,1194.9
plate_05600.jpg,group,1กผ,0.6486,True,whole crop,,9798,1.0,นครปฐม,1.0,1.0,motorcycle,3,4,True,,411,1,279,81.7
plate_05600.jpg,easyocr,1กผ,0.982,True,per-letter,,9798,1.0,นครปฐม,1.0,1.0,motorcycle,3,4,False,,411,1,279,370.1
plate_05600.jpg,cnn,1กผ,0.9917,True,per-letter,,9798,1.0,นครปฐม,1.0,1.0,motorcycle,3,4,False,,411,1,279,2.3
plate_05600.jpg,tesseract,1กผ,0.991,True,per-letter,,9798,1.0,นครปฐม,1.0,1.0,motorcycle,3,4,False,,411,1,279,233.7
plate_05600.jpg,paddle,1กผ,0.4934,True,per-letter,,9798,1.0,นครปฐม,1.0,1.0,motorcycle,3,4,True,,411,1,279,240.8
plate_05600.jpg,easyocr+cnn,1กผ,0.9885,True,per-letter,easyocr=1กผ|cnn=1กผ,9798,1.0,นครปฐม,1.0,1.0,motorcycle,3,4,False,,411,1,279,372.5
plate_05600.jpg,cnn+paddle,1กผ,0.8567,True,per-letter,cnn=1กผ|paddle=1กฝ,9798,1.0,นครปฐม,1.0,1.0,motorcycle,3,4,False,,411,1,279,243.1
plate_05600.jpg,easyocr+cnn+paddle,1กผ,0.891,True,per-letter,easyocr=1กผ|cnn=1กผ|paddle=1กฝ,9798,1.0,นครปฐม,1.0,1.0,motorcycle,3,4,False,,411,1,279,613.3
plate_05600.jpg,easyocr+cnn+tesseract+paddle,1กผ,0.902,True,per-letter,easyocr=1กผ|cnn=1กผ|tesseract=1กผ|paddle=1กฝ,9798,1.0,นครปฐม,1.0,1.0,motorcycle,3,4,False,,411,1,279,846.9
plate_05613.jpg,group,กย,0.9875,True,whole crop,,6626,0.61,ภูเก็ต,1.0,0.6,motorcycle,3,4,True,,266,1,263,82.9
plate_05613.jpg,easyocr,1กย,0.9998,True,per-letter,,6626,0.61,ภูเก็ต,1.0,0.6,motorcycle,3,4,True,,266,1,263,328.6
plate_05613.jpg,cnn,1กย,0.9946,True,per-letter,,6626,0.61,ภูเก็ต,1.0,0.6,motorcycle,3,4,True,,266,1,263,2.6
plate_05613.jpg,tesseract,1กย,0.9926,True,per-letter,,6626,0.61,ภูเก็ต,1.0,0.6,motorcycle,3,4,True,,266,1,263,399.6
plate_05613.jpg,paddle,1กย,0.965,True,per-letter,,6626,0.61,ภูเก็ต,1.0,0.6,motorcycle,3,4,True,,266,1,263,237.9
plate_05613.jpg,easyocr+cnn,1กย,0.9965,True,per-letter,easyocr=1กย|cnn=1กย,6626,0.61,ภูเก็ต,1.0,0.6,motorcycle,3,4,True,,266,1,263,331.2
plate_05613.jpg,cnn+paddle,1กย,0.9846,True,per-letter,cnn=1กย|paddle=1กย,6626,0.61,ภูเก็ต,1.0,0.6,motorcycle,3,4,True,,266,1,263,240.4
plate_05613.jpg,easyocr+cnn+paddle,1กย,0.9886,True,per-letter,easyocr=1กย|cnn=1กย|paddle=1กย,6626,0.61,ภูเก็ต,1.0,0.6,motorcycle,3,4,True,,266,1,263,569.0
plate_05613.jpg,easyocr+cnn+tesseract+paddle,1กย,0.9894,True,per-letter,easyocr=1กย|cnn=1กย|tesseract=1กย|paddle=1กย,6626,0.61,ภูเก็ต,1.0,0.6,motorcycle,3,4,True,,266,1,263,968.6
plate_05619.jpg,group,1กพ,0.7461,True,whole crop,,3421,1.0,ภูเก็ต,1.0,0.833,motorcycle,3,4,False,,230,1,271,85.1
plate_05619.jpg,easyocr,1กพ,0.8544,True,per-letter,,3421,1.0,ภูเก็ต,1.0,0.833,motorcycle,3,4,False,,230,1,271,355.9
plate_05619.jpg,cnn,1กพ,0.991,True,per-letter,,3421,1.0,ภูเก็ต,1.0,0.833,motorcycle,3,4,False,,230,1,271,2.6
plate_05619.jpg,tesseract,1กพ,0.9919,True,per-letter,,3421,1.0,ภูเก็ต,1.0,0.833,motorcycle,3,4,False,,230,1,271,438.0
plate_05619.jpg,paddle,1กพ,0.9962,True,per-letter,,3421,1.0,ภูเก็ต,1.0,0.833,motorcycle,3,4,False,,230,1,271,235.3
plate_05619.jpg,easyocr+cnn,1กพ,0.9508,True,per-letter,easyocr=1กพ|cnn=1กพ,3421,1.0,ภูเก็ต,1.0,0.833,motorcycle,3,4,False,,230,1,271,358.5
plate_05619.jpg,cnn+paddle,1กพ,0.9933,True,per-letter,cnn=1กพ|paddle=1กพ,3421,1.0,ภูเก็ต,1.0,0.833,motorcycle,3,4,False,,230,1,271,238.0
plate_05619.jpg,easyocr+cnn+paddle,1กพ,0.9627,True,per-letter,easyocr=1กพ|cnn=1กพ|paddle=1กพ,3421,1.0,ภูเก็ต,1.0,0.833,motorcycle,3,4,False,,230,1,271,593.8
plate_05619.jpg,easyocr+cnn+tesseract+paddle,1กพ,0.965,True,per-letter,easyocr=1กพ|cnn=1กพ|tesseract=1กพ|paddle=1กพ,3421,1.0,ภูเก็ต,1.0,0.833,motorcycle,3,4,False,,230,1,271,1031.9
plate_05651.jpg,group,1กณ,0.5275,True,whole crop,,913,0.996,ภูเก็ต,1.0,0.6,motorcycle,3,3,True,,201,1,242,79.8
plate_05651.jpg,easyocr,1กก,0.7568,True,per-letter,,913,0.996,ภูเก็ต,1.0,0.6,motorcycle,3,3,False,,201,1,242,330.9
plate_05651.jpg,cnn,1กณ,0.8802,True,per-letter,,913,0.996,ภูเก็ต,1.0,0.6,motorcycle,3,3,False,,201,1,242,2.4
plate_05651.jpg,tesseract,1กณ,0.9903,True,per-letter,,913,0.996,ภูเก็ต,1.0,0.6,motorcycle,3,3,False,,201,1,242,263.0
plate_05651.jpg,paddle,1ดพ,0.4983,True,per-letter,,913,0.996,ภูเก็ต,1.0,0.6,motorcycle,3,3,True,,201,1,242,234.9
plate_05651.jpg,easyocr+cnn,1กณ,0.6832,True,per-letter,easyocr=1กก|cnn=1กณ,913,0.996,ภูเก็ต,1.0,0.6,motorcycle,3,3,True,,201,1,242,333.3
plate_05651.jpg,cnn+paddle,1กณ,0.6114,True,per-letter,cnn=1กณ|paddle=1ดพ,913,0.996,ภูเก็ต,1.0,0.6,motorcycle,3,3,True,,201,1,242,237.3
plate_05651.jpg,easyocr+cnn+paddle,1กณ,0.5605,True,per-letter,easyocr=1กก|cnn=1กณ|paddle=1ดพ,913,0.996,ภูเก็ต,1.0,0.6,motorcycle,3,3,True,,201,1,242,568.3
plate_05651.jpg,easyocr+cnn+tesseract+paddle,1กณ,0.6228,True,per-letter,easyocr=1กก|cnn=1กณ|tesseract=1กณ|paddle=1ดพ,913,0.996,ภูเก็ต,1.0,0.6,motorcycle,3,3,True,,201,1,242,831.2
plate_05659.jpg,group,6ขฒ,0.4203,True,whole crop,,207,1.0,กรุงเทพมหานคร,0.998,0.783,motorcycle,3,3,True,,230,1,240,79.8
plate_05659.jpg,easyocr,6ขฆ,0.4586,True,per-letter,,207,1.0,กรุงเทพมหานคร,0.998,0.783,motorcycle,3,3,True,,230,1,240,336.3
plate_05659.jpg,cnn,6ขฒ,0.9743,True,per-letter,,207,1.0,กรุงเทพมหานคร,0.998,0.783,motorcycle,3,3,False,,230,1,240,2.7
plate_05659.jpg,tesseract,6ขฒ,0.9801,True,per-letter,,207,1.0,กรุงเทพมหานคร,0.998,0.783,motorcycle,3,3,False,,230,1,240,274.6
plate_05659.jpg,paddle,6ขศ,0.4343,True,per-letter,,207,1.0,กรุงเทพมหานคร,0.998,0.783,motorcycle,3,3,True,,230,1,240,236.5
plate_05659.jpg,easyocr+cnn,6ขฒ,0.7811,True,per-letter,easyocr=6ขฆ|cnn=6ขฒ,207,1.0,กรุงเทพมหานคร,0.998,0.783,motorcycle,3,3,False,,230,1,240,339.0
plate_05659.jpg,cnn+paddle,6ขฒ,0.8012,True,per-letter,cnn=6ขฒ|paddle=6ขศ,207,1.0,กรุงเทพมหานคร,0.998,0.783,motorcycle,3,3,False,,230,1,240,239.2
plate_05659.jpg,easyocr+cnn+paddle,6ขฒ,0.737,True,per-letter,easyocr=6ขฆ|cnn=6ขฒ|paddle=6ขศ,207,1.0,กรุงเทพมหานคร,0.998,0.783,motorcycle,3,3,False,,230,1,240,575.5
plate_05659.jpg,easyocr+cnn+tesseract+paddle,6ขฒ,0.7609,True,per-letter,easyocr=6ขฆ|cnn=6ขฒ|tesseract=6ขฒ|paddle=6ขศ,207,1.0,กรุงเทพมหานคร,0.998,0.783,motorcycle,3,3,False,,230,1,240,850.1
plate_05660.jpg,group,2กง,0.4366,True,whole crop,,7600,0.994,อุดรธานี,1.0,0.824,motorcycle,3,4,True,,312,1,282,80.1
plate_05660.jpg,easyocr,2กง,1.0,True,per-letter,,7600,0.994,อุดรธานี,1.0,0.824,motorcycle,3,4,False,,312,1,282,403.6
plate_05660.jpg,cnn,2กง,0.9947,True,per-letter,,7600,0.994,อุดรธานี,1.0,0.824,motorcycle,3,4,False,,312,1,282,2.4
plate_05660.jpg,tesseract,2กง,0.9978,True,per-letter,,7600,0.994,อุดรธานี,1.0,0.824,motorcycle,3,4,False,,312,1,282,295.0
plate_05660.jpg,paddle,2กง,0.9906,True,per-letter,,7600,0.994,อุดรธานี,1.0,0.824,motorcycle,3,4,False,,312,1,282,241.2
plate_05660.jpg,easyocr+cnn,2กง,0.9965,True,per-letter,easyocr=2กง|cnn=2กง,7600,0.994,อุดรธานี,1.0,0.824,motorcycle,3,4,False,,312,1,282,406.0
plate_05660.jpg,cnn+paddle,2กง,0.994,True,per-letter,cnn=2กง|paddle=2กง,7600,0.994,อุดรธานี,1.0,0.824,motorcycle,3,4,False,,312,1,282,243.6
plate_05660.jpg,easyocr+cnn+paddle,2กง,0.9955,True,per-letter,easyocr=2กง|cnn=2กง|paddle=2กง,7600,0.994,อุดรธานี,1.0,0.824,motorcycle,3,4,False,,312,1,282,647.2
plate_05660.jpg,easyocr+cnn+tesseract+paddle,2กง,0.9958,True,per-letter,easyocr=2กง|cnn=2กง|tesseract=2กง|paddle=2กง,7600,0.994,อุดรธานี,1.0,0.824,motorcycle,3,4,False,,312,1,282,942.1
plate_05662.jpg,group,7กล,0.7436,True,whole crop,,2841,1.0,กรุงเทพมหานคร,1.0,0.88,motorcycle,3,4,False,,197,1,273,80.9
plate_05662.jpg,easyocr,7กล,0.9994,True,per-letter,,2841,1.0,กรุงเทพมหานคร,1.0,0.88,motorcycle,3,4,False,,197,1,273,655.8
plate_05662.jpg,cnn,7กล,0.9689,True,per-letter,,2841,1.0,กรุงเทพมหานคร,1.0,0.88,motorcycle,3,4,False,,197,1,273,2.5
plate_05662.jpg,tesseract,7กล,0.9955,True,per-letter,,2841,1.0,กรุงเทพมหานคร,1.0,0.88,motorcycle,3,4,False,,197,1,273,266.0
plate_05662.jpg,paddle,7กล,0.8985,True,per-letter,,2841,1.0,กรุงเทพมหานคร,1.0,0.88,motorcycle,3,4,False,,197,1,273,222.1
plate_05662.jpg,easyocr+cnn,7กล,0.9795,True,per-letter,easyocr=7กล|cnn=7กล,2841,1.0,กรุงเทพมหานคร,1.0,0.88,motorcycle,3,4,False,,197,1,273,658.3
plate_05662.jpg,cnn+paddle,7กล,0.9473,True,per-letter,cnn=7กล|paddle=7กล,2841,1.0,กรุงเทพมหานคร,1.0,0.88,motorcycle,3,4,False,,197,1,273,224.6
plate_05662.jpg,easyocr+cnn+paddle,7กล,0.9609,True,per-letter,easyocr=7กล|cnn=7กล|paddle=7กล,2841,1.0,กรุงเทพมหานคร,1.0,0.88,motorcycle,3,4,False,,197,1,273,880.3
plate_05662.jpg,easyocr+cnn+tesseract+paddle,7กล,0.9649,True,per-letter,easyocr=7กล|cnn=7กล|tesseract=7กล|paddle=7กล,2841,1.0,กรุงเทพมหานคร,1.0,0.88,motorcycle,3,4,False,,197,1,273,1146.3
plate_05666.jpg,group,จ,0.146,True,whole crop,,1,0.39,ปราจีนบุรี,0.516,0.4,car,1,4,True,,384,6,265,82.5
plate_05666.jpg,easyocr,ต,0.7499,True,per-letter,,1,0.39,ปราจีนบุรี,0.516,0.4,car,1,4,True,,384,6,265,104.0
plate_05666.jpg,cnn,ก,0.816,True,per-letter,,1,0.39,ปราจีนบุรี,0.516,0.4,car,1,4,True,,384,6,265,1.4
plate_05666.jpg,tesseract,พ,0.9868,True,per-letter,,1,0.39,ปราจีนบุรี,0.516,0.4,car,1,4,True,,384,6,265,138.2
plate_05666.jpg,paddle,ซ,0.4662,True,per-letter,,1,0.39,ปราจีนบุรี,0.516,0.4,car,1,4,True,,384,6,265,82.3
plate_05666.jpg,easyocr+cnn,ก,0.5767,True,per-letter,easyocr=ต|cnn=ก,1,0.39,ปราจีนบุรี,0.516,0.4,car,1,4,True,,384,6,265,105.4
plate_05666.jpg,cnn+paddle,ก,0.4742,True,per-letter,cnn=ก|paddle=ซ,1,0.39,ปราจีนบุรี,0.516,0.4,car,1,4,True,,384,6,265,83.7
plate_05666.jpg,easyocr+cnn+paddle,ก,0.459,True,per-letter,easyocr=ต|cnn=ก|paddle=ซ,1,0.39,ปราจีนบุรี,0.516,0.4,car,1,4,True,,384,6,265,187.7
plate_05666.jpg,easyocr+cnn+tesseract+paddle,ก,0.5013,True,per-letter,easyocr=ต|cnn=ก|tesseract=พ|paddle=ซ,1,0.39,ปราจีนบุรี,0.516,0.4,car,1,4,True,,384,6,265,325.9
plate_05667.jpg,group,6ขณ,0.1794,True,whole crop,,3087,1.0,กรุงเทพมหานคร,1.0,0.545,motorcycle,4,4,True,,185,1,274,80.1
plate_05667.jpg,easyocr,6ขณ,0.1794,True,"whole crop, fallback",,3087,1.0,กรุงเทพมหานคร,1.0,0.545,motorcycle,4,4,True,,185,1,274,80.1
plate_05667.jpg,cnn,6ขณ,0.1794,True,"whole crop, fallback",,3087,1.0,กรุงเทพมหานคร,1.0,0.545,motorcycle,4,4,True,,185,1,274,80.1
plate_05667.jpg,tesseract,6ขณ,0.1794,True,"whole crop, fallback",,3087,1.0,กรุงเทพมหานคร,1.0,0.545,motorcycle,4,4,True,,185,1,274,80.1
plate_05667.jpg,paddle,6ขณ,0.1794,True,"whole crop, fallback",,3087,1.0,กรุงเทพมหานคร,1.0,0.545,motorcycle,4,4,True,,185,1,274,80.1
plate_05667.jpg,easyocr+cnn,6ขณ,0.1794,True,"whole crop, fallback",,3087,1.0,กรุงเทพมหานคร,1.0,0.545,motorcycle,4,4,True,,185,1,274,80.1
plate_05667.jpg,cnn+paddle,6ขณ,0.1794,True,"whole crop, fallback",,3087,1.0,กรุงเทพมหานคร,1.0,0.545,motorcycle,4,4,True,,185,1,274,80.1
plate_05667.jpg,easyocr+cnn+paddle,6ขณ,0.1794,True,"whole crop, fallback",,3087,1.0,กรุงเทพมหานคร,1.0,0.545,motorcycle,4,4,True,,185,1,274,80.1
plate_05667.jpg,easyocr+cnn+tesseract+paddle,6ขณ,0.1794,True,"whole crop, fallback",,3087,1.0,กรุงเทพมหานคร,1.0,0.545,motorcycle,4,4,True,,185,1,274,80.1
plate_05699.jpg,group,1กฉ,0.8054,True,whole crop,,4166,1.0,ชลบุรี,1.0,0.545,motorcycle,3,4,True,,267,1,273,99.4
plate_05699.jpg,easyocr,1กฉ,0.9997,True,per-letter,,4166,1.0,ชลบุรี,1.0,0.545,motorcycle,3,4,True,,267,1,273,477.1
plate_05699.jpg,cnn,1กฉ,0.9956,True,per-letter,,4166,1.0,ชลบุรี,1.0,0.545,motorcycle,3,4,True,,267,1,273,3.5
plate_05699.jpg,tesseract,1กฉ,0.9944,True,per-letter,,4166,1.0,ชลบุรี,1.0,0.545,motorcycle,3,4,True,,267,1,273,258.4
plate_05699.jpg,paddle,1กฉ,0.9533,True,per-letter,,4166,1.0,ชลบุรี,1.0,0.545,motorcycle,3,4,True,,267,1,273,271.3
plate_05699.jpg,easyocr+cnn,1กฉ,0.9971,True,per-letter,easyocr=1กฉ|cnn=1กฉ,4166,1.0,ชลบุรี,1.0,0.545,motorcycle,3,4,True,,267,1,273,480.6
plate_05699.jpg,cnn+paddle,1กฉ,0.982,True,per-letter,cnn=1กฉ|paddle=1กฉ,4166,1.0,ชลบุรี,1.0,0.545,motorcycle,3,4,True,,267,1,273,274.8
plate_05699.jpg,easyocr+cnn+paddle,1กฉ,0.9867,True,per-letter,easyocr=1กฉ|cnn=1กฉ|paddle=1กฉ,4166,1.0,ชลบุรี,1.0,0.545,motorcycle,3,4,True,,267,1,273,751.9
plate_05699.jpg,easyocr+cnn+tesseract+paddle,1กฉ,0.9875,True,per-letter,easyocr=1กฉ|cnn=1กฉ|tesseract=1กฉ|paddle=1กฉ,4166,1.0,ชลบุรี,1.0,0.545,motorcycle,3,4,True,,267,1,273,1010.3
plate_05718.jpg,group,บกว,0.2519,True,whole crop,,2526,1.0,ภูเก็ต,1.0,0.545,motorcycle,3,4,True,,251,1,313,81.0
plate_05718.jpg,easyocr,1กว,0.9985,True,per-letter,,2526,1.0,ภูเก็ต,1.0,0.545,motorcycle,3,4,True,,251,1,313,378.0
plate_05718.jpg,cnn,1กว,0.9889,True,per-letter,,2526,1.0,ภูเก็ต,1.0,0.545,motorcycle,3,4,True,,251,1,313,2.7
plate_05718.jpg,tesseract,1กว,0.9788,True,per-letter,,2526,1.0,ภูเก็ต,1.0,0.545,motorcycle,3,4,True,,251,1,313,272.8
plate_05718.jpg,paddle,1กว,0.9698,True,per-letter,,2526,1.0,ภูเก็ต,1.0,0.545,motorcycle,3,4,True,,251,1,313,257.9
plate_05718.jpg,easyocr+cnn,1กว,0.9928,True,per-letter,easyocr=1กว|cnn=1กว,2526,1.0,ภูเก็ต,1.0,0.545,motorcycle,3,4,True,,251,1,313,380.7
plate_05718.jpg,cnn+paddle,1กว,0.9827,True,per-letter,cnn=1กว|paddle=1กว,2526,1.0,ภูเก็ต,1.0,0.545,motorcycle,3,4,True,,251,1,313,260.6
plate_05718.jpg,easyocr+cnn+paddle,1กว,0.9872,True,per-letter,easyocr=1กว|cnn=1กว|paddle=1กว,2526,1.0,ภูเก็ต,1.0,0.545,motorcycle,3,4,True,,251,1,313,638.6
plate_05718.jpg,easyocr+cnn+tesseract+paddle,1กว,0.9872,True,per-letter,easyocr=1กว|cnn=1กว|tesseract=1กว|paddle=1กว,2526,1.0,ภูเก็ต,1.0,0.545,motorcycle,3,4,True,,251,1,313,911.5
plate_05720.jpg,group,1กจ,0.7952,True,whole crop,,194,0.985,พัทลุง,0.205,0.0,motorcycle,3,3,True,,183,1,250,79.6
plate_05720.jpg,easyocr,1กร,0.8389,True,per-letter,,194,0.985,พัทลุง,0.205,0.0,motorcycle,3,3,True,,183,1,250,370.4
plate_05720.jpg,cnn,1กจ,0.9948,True,per-letter,,194,0.985,พัทลุง,0.205,0.0,motorcycle,3,3,True,,183,1,250,2.4
plate_05720.jpg,tesseract,1กจ,0.9973,True,per-letter,,194,0.985,พัทลุง,0.205,0.0,motorcycle,3,3,True,,183,1,250,232.2
plate_05720.jpg,paddle,1กซ,0.3169,True,per-letter,,194,0.985,พัทลุง,0.205,0.0,motorcycle,3,3,True,,183,1,250,235.8
plate_05720.jpg,easyocr+cnn,1กจ,0.7973,True,per-letter,easyocr=1กร|cnn=1กจ,194,0.985,พัทลุง,0.205,0.0,motorcycle,3,3,True,,183,1,250,372.8
plate_05720.jpg,cnn+paddle,1กจ,0.7602,True,per-letter,cnn=1กจ|paddle=1ทซ,194,0.985,พัทลุง,0.205,0.0,motorcycle,3,3,True,,183,1,250,238.2
plate_05720.jpg,easyocr+cnn+paddle,1กจ,0.6812,True,per-letter,easyocr=1กร|cnn=1กจ|paddle=1ทซ,194,0.985,พัทลุง,0.205,0.0,motorcycle,3,3,True,,183,1,250,608.6
plate_05720.jpg,easyocr+cnn+tesseract+paddle,1กจ,0.7183,True,per-letter,easyocr=1กร|cnn=1กจ|tesseract=1กจ|paddle=1ทซ,194,0.985,พัทลุง,0.205,0.0,motorcycle,3,3,True,,183,1,250,840.8
plate_05721.jpg,group,1กพ,0.4855,True,whole crop,,4018,0.927,ภูเก็ต,1.0,0.727,motorcycle,3,4,True,,300,1,287,83.4
plate_05721.jpg,easyocr,1กพ,0.9331,True,per-letter,,4018,0.927,ภูเก็ต,1.0,0.727,motorcycle,3,4,False,,300,1,287,377.6
plate_05721.jpg,cnn,1กพ,0.9949,True,per-letter,,4018,0.927,ภูเก็ต,1.0,0.727,motorcycle,3,4,False,,300,1,287,2.3
plate_05721.jpg,tesseract,1กพ,0.9949,True,per-letter,,4018,0.927,ภูเก็ต,1.0,0.727,motorcycle,3,4,False,,300,1,287,330.3
plate_05721.jpg,paddle,1กพ,0.9932,True,per-letter,,4018,0.927,ภูเก็ต,1.0,0.727,motorcycle,3,4,False,,300,1,287,236.1
plate_05721.jpg,easyocr+cnn,1กพ,0.9753,True,per-letter,easyocr=1กพ|cnn=1กพ,4018,0.927,ภูเก็ต,1.0,0.727,motorcycle,3,4,False,,300,1,287,379.9
plate_05721.jpg,cnn+paddle,1กพ,0.9948,True,per-letter,cnn=1กพ|paddle=1กพ,4018,0.927,ภูเก็ต,1.0,0.727,motorcycle,3,4,False,,300,1,287,238.4
plate_05721.jpg,easyocr+cnn+paddle,1กพ,0.9802,True,per-letter,easyocr=1กพ|cnn=1กพ|paddle=1กพ,4018,0.927,ภูเก็ต,1.0,0.727,motorcycle,3,4,False,,300,1,287,616.0
plate_05721.jpg,easyocr+cnn+tesseract+paddle,1กพ,0.9819,True,per-letter,easyocr=1กพ|cnn=1กพ|tesseract=1กพ|paddle=1กพ,4018,0.927,ภูเก็ต,1.0,0.727,motorcycle,3,4,False,,300,1,287,946.3
plate_05750.jpg,group,,0.0,False,whole crop,,,0.0,น่าน,0.508,0.0,car,1,4,True,,228,6,264,96.1
plate_05750.jpg,easyocr,ซ,0.5166,True,per-letter,,,0.0,น่าน,0.508,0.0,car,1,4,True,,228,6,264,239.5
plate_05750.jpg,cnn,ญ,0.7038,True,per-letter,,,0.0,น่าน,0.508,0.0,car,1,4,True,,228,6,264,4.1
plate_05750.jpg,tesseract,อ,0.6213,True,per-letter,,,0.0,น่าน,0.508,0.0,car,1,4,True,,228,6,264,226.7
plate_05750.jpg,paddle,น,0.3857,True,per-letter,,,0.0,น่าน,0.508,0.0,car,1,4,True,,228,6,264,108.0
plate_05750.jpg,easyocr+cnn,ญ,0.541,True,per-letter,easyocr=ซ|cnn=ญ,,0.0,น่าน,0.508,0.0,car,1,4,True,,228,6,264,243.6
plate_05750.jpg,cnn+paddle,ญ,0.6941,True,per-letter,cnn=ญ|paddle=น,,0.0,น่าน,0.508,0.0,car,1,4,True,,228,6,264,112.1
plate_05750.jpg,easyocr+cnn+paddle,ญ,0.4959,True,per-letter,easyocr=ซ|cnn=ญ|paddle=น,,0.0,น่าน,0.508,0.0,car,1,4,True,,228,6,264,351.6
plate_05750.jpg,easyocr+cnn+tesseract+paddle,ญ,0.4918,True,per-letter,easyocr=ซ|cnn=ญ|tesseract=อ|paddle=น,,0.0,น่าน,0.508,0.0,car,1,4,True,,228,6,264,578.3
plate_05752.jpg,group,ซ,0.0921,True,whole crop,,2958,0.135,เลย,0.854,0.0,motorcycle,1,3,True,,203,1,255,87.0
plate_05752.jpg,easyocr,ม,0.7334,True,per-letter,,2958,0.135,เลย,0.854,0.0,motorcycle,1,3,True,,203,1,255,182.9
plate_05752.jpg,cnn,บ,0.4519,True,per-letter,,2958,0.135,เลย,0.854,0.0,motorcycle,1,3,True,,203,1,255,1.4
plate_05752.jpg,tesseract,?,0.0,False,per-letter,,2958,0.135,เลย,0.854,0.0,motorcycle,1,3,True,,203,1,255,191.2
plate_05752.jpg,paddle,ซ,0.7771,True,per-letter,,2958,0.135,เลย,0.854,0.0,motorcycle,1,3,True,,203,1,255,81.4
plate_05752.jpg,easyocr+cnn,บ,0.378,True,per-letter,easyocr=ม|cnn=ก,2958,0.135,เลย,0.854,0.0,motorcycle,1,3,True,,203,1,255,184.3
plate_05752.jpg,cnn+paddle,ซ,0.4583,True,per-letter,cnn=ก|paddle=ซ,2958,0.135,เลย,0.854,0.0,motorcycle,1,3,True,,203,1,255,82.7
plate_05752.jpg,easyocr+cnn+paddle,ซ,0.4501,True,per-letter,easyocr=ม|cnn=ก|paddle=ซ,2958,0.135,เลย,0.854,0.0,motorcycle,1,3,True,,203,1,255,265.7
plate_05752.jpg,easyocr+cnn+tesseract+paddle,ซ,0.4496,True,per-letter,easyocr=ม|cnn=ก|tesseract=ก|paddle=ซ,2958,0.135,เลย,0.854,0.0,motorcycle,1,3,True,,203,1,255,456.8
plate_05780.jpg,group,บกล,0.5308,True,whole crop,,4056,1.0,สตูล,0.167,0.571,motorcycle,3,4,True,,241,1,278,79.8
plate_05780.jpg,easyocr,1กล,0.9985,True,per-letter,,4056,1.0,สตูล,0.167,0.571,motorcycle,3,4,True,,241,1,278,594.7
plate_05780.jpg,cnn,1กล,0.9838,True,per-letter,,4056,1.0,สตูล,0.167,0.571,motorcycle,3,4,True,,241,1,278,2.4
plate_05780.jpg,tesseract,1กล,0.997,True,per-letter,,4056,1.0,สตูล,0.167,0.571,motorcycle,3,4,True,,241,1,278,303.2
plate_05780.jpg,paddle,1กล,0.8475,True,per-letter,,4056,1.0,สตูล,0.167,0.571,motorcycle,3,4,True,,241,1,278,235.5
plate_05780.jpg,easyocr+cnn,1กล,0.9891,True,per-letter,easyocr=1กล|cnn=1กล,4056,1.0,สตูล,0.167,0.571,motorcycle,3,4,True,,241,1,278,597.1
plate_05780.jpg,cnn+paddle,1กล,0.9413,True,per-letter,cnn=1กล|paddle=1กล,4056,1.0,สตูล,0.167,0.571,motorcycle,3,4,True,,241,1,278,237.9
plate_05780.jpg,easyocr+cnn+paddle,1กล,0.9564,True,per-letter,easyocr=1กล|cnn=1กล|paddle=1กล,4056,1.0,สตูล,0.167,0.571,motorcycle,3,4,True,,241,1,278,832.6
plate_05780.jpg,easyocr+cnn+tesseract+paddle,1กล,0.9609,True,per-letter,easyocr=1กล|cnn=1กล|tesseract=1กล|paddle=1กล,4056,1.0,สตูล,0.167,0.571,motorcycle,3,4,True,,241,1,278,1135.8
plate_05782.jpg,group,1กย,0.7109,True,whole crop,,455,0.625,ภูเก็ต,1.0,0.727,motorcycle,3,3,True,,294,1,249,77.8
plate_05782.jpg,easyocr,1กย,0.9385,True,per-letter,,455,0.625,ภูเก็ต,1.0,0.727,motorcycle,3,3,True,,294,1,249,338.0
plate_05782.jpg,cnn,1กย,0.9966,True,per-letter,,455,0.625,ภูเก็ต,1.0,0.727,motorcycle,3,3,True,,294,1,249,2.7
plate_05782.jpg,tesseract,1กย,0.997,True,per-letter,,455,0.625,ภูเก็ต,1.0,0.727,motorcycle,3,3,True,,294,1,249,323.6
plate_05782.jpg,paddle,1กย,0.9918,True,per-letter,,455,0.625,ภูเก็ต,1.0,0.727,motorcycle,3,3,True,,294,1,249,251.2
plate_05782.jpg,easyocr+cnn,1กย,0.9789,True,per-letter,easyocr=1กย|cnn=1กย,455,0.625,ภูเก็ต,1.0,0.727,motorcycle,3,3,True,,294,1,249,340.7
plate_05782.jpg,cnn+paddle,1กย,0.9959,True,per-letter,cnn=1กย|paddle=1กย,455,0.625,ภูเก็ต,1.0,0.727,motorcycle,3,3,True,,294,1,249,253.9
plate_05782.jpg,easyocr+cnn+paddle,1กย,0.9828,True,per-letter,easyocr=1กย|cnn=1กย|paddle=1กย,455,0.625,ภูเก็ต,1.0,0.727,motorcycle,3,3,True,,294,1,249,591.9
plate_05782.jpg,easyocr+cnn+tesseract+paddle,1กย,0.9843,True,per-letter,easyocr=1กย|cnn=1กย|tesseract=1กย|paddle=1กย,455,0.625,ภูเก็ต,1.0,0.727,motorcycle,3,3,True,,294,1,249,915.5
plate_05784.jpg,group,,,,,,,,,,,,,,,PlateNotFound: could not find the large characters of the top line,,,,
plate_05784.jpg,easyocr,,,,,,,,,,,,,,,PlateNotFound: could not find the large characters of the top line,,,,
plate_05784.jpg,cnn,,,,,,,,,,,,,,,PlateNotFound: could not find the large characters of the top line,,,,
plate_05784.jpg,tesseract,,,,,,,,,,,,,,,PlateNotFound: could not find the large characters of the top line,,,,
plate_05784.jpg,paddle,,,,,,,,,,,,,,,PlateNotFound: could not find the large characters of the top line,,,,
plate_05784.jpg,easyocr+cnn,,,,,,,,,,,,,,,PlateNotFound: could not find the large characters of the top line,,,,
plate_05784.jpg,cnn+paddle,,,,,,,,,,,,,,,PlateNotFound: could not find the large characters of the top line,,,,
plate_05784.jpg,easyocr+cnn+paddle,,,,,,,,,,,,,,,PlateNotFound: could not find the large characters of the top line,,,,
plate_05784.jpg,easyocr+cnn+tesseract+paddle,,,,,,,,,,,,,,,PlateNotFound: could not find the large characters of the top line,,,,
plate_05792.jpg,group,จกก,0.1217,True,whole crop,,9632,1.0,กรุงเทพมหานคร,1.0,0.889,motorcycle,3,4,True,,381,2,315,83.5
plate_05792.jpg,easyocr,9กก,0.9982,True,per-letter,,9632,1.0,กรุงเทพมหานคร,1.0,0.889,motorcycle,3,4,False,,381,2,315,347.7
plate_05792.jpg,cnn,9กถ,0.9557,True,per-letter,,9632,1.0,กรุงเทพมหานคร,1.0,0.889,motorcycle,3,4,False,,381,2,315,3.7
plate_05792.jpg,tesseract,9กถ,0.9952,True,per-letter,,9632,1.0,กรุงเทพมหานคร,1.0,0.889,motorcycle,3,4,False,,381,2,315,423.3
plate_05792.jpg,paddle,9กก,0.8094,True,per-letter,,9632,1.0,กรุงเทพมหานคร,1.0,0.889,motorcycle,3,4,False,,381,2,315,241.8
plate_05792.jpg,easyocr+cnn,9กถ,0.5724,True,per-letter,easyocr=9กก|cnn=9กถ,9632,1.0,กรุงเทพมหานคร,1.0,0.889,motorcycle,3,4,True,,381,2,315,351.4
plate_05792.jpg,cnn+paddle,9กถ,0.7004,True,per-letter,cnn=9กถ|paddle=9กก,9632,1.0,กรุงเทพมหานคร,1.0,0.889,motorcycle,3,4,False,,381,2,315,245.6
plate_05792.jpg,easyocr+cnn+paddle,9กก,0.5015,True,per-letter,easyocr=9กก|cnn=9กถ|paddle=9กก,9632,1.0,กรุงเทพมหานคร,1.0,0.889,motorcycle,3,4,True,,381,2,315,593.2
plate_05792.jpg,easyocr+cnn+tesseract+paddle,9กถ,0.5305,True,per-letter,easyocr=9กก|cnn=9กถ|tesseract=9กถ|paddle=9กก,9632,1.0,กรุงเทพมหานคร,1.0,0.889,motorcycle,3,4,True,,381,2,315,1016.5
plate_05795.jpg,group,73,0.9981,True,whole crop,,106,0.993,ตาก,0.287,0.0,car,2,3,True,,218,1,247,82.9
plate_05795.jpg,easyocr,73,1.0,True,per-letter,,106,0.993,ตาก,0.287,0.0,car,2,3,True,,218,1,247,375.1
plate_05795.jpg,cnn,73,0.9995,True,per-letter,,106,0.993,ตาก,0.287,0.0,car,2,3,True,,218,1,247,2.5
plate_05795.jpg,tesseract,73,0.9998,True,per-letter,,106,0.993,ตาก,0.287,0.0,car,2,3,True,,218,1,247,207.6
plate_05795.jpg,paddle,73,0.9999,True,per-letter,,106,0.993,ตาก,0.287,0.0,car,2,3,True,,218,1,247,149.2
plate_05795.jpg,easyocr+cnn,73,0.9997,True,per-letter,easyocr=73|cnn=73,106,0.993,ตาก,0.287,0.0,car,2,3,True,,218,1,247,377.6
plate_05795.jpg,cnn+paddle,73,0.9997,True,per-letter,cnn=73|paddle=73,106,0.993,ตาก,0.287,0.0,car,2,3,True,,218,1,247,151.6
plate_05795.jpg,easyocr+cnn+paddle,73,0.9997,True,per-letter,easyocr=73|cnn=73|paddle=73,106,0.993,ตาก,0.287,0.0,car,2,3,True,,218,1,247,526.7
plate_05795.jpg,easyocr+cnn+tesseract+paddle,73,0.9997,True,per-letter,easyocr=73|cnn=73|tesseract=73|paddle=73,106,0.993,ตาก,0.287,0.0,car,2,3,True,,218,1,247,734.3
plate_05810.jpg,group,,0.0,False,whole crop,,9,0.142,กรุงเทพมหานคร,1.0,0.636,car,1,3,True,,322,6,238,80.8
plate_05810.jpg,easyocr,ว,0.496,True,per-letter,,9,0.142,กรุงเทพมหานคร,1.0,0.636,car,1,3,True,,322,6,238,111.0
plate_05810.jpg,cnn,ก,0.7977,True,per-letter,,9,0.142,กรุงเทพมหานคร,1.0,0.636,car,1,3,True,,322,6,238,1.3
plate_05810.jpg,tesseract,?,0.0,False,per-letter,,9,0.142,กรุงเทพมหานคร,1.0,0.636,car,1,3,True,,322,6,238,105.7
plate_05810.jpg,paddle,ซ,0.6253,True,per-letter,,9,0.142,กรุงเทพมหานคร,1.0,0.636,car,1,3,True,,322,6,238,78.7
plate_05810.jpg,easyocr+cnn,ก,0.7195,True,per-letter,easyocr=ว|cnn=ก,9,0.142,กรุงเทพมหานคร,1.0,0.636,car,1,3,True,,322,6,238,112.3
plate_05810.jpg,cnn+paddle,ก,0.6434,True,per-letter,cnn=ก|paddle=ซ,9,0.142,กรุงเทพมหานคร,1.0,0.636,car,1,3,True,,322,6,238,80.0
plate_05810.jpg,easyocr+cnn+paddle,ก,0.601,True,per-letter,easyocr=ว|cnn=ก|paddle=ซ,9,0.142,กรุงเทพมหานคร,1.0,0.636,car,1,3,True,,322,6,238,191.0
plate_05810.jpg,easyocr+cnn+tesseract+paddle,ก,0.5947,True,per-letter,easyocr=ว|cnn=ก|tesseract=ก|paddle=ซ,9,0.142,กรุงเทพมหานคร,1.0,0.636,car,1,3,True,,322,6,238,296.8
plate_05821.jpg,group,บกล,0.3197,True,whole crop,,5682,0.995,น่าน,0.481,0.0,motorcycle,3,4,True,,223,18,268,85.9
plate_05821.jpg,easyocr,1กค,0.6926,True,per-letter,,5682,0.995,น่าน,0.481,0.0,motorcycle,3,4,True,,223,18,268,414.6
plate_05821.jpg,cnn,1กล,0.9867,True,per-letter,,5682,0.995,น่าน,0.481,0.0,motorcycle,3,4,True,,223,18,268,12.2
plate_05821.jpg,tesseract,1กล,0.9836,True,per-letter,,5682,0.995,น่าน,0.481,0.0,motorcycle,3,4,True,,223,18,268,272.0
plate_05821.jpg,paddle,1กล,0.781,True,per-letter,,5682,0.995,น่าน,0.481,0.0,motorcycle,3,4,True,,223,18,268,237.9
plate_05821.jpg,easyocr+cnn,1กล,0.876,True,per-letter,easyocr=1กค|cnn=1กล,5682,0.995,น่าน,0.481,0.0,motorcycle,3,4,True,,223,18,268,426.8
plate_05821.jpg,cnn+paddle,1กล,0.9298,True,per-letter,cnn=1กล|paddle=1กล,5682,0.995,น่าน,0.481,0.0,motorcycle,3,4,True,,223,18,268,250.1
plate_05821.jpg,easyocr+cnn+paddle,1กล,0.858,True,per-letter,easyocr=1กค|cnn=1กล|paddle=1กล,5682,0.995,น่าน,0.481,0.0,motorcycle,3,4,True,,223,18,268,664.7
plate_05821.jpg,easyocr+cnn+tesseract+paddle,1กล,0.8682,True,per-letter,easyocr=1กค|cnn=1กล|tesseract=1กล|paddle=1กล,5682,0.995,น่าน,0.481,0.0,motorcycle,3,4,True,,223,18,268,936.6
plate_05825.jpg,group,1กธ,0.2811,True,whole crop,,2209,0.999,ภูเก็ต,0.996,0.25,motorcycle,3,4,True,,300,1,289,86.4
plate_05825.jpg,easyocr,1กธ,0.9961,True,per-letter,,2209,0.999,ภูเก็ต,0.996,0.25,motorcycle,3,4,True,,300,1,289,408.1
plate_05825.jpg,cnn,1กธ,0.9925,True,per-letter,,2209,0.999,ภูเก็ต,0.996,0.25,motorcycle,3,4,True,,300,1,289,2.2
plate_05825.jpg,tesseract,1กธ,0.9945,True,per-letter,,2209,0.999,ภูเก็ต,0.996,0.25,motorcycle,3,4,True,,300,1,289,341.0
plate_05825.jpg,paddle,1กธ,0.9755,True,per-letter,,2209,0.999,ภูเก็ต,0.996,0.25,motorcycle,3,4,True,,300,1,289,235.2
plate_05825.jpg,easyocr+cnn,1กธ,0.9936,True,per-letter,easyocr=1กธ|cnn=1กธ,2209,0.999,ภูเก็ต,0.996,0.25,motorcycle,3,4,True,,300,1,289,410.3
plate_05825.jpg,cnn+paddle,1กธ,0.9878,True,per-letter,cnn=1กธ|paddle=1กธ,2209,0.999,ภูเก็ต,0.996,0.25,motorcycle,3,4,True,,300,1,289,237.4
plate_05825.jpg,easyocr+cnn+paddle,1กธ,0.9909,True,per-letter,easyocr=1กธ|cnn=1กธ|paddle=1กธ,2209,0.999,ภูเก็ต,0.996,0.25,motorcycle,3,4,True,,300,1,289,645.5
plate_05825.jpg,easyocr+cnn+tesseract+paddle,1กธ,0.9912,True,per-letter,easyocr=1กธ|cnn=1กธ|tesseract=1กธ|paddle=1กธ,2209,0.999,ภูเก็ต,0.996,0.25,motorcycle,3,4,True,,300,1,289,986.5
plate_05826.jpg,group,1กค,0.4762,True,whole crop,,3566,0.919,ภูเก็ต,1.0,0.667,motorcycle,3,4,True,,521,1,362,83.2
plate_05826.jpg,easyocr,งกค,0.433,True,per-letter,,3566,0.919,ภูเก็ต,1.0,0.667,motorcycle,3,4,True,,521,1,362,438.1
plate_05826.jpg,cnn,1กค,0.7192,True,per-letter,,3566,0.919,ภูเก็ต,1.0,0.667,motorcycle,3,4,False,,521,1,362,3.7
plate_05826.jpg,tesseract,1กว,0.9517,True,per-letter,,3566,0.919,ภูเก็ต,1.0,0.667,motorcycle,3,4,False,,521,1,362,314.5
plate_05826.jpg,paddle,ซกค,0.5254,True,per-letter,,3566,0.919,ภูเก็ต,1.0,0.667,motorcycle,3,4,True,,521,1,362,238.4
plate_05826.jpg,easyocr+cnn,1กค,0.676,True,per-letter,easyocr=งกค|cnn=1กค,3566,0.919,ภูเก็ต,1.0,0.667,motorcycle,3,4,True,,521,1,362,441.7
plate_05826.jpg,cnn+paddle,1กค,0.5719,True,per-letter,cnn=1กค|paddle=ซกค,3566,0.919,ภูเก็ต,1.0,0.667,motorcycle,3,4,True,,521,1,362,242.1
plate_05826.jpg,easyocr+cnn+paddle,1กค,0.5689,True,per-letter,easyocr=งกค|cnn=1กค|paddle=ซกค,3566,0.919,ภูเก็ต,1.0,0.667,motorcycle,3,4,True,,521,1,362,680.2
plate_05826.jpg,easyocr+cnn+tesseract+paddle,1กค,0.5931,True,per-letter,easyocr=งกค|cnn=1กค|tesseract=1กว|paddle=ซกค,3566,0.919,ภูเก็ต,1.0,0.667,motorcycle,3,4,True,,521,1,362,994.7
plate_05831.jpg,group,กง,0.2694,True,whole crop,,25,0.797,เลย,0.851,0.0,motorcycle,4,3,True,,443,1,240,79.2
plate_05831.jpg,easyocr,กง,0.2694,True,"whole crop, fallback",,25,0.797,เลย,0.851,0.0,motorcycle,4,3,True,,443,1,240,79.2
plate_05831.jpg,cnn,กง,0.2694,True,"whole crop, fallback",,25,0.797,เลย,0.851,0.0,motorcycle,4,3,True,,443,1,240,79.2
plate_05831.jpg,tesseract,กง,0.2694,True,"whole crop, fallback",,25,0.797,เลย,0.851,0.0,motorcycle,4,3,True,,443,1,240,79.2
plate_05831.jpg,paddle,กง,0.2694,True,"whole crop, fallback",,25,0.797,เลย,0.851,0.0,motorcycle,4,3,True,,443,1,240,79.2
plate_05831.jpg,easyocr+cnn,กง,0.2694,True,"whole crop, fallback",,25,0.797,เลย,0.851,0.0,motorcycle,4,3,True,,443,1,240,79.2
plate_05831.jpg,cnn+paddle,กง,0.2694,True,"whole crop, fallback",,25,0.797,เลย,0.851,0.0,motorcycle,4,3,True,,443,1,240,79.2
plate_05831.jpg,easyocr+cnn+paddle,กง,0.2694,True,"whole crop, fallback",,25,0.797,เลย,0.851,0.0,motorcycle,4,3,True,,443,1,240,79.2
plate_05831.jpg,easyocr+cnn+tesseract+paddle,กง,0.2694,True,"whole crop, fallback",,25,0.797,เลย,0.851,0.0,motorcycle,4,3,True,,443,1,240,79.2
plate_05832.jpg,group,1กม,0.3907,True,whole crop,,3134,1.0,ภูเก็ต,1.0,0.727,motorcycle,3,4,True,,269,1,296,84.5
plate_05832.jpg,easyocr,1กม,0.9991,True,per-letter,,3134,1.0,ภูเก็ต,1.0,0.727,motorcycle,3,4,False,,269,1,296,341.7
plate_05832.jpg,cnn,1กม,0.9952,True,per-letter,,3134,1.0,ภูเก็ต,1.0,0.727,motorcycle,3,4,False,,269,1,296,2.3
plate_05832.jpg,tesseract,1กม,0.9948,True,per-letter,,3134,1.0,ภูเก็ต,1.0,0.727,motorcycle,3,4,False,,269,1,296,391.2
plate_05832.jpg,paddle,1กม,0.9977,True,per-letter,,3134,1.0,ภูเก็ต,1.0,0.727,motorcycle,3,4,False,,269,1,296,241.3
plate_05832.jpg,easyocr+cnn,1กม,0.9963,True,per-letter,easyocr=1กม|cnn=1กม,3134,1.0,ภูเก็ต,1.0,0.727,motorcycle,3,4,False,,269,1,296,344.0
plate_05832.jpg,cnn+paddle,1กม,0.9963,True,per-letter,cnn=1กม|paddle=1กม,3134,1.0,ภูเก็ต,1.0,0.727,motorcycle,3,4,False,,269,1,296,243.6
plate_05832.jpg,easyocr+cnn+paddle,1กม,0.9968,True,per-letter,easyocr=1กม|cnn=1กม|paddle=1กม,3134,1.0,ภูเก็ต,1.0,0.727,motorcycle,3,4,False,,269,1,296,585.3
plate_05832.jpg,easyocr+cnn+tesseract+paddle,1กม,0.9968,True,per-letter,easyocr=1กม|cnn=1กม|tesseract=1กม|paddle=1กม,3134,1.0,ภูเก็ต,1.0,0.727,motorcycle,3,4,False,,269,1,296,976.5
plate_05846.jpg,group,1กต,0.5753,True,whole crop,,,0.0,หนองบัวลำภู,1.0,0.636,car,3,1,True,,173,10,285,98.8
plate_05846.jpg,easyocr,1กต,0.9998,True,per-letter,,,0.0,หนองบัวลำภู,1.0,0.636,car,3,1,True,,173,10,285,367.5
plate_05846.jpg,cnn,1กต,0.9957,True,per-letter,,,0.0,หนองบัวลำภู,1.0,0.636,car,3,1,True,,173,10,285,2.8
plate_05846.jpg,tesseract,1กต,0.994,True,per-letter,,,0.0,หนองบัวลำภู,1.0,0.636,car,3,1,True,,173,10,285,564.1
plate_05846.jpg,paddle,1กต,0.7037,True,per-letter,,,0.0,หนองบัวลำภู,1.0,0.636,car,3,1,True,,173,10,285,286.6
plate_05846.jpg,easyocr+cnn,1กต,0.9971,True,per-letter,easyocr=1กต|cnn=1กต,,0.0,หนองบัวลำภู,1.0,0.636,car,3,1,True,,173,10,285,370.3
plate_05846.jpg,cnn+paddle,1กต,0.9116,True,per-letter,cnn=1กต|paddle=1กต,,0.0,หนองบัวลำภู,1.0,0.636,car,3,1,True,,173,10,285,289.4
plate_05846.jpg,easyocr+cnn+paddle,1กต,0.9349,True,per-letter,easyocr=1กต|cnn=1กต|paddle=1กต,,0.0,หนองบัวลำภู,1.0,0.636,car,3,1,True,,173,10,285,656.9
plate_05846.jpg,easyocr+cnn+tesseract+paddle,1กต,0.9414,True,per-letter,easyocr=1กต|cnn=1กต|tesseract=1กต|paddle=1กต,,0.0,หนองบัวลำภู,1.0,0.636,car,3,1,True,,173,10,285,1220.9
plate_05884.jpg,group,1กต,0.6086,True,whole crop,,1198,0.999,ภูเก็ต,1.0,0.2,motorcycle,3,4,True,,335,1,278,82.8
plate_05884.jpg,easyocr,1กด,0.7264,True,per-letter,,1198,0.999,ภูเก็ต,1.0,0.2,motorcycle,3,4,True,,335,1,278,399.8
plate_05884.jpg,cnn,1กต,0.9475,True,per-letter,,1198,0.999,ภูเก็ต,1.0,0.2,motorcycle,3,4,True,,335,1,278,3.0
plate_05884.jpg,tesseract,1กด,0.9905,True,per-letter,,1198,0.999,ภูเก็ต,1.0,0.2,motorcycle,3,4,True,,335,1,278,309.9
plate_05884.jpg,paddle,1กด,0.7618,True,per-letter,,1198,0.999,ภูเก็ต,1.0,0.2,motorcycle,3,4,True,,335,1,278,242.4
plate_05884.jpg,easyocr+cnn,1กต,0.7445,True,per-letter,easyocr=1กด|cnn=1กต,1198,0.999,ภูเก็ต,1.0,0.2,motorcycle,3,4,True,,335,1,278,402.7
plate_05884.jpg,cnn+paddle,1กต,0.736,True,per-letter,cnn=1กต|paddle=1กด,1198,0.999,ภูเก็ต,1.0,0.2,motorcycle,3,4,True,,335,1,278,245.4
plate_05884.jpg,easyocr+cnn+paddle,1กต,0.6283,True,per-letter,easyocr=1กด|cnn=1กต|paddle=1กด,1198,0.999,ภูเก็ต,1.0,0.2,motorcycle,3,4,True,,335,1,278,645.2
plate_05884.jpg,easyocr+cnn+tesseract+paddle,1กต,0.5741,True,per-letter,easyocr=1กด|cnn=1กต|tesseract=1กด|paddle=1กด,1198,0.999,ภูเก็ต,1.0,0.2,motorcycle,3,4,True,,335,1,278,955.1
plate_05887.jpg,group,1กย,0.5133,True,whole crop,,972,1.0,ภูเก็ต,1.0,0.833,motorcycle,3,3,True,,234,1,248,80.1
plate_05887.jpg,easyocr,1กย,0.9999,True,per-letter,,972,1.0,ภูเก็ต,1.0,0.833,motorcycle,3,3,False,,234,1,248,627.8
plate_05887.jpg,cnn,1กย,0.997,True,per-letter,,972,1.0,ภูเก็ต,1.0,0.833,motorcycle,3,3,False,,234,1,248,3.8
plate_05887.jpg,tesseract,1กย,0.9973,True,per-letter,,972,1.0,ภูเก็ต,1.0,0.833,motorcycle,3,3,False,,234,1,248,311.6
plate_05887.jpg,paddle,1กย,0.9983,True,per-letter,,972,1.0,ภูเก็ต,1.0,0.833,motorcycle,3,3,False,,234,1,248,235.4
plate_05887.jpg,easyocr+cnn,1กย,0.998,True,per-letter,easyocr=1กย|cnn=1กย,972,1.0,ภูเก็ต,1.0,0.833,motorcycle,3,3,False,,234,1,248,631.6
plate_05887.jpg,cnn+paddle,1กย,0.9979,True,per-letter,cnn=1กย|paddle=1กย,972,1.0,ภูเก็ต,1.0,0.833,motorcycle,3,3,False,,234,1,248,239.2
plate_05887.jpg,easyocr+cnn+paddle,1กย,0.9984,True,per-letter,easyocr=1กย|cnn=1กย|paddle=1กย,972,1.0,ภูเก็ต,1.0,0.833,motorcycle,3,3,False,,234,1,248,867.0
plate_05887.jpg,easyocr+cnn+tesseract+paddle,1กย,0.9983,True,per-letter,easyocr=1กย|cnn=1กย|tesseract=1กย|paddle=1กย,972,1.0,ภูเก็ต,1.0,0.833,motorcycle,3,3,False,,234,1,248,1178.7
plate_05897.jpg,group,บกง,0.3697,True,whole crop,,7237,0.993,บึงกาฬ,1.0,0.615,motorcycle,3,4,True,,314,1,282,81.9
plate_05897.jpg,easyocr,1กง,0.9903,True,per-letter,,7237,0.993,บึงกาฬ,1.0,0.615,motorcycle,3,4,False,,314,1,282,432.6
plate_05897.jpg,cnn,1กง,0.9823,True,per-letter,,7237,0.993,บึงกาฬ,1.0,0.615,motorcycle,3,4,False,,314,1,282,4.2
plate_05897.jpg,tesseract,1กง,0.9915,True,per-letter,,7237,0.993,บึงกาฬ,1.0,0.615,motorcycle,3,4,False,,314,1,282,320.9
plate_05897.jpg,paddle,1กง,0.9554,True,per-letter,,7237,0.993,บึงกาฬ,1.0,0.615,motorcycle,3,4,False,,314,1,282,245.4
plate_05897.jpg,easyocr+cnn,1กง,0.9856,True,per-letter,easyocr=1กง|cnn=1กง,7237,0.993,บึงกาฬ,1.0,0.615,motorcycle,3,4,False,,314,1,282,436.8
plate_05897.jpg,cnn+paddle,1กง,0.976,True,per-letter,cnn=1กง|paddle=1กง,7237,0.993,บึงกาฬ,1.0,0.615,motorcycle,3,4,False,,314,1,282,249.6
plate_05897.jpg,easyocr+cnn+paddle,1กง,0.9801,True,per-letter,easyocr=1กง|cnn=1กง|paddle=1กง,7237,0.993,บึงกาฬ,1.0,0.615,motorcycle,3,4,False,,314,1,282,682.2
plate_05897.jpg,easyocr+cnn+tesseract+paddle,1กง,0.9814,True,per-letter,easyocr=1กง|cnn=1กง|tesseract=1กง|paddle=1กง,7237,0.993,บึงกาฬ,1.0,0.615,motorcycle,3,4,False,,314,1,282,1003.1
plate_05908.jpg,group,1กผ,0.584,True,whole crop,,1076,0.999,ขอนแก่น,1.0,0.833,motorcycle,3,3,True,,242,1,389,84.6
plate_05908.jpg,easyocr,1กผ,0.9386,True,per-letter,,1076,0.999,ขอนแก่น,1.0,0.833,motorcycle,3,3,True,,242,1,389,644.2
plate_05908.jpg,cnn,1กผ,0.7322,True,per-letter,,1076,0.999,ขอนแก่น,1.0,0.833,motorcycle,3,3,True,,242,1,389,8.0
plate_05908.jpg,tesseract,7กฒ,0.7924,True,per-letter,,1076,0.999,ขอนแก่น,1.0,0.833,motorcycle,3,3,True,,242,1,389,406.0
plate_05908.jpg,paddle,1กผ,0.862,True,per-letter,,1076,0.999,ขอนแก่น,1.0,0.833,motorcycle,3,3,True,,242,1,389,301.8
plate_05908.jpg,easyocr+cnn,1กผ,0.8281,True,per-letter,easyocr=1กผ|cnn=1กผ,1076,0.999,ขอนแก่น,1.0,0.833,motorcycle,3,3,True,,242,1,389,652.2
plate_05908.jpg,cnn+paddle,1กผ,0.8105,True,per-letter,cnn=1กผ|paddle=1กผ,1076,0.999,ขอนแก่น,1.0,0.833,motorcycle,3,3,True,,242,1,389,309.8
plate_05908.jpg,easyocr+cnn+paddle,1กผ,0.8498,True,per-letter,easyocr=1กผ|cnn=1กผ|paddle=1กผ,1076,0.999,ขอนแก่น,1.0,0.833,motorcycle,3,3,True,,242,1,389,954.0
plate_05908.jpg,easyocr+cnn+tesseract+paddle,1กผ,0.774,True,per-letter,easyocr=1กผ|cnn=1กผ|tesseract=77ฒ|paddle=1กผ,1076,0.999,ขอนแก่น,1.0,0.833,motorcycle,3,3,True,,242,1,389,1360.1
plate_05912.jpg,group,ก,0.8038,True,whole crop,,60,0.765,ขอนแก่น,0.999,0.4,motorcycle,1,2,True,,235,1,250,80.7
plate_05912.jpg,easyocr,ก,0.9998,True,per-letter,,60,0.765,ขอนแก่น,0.999,0.4,motorcycle,1,2,True,,235,1,250,178.5
plate_05912.jpg,cnn,ก,0.9902,True,per-letter,,60,0.765,ขอนแก่น,0.999,0.4,motorcycle,1,2,True,,235,1,250,1.5
plate_05912.jpg,tesseract,ก,0.9979,True,per-letter,,60,0.765,ขอนแก่น,0.999,0.4,motorcycle,1,2,True,,235,1,250,79.2
plate_05912.jpg,paddle,ก,0.8082,True,per-letter,,60,0.765,ขอนแก่น,0.999,0.4,motorcycle,1,2,True,,235,1,250,79.1
plate_05912.jpg,easyocr+cnn,ก,0.9935,True,per-letter,easyocr=ก|cnn=ก,60,0.765,ขอนแก่น,0.999,0.4,motorcycle,1,2,True,,235,1,250,180.0
plate_05912.jpg,cnn+paddle,ก,0.9328,True,per-letter,cnn=ก|paddle=ก,60,0.765,ขอนแก่น,0.999,0.4,motorcycle,1,2,True,,235,1,250,80.6
plate_05912.jpg,easyocr+cnn+paddle,ก,0.9504,True,per-letter,easyocr=ก|cnn=ก|paddle=ก,60,0.765,ขอนแก่น,0.999,0.4,motorcycle,1,2,True,,235,1,250,259.1
plate_05912.jpg,easyocr+cnn+tesseract+paddle,ก,0.9555,True,per-letter,easyocr=ก|cnn=ก|tesseract=ก|paddle=ก,60,0.765,ขอนแก่น,0.999,0.4,motorcycle,1,2,True,,235,1,250,338.4
plate_05946.jpg,group,5ขฮ,0.405,True,whole crop,,9991,0.997,กรุงเทพมหานคร,1.0,0.846,motorcycle,3,4,True,,286,1,314,80.5
plate_05946.jpg,easyocr,5ขฮ,0.9984,True,per-letter,,9991,0.997,กรุงเทพมหานคร,1.0,0.846,motorcycle,3,4,False,,286,1,314,577.1
plate_05946.jpg,cnn,5ขฮ,0.9749,True,per-letter,,9991,0.997,กรุงเทพมหานคร,1.0,0.846,motorcycle,3,4,False,,286,1,314,7.0
plate_05946.jpg,tesseract,5ขฮ,0.9951,True,per-letter,,9991,0.997,กรุงเทพมหานคร,1.0,0.846,motorcycle,3,4,False,,286,1,314,259.1
plate_05946.jpg,paddle,5ซฮ,0.6191,True,per-letter,,9991,0.997,กรุงเทพมหานคร,1.0,0.846,motorcycle,3,4,True,,286,1,314,241.6
plate_05946.jpg,easyocr+cnn,5ขฮ,0.9833,True,per-letter,easyocr=5ขฮ|cnn=5ขฮ,9991,0.997,กรุงเทพมหานคร,1.0,0.846,motorcycle,3,4,False,,286,1,314,584.1
plate_05946.jpg,cnn+paddle,5ขฮ,0.585,True,per-letter,cnn=5ขฮ|paddle=5ซซ,9991,0.997,กรุงเทพมหานคร,1.0,0.846,motorcycle,3,4,True,,286,1,314,248.6
plate_05946.jpg,easyocr+cnn+paddle,5ขฮ,0.6876,True,per-letter,easyocr=5ขฮ|cnn=5ขฮ|paddle=5ซซ,9991,0.997,กรุงเทพมหานคร,1.0,0.846,motorcycle,3,4,True,,286,1,314,825.7
plate_05946.jpg,easyocr+cnn+tesseract+paddle,5ขฮ,0.7159,True,per-letter,easyocr=5ขฮ|cnn=5ขฮ|tesseract=5ขฮ|paddle=5ซซ,9991,0.997,กรุงเทพมหานคร,1.0,0.846,motorcycle,3,4,False,,286,1,314,1084.8
plate_05947.jpg,group,2กง,0.4475,True,whole crop,,8660,1.0,สุราษฎร์ธานี,1.0,0.75,motorcycle,3,4,True,,340,1,276,79.9
plate_05947.jpg,easyocr,2กง,0.9999,True,per-letter,,8660,1.0,สุราษฎร์ธานี,1.0,0.75,motorcycle,3,4,False,,340,1,276,855.9
plate_05947.jpg,cnn,2กง,0.9947,True,per-letter,,8660,1.0,สุราษฎร์ธานี,1.0,0.75,motorcycle,3,4,False,,340,1,276,2.9
plate_05947.jpg,tesseract,2กง,0.9979,True,per-letter,,8660,1.0,สุราษฎร์ธานี,1.0,0.75,motorcycle,3,4,False,,340,1,276,236.9
plate_05947.jpg,paddle,2ทง,0.5999,True,per-letter,,8660,1.0,สุราษฎร์ธานี,1.0,0.75,motorcycle,3,4,True,,340,1,276,230.1
plate_05947.jpg,easyocr+cnn,2กง,0.9965,True,per-letter,easyocr=2กง|cnn=2กง,8660,1.0,สุราษฎร์ธานี,1.0,0.75,motorcycle,3,4,False,,340,1,276,858.8
plate_05947.jpg,cnn+paddle,2กง,0.7939,True,per-letter,cnn=2กง|paddle=2ทง,8660,1.0,สุราษฎร์ธานี,1.0,0.75,motorcycle,3,4,False,,340,1,276,233.1
plate_05947.jpg,easyocr+cnn+paddle,2กง,0.8474,True,per-letter,easyocr=2กง|cnn=2กง|paddle=2ทง,8660,1.0,สุราษฎร์ธานี,1.0,0.75,motorcycle,3,4,False,,340,1,276,1089.0
plate_05947.jpg,easyocr+cnn+tesseract+paddle,2กง,0.8641,True,per-letter,easyocr=2กง|cnn=2กง|tesseract=2กง|paddle=2ทง,8660,1.0,สุราษฎร์ธานี,1.0,0.75,motorcycle,3,4,False,,340,1,276,1325.8
plate_05951.jpg,group,2ม,0.197,True,whole crop,,668,0.327,ภูเก็ต,1.0,0.833,motorcycle,3,3,True,,328,1,269,77.3
plate_05951.jpg,easyocr,ขมล,0.6345,True,per-letter,,668,0.327,ภูเก็ต,1.0,0.833,motorcycle,3,3,True,,328,1,269,669.6
plate_05951.jpg,cnn,ขมฉ,0.9454,True,per-letter,,668,0.327,ภูเก็ต,1.0,0.833,motorcycle,3,3,True,,328,1,269,4.8
plate_05951.jpg,tesseract,ยมก,0.5715,True,per-letter,,668,0.327,ภูเก็ต,1.0,0.833,motorcycle,3,3,True,,328,1,269,329.3
plate_05951.jpg,paddle,2มซ,0.5969,True,per-letter,,668,0.327,ภูเก็ต,1.0,0.833,motorcycle,3,3,True,,328,1,269,222.8
plate_05951.jpg,easyocr+cnn,ขมฉ,0.7437,True,per-letter,easyocr=ขมล|cnn=ขมฉ,668,0.327,ภูเก็ต,1.0,0.833,motorcycle,3,3,True,,328,1,269,674.4
plate_05951.jpg,cnn+paddle,ขมฉ,0.5279,True,per-letter,cnn=ขมฉ|paddle=2มซ,668,0.327,ภูเก็ต,1.0,0.833,motorcycle,3,3,True,,328,1,269,227.6
plate_05951.jpg,easyocr+cnn+paddle,ขมฉ,0.4966,True,per-letter,easyocr=ขมล|cnn=ขมฉ|paddle=2มซ,668,0.327,ภูเก็ต,1.0,0.833,motorcycle,3,3,True,,328,1,269,897.2
plate_05951.jpg,easyocr+cnn+tesseract+paddle,ขมฉ,0.4945,True,per-letter,easyocr=ขมล|cnn=ขมฉ|tesseract=ยม1|paddle=2มซ,668,0.327,ภูเก็ต,1.0,0.833,motorcycle,3,3,True,,328,1,269,1226.4
plate_05955.jpg,group,1รง,0.1702,True,whole crop,,38,0.241,สุราษฎร์ธานี,1.0,0.88,motorcycle,3,2,True,,198,1,238,77.7
plate_05955.jpg,easyocr,ตรง,0.3706,True,per-letter,,38,0.241,สุราษฎร์ธานี,1.0,0.88,motorcycle,3,2,True,,198,1,238,614.7
plate_05955.jpg,cnn,ลธง,0.3802,True,per-letter,,38,0.241,สุราษฎร์ธานี,1.0,0.88,motorcycle,3,2,True,,198,1,238,2.3
plate_05955.jpg,tesseract,ต?ง,0.0,False,per-letter,,38,0.241,สุราษฎร์ธานี,1.0,0.88,motorcycle,3,2,True,,198,1,238,293.3
plate_05955.jpg,paddle,คซซ,0.2756,True,per-letter,,38,0.241,สุราษฎร์ธานี,1.0,0.88,motorcycle,3,2,True,,198,1,238,239.1
plate_05955.jpg,easyocr+cnn,ตธง,0.4086,True,per-letter,easyocr=ตฐง|cnn=ล50,38,0.241,สุราษฎร์ธานี,1.0,0.88,motorcycle,3,2,True,,198,1,238,617.0
plate_05955.jpg,cnn+paddle,คธง,0.2077,True,per-letter,cnn=ล50|paddle=คซซ,38,0.241,สุราษฎร์ธานี,1.0,0.88,motorcycle,3,2,True,,198,1,238,241.3
plate_05955.jpg,easyocr+cnn+paddle,ตธง,0.2218,True,per-letter,easyocr=ตฐง|cnn=ล50|paddle=คซซ,38,0.241,สุราษฎร์ธานี,1.0,0.88,motorcycle,3,2,True,,198,1,238,856.1
plate_05955.jpg,easyocr+cnn+tesseract+paddle,ตธง,0.2566,True,per-letter,easyocr=ตฐง|cnn=ล50|tesseract=ตกง|paddle=คซซ,38,0.241,สุราษฎร์ธานี,1.0,0.88,motorcycle,3,2,True,,198,1,238,1149.3
plate_05970.jpg,group,1กด,0.5615,True,whole crop,,1510,0.984,ลำปาง,1.0,0.6,motorcycle,3,4,True,,177,1,270,77.4
plate_05970.jpg,easyocr,1กด,0.9932,True,per-letter,,1510,0.984,ลำปาง,1.0,0.6,motorcycle,3,4,False,,177,1,270,569.9
plate_05970.jpg,cnn,1กด,0.9579,True,per-letter,,1510,0.984,ลำปาง,1.0,0.6,motorcycle,3,4,False,,177,1,270,2.3
plate_05970.jpg,tesseract,1กด,0.9934,True,per-letter,,1510,0.984,ลำปาง,1.0,0.6,motorcycle,3,4,False,,177,1,270,269.7
plate_05970.jpg,paddle,1กด,0.9989,True,per-letter,,1510,0.984,ลำปาง,1.0,0.6,motorcycle,3,4,False,,177,1,270,238.8
plate_05970.jpg,easyocr+cnn,1กด,0.97,True,per-letter,easyocr=1กด|cnn=1กด,1510,0.984,ลำปาง,1.0,0.6,motorcycle,3,4,False,,177,1,270,572.2
plate_05970.jpg,cnn+paddle,1กด,0.9722,True,per-letter,cnn=1กด|paddle=1กด,1510,0.984,ลำปาง,1.0,0.6,motorcycle,3,4,False,,177,1,270,241.1
plate_05970.jpg,easyocr+cnn+paddle,1กด,0.9776,True,per-letter,easyocr=1กด|cnn=1กด|paddle=1กด,1510,0.984,ลำปาง,1.0,0.6,motorcycle,3,4,False,,177,1,270,811.0
plate_05970.jpg,easyocr+cnn+tesseract+paddle,1กด,0.9789,True,per-letter,easyocr=1กด|cnn=1กด|tesseract=1กด|paddle=1กด,1510,0.984,ลำปาง,1.0,0.6,motorcycle,3,4,False,,177,1,270,1080.7
plate_05975.jpg,group,บกล,0.5554,True,whole crop,,2169,0.999,สุพรรณบุรี,1.0,0.429,motorcycle,3,4,True,,306,1,278,75.2
plate_05975.jpg,easyocr,1กล,0.9997,True,per-letter,,2169,0.999,สุพรรณบุรี,1.0,0.429,motorcycle,3,4,True,,306,1,278,737.4
plate_05975.jpg,cnn,1กล,0.9749,True,per-letter,,2169,0.999,สุพรรณบุรี,1.0,0.429,motorcycle,3,4,True,,306,1,278,2.5
plate_05975.jpg,tesseract,1กล,0.997,True,per-letter,,2169,0.999,สุพรรณบุรี,1.0,0.429,motorcycle,3,4,True,,306,1,278,407.7
plate_05975.jpg,paddle,1กส,0.5077,True,per-letter,,2169,0.999,สุพรรณบุรี,1.0,0.429,motorcycle,3,4,True,,306,1,278,221.0
plate_05975.jpg,easyocr+cnn,1กล,0.9839,True,per-letter,easyocr=1กล|cnn=1กล,2169,0.999,สุพรรณบุรี,1.0,0.429,motorcycle,3,4,True,,306,1,278,740.0
plate_05975.jpg,cnn+paddle,1กล,0.8292,True,per-letter,cnn=1กล|paddle=1กส,2169,0.999,สุพรรณบุรี,1.0,0.429,motorcycle,3,4,True,,306,1,278,223.5
plate_05975.jpg,easyocr+cnn+paddle,1กล,0.8793,True,per-letter,easyocr=1กล|cnn=1กล|paddle=1กส,2169,0.999,สุพรรณบุรี,1.0,0.429,motorcycle,3,4,True,,306,1,278,961.0
plate_05975.jpg,easyocr+cnn+tesseract+paddle,1กล,0.8938,True,per-letter,easyocr=1กล|cnn=1กล|tesseract=1กล|paddle=1กส,2169,0.999,สุพรรณบุรี,1.0,0.429,motorcycle,3,4,True,,306,1,278,1368.6
plate_05979.jpg,group,7ขช,0.3848,True,whole crop,,752,0.999,กรุงเทพมหานคร,1.0,0.75,motorcycle,4,3,True,,153,1,241,78.7
plate_05979.jpg,easyocr,7ขช,0.3848,True,"whole crop, fallback",,752,0.999,กรุงเทพมหานคร,1.0,0.75,motorcycle,4,3,True,,153,1,241,78.7
plate_05979.jpg,cnn,7ขช,0.3848,True,"whole crop, fallback",,752,0.999,กรุงเทพมหานคร,1.0,0.75,motorcycle,4,3,True,,153,1,241,78.7
plate_05979.jpg,tesseract,7ขช,0.3848,True,"whole crop, fallback",,752,0.999,กรุงเทพมหานคร,1.0,0.75,motorcycle,4,3,True,,153,1,241,78.7
plate_05979.jpg,paddle,7ขช,0.3848,True,"whole crop, fallback",,752,0.999,กรุงเทพมหานคร,1.0,0.75,motorcycle,4,3,True,,153,1,241,78.7
plate_05979.jpg,easyocr+cnn,7ขช,0.3848,True,"whole crop, fallback",,752,0.999,กรุงเทพมหานคร,1.0,0.75,motorcycle,4,3,True,,153,1,241,78.7
plate_05979.jpg,cnn+paddle,7ขช,0.3848,True,"whole crop, fallback",,752,0.999,กรุงเทพมหานคร,1.0,0.75,motorcycle,4,3,True,,153,1,241,78.7
plate_05979.jpg,easyocr+cnn+paddle,7ขช,0.3848,True,"whole crop, fallback",,752,0.999,กรุงเทพมหานคร,1.0,0.75,motorcycle,4,3,True,,153,1,241,78.7
plate_05979.jpg,easyocr+cnn+tesseract+paddle,7ขช,0.3848,True,"whole crop, fallback",,752,0.999,กรุงเทพมหานคร,1.0,0.75,motorcycle,4,3,True,,153,1,241,78.7
plate_05999.jpg,group,1กส,0.8112,True,whole crop,,7237,0.922,ภูเก็ต,1.0,0.833,motorcycle,3,4,False,,249,1,285,80.3
plate_05999.jpg,easyocr,1กส,0.9999,True,per-letter,,7237,0.922,ภูเก็ต,1.0,0.833,motorcycle,3,4,False,,249,1,285,398.6
plate_05999.jpg,cnn,1กส,0.9944,True,per-letter,,7237,0.922,ภูเก็ต,1.0,0.833,motorcycle,3,4,False,,249,1,285,3.8
plate_05999.jpg,tesseract,1กส,0.9956,True,per-letter,,7237,0.922,ภูเก็ต,1.0,0.833,motorcycle,3,4,False,,249,1,285,243.0
plate_05999.jpg,paddle,1กส,0.9954,True,per-letter,,7237,0.922,ภูเก็ต,1.0,0.833,motorcycle,3,4,False,,249,1,285,227.1
plate_05999.jpg,easyocr+cnn,1กส,0.9963,True,per-letter,easyocr=1กส|cnn=1กส,7237,0.922,ภูเก็ต,1.0,0.833,motorcycle,3,4,False,,249,1,285,402.5
plate_05999.jpg,cnn+paddle,1กส,0.9958,True,per-letter,cnn=1กส|paddle=1กส,7237,0.922,ภูเก็ต,1.0,0.833,motorcycle,3,4,False,,249,1,285,230.9
plate_05999.jpg,easyocr+cnn+paddle,1กส,0.9969,True,per-letter,easyocr=1กส|cnn=1กส|paddle=1กส,7237,0.922,ภูเก็ต,1.0,0.833,motorcycle,3,4,False,,249,1,285,629.5
plate_05999.jpg,easyocr+cnn+tesseract+paddle,1กส,0.9968,True,per-letter,easyocr=1กส|cnn=1กส|tesseract=1กส|paddle=1กส,7237,0.922,ภูเก็ต,1.0,0.833,motorcycle,3,4,False,,249,1,285,872.5
plate_06002.jpg,group,1กม,0.4977,True,whole crop,,1552,0.999,ภูเก็ต,1.0,0.909,motorcycle,3,4,True,,229,1,290,79.0
plate_06002.jpg,easyocr,1กม,0.9997,True,per-letter,,1552,0.999,ภูเก็ต,1.0,0.909,motorcycle,3,4,False,,229,1,290,537.9
plate_06002.jpg,cnn,1กม,0.984,True,per-letter,,1552,0.999,ภูเก็ต,1.0,0.909,motorcycle,3,4,False,,229,1,290,3.5
plate_06002.jpg,tesseract,1กม,0.997,True,per-letter,,1552,0.999,ภูเก็ต,1.0,0.909,motorcycle,3,4,False,,229,1,290,238.3
plate_06002.jpg,paddle,1กม,0.9958,True,per-letter,,1552,0.999,ภูเก็ต,1.0,0.909,motorcycle,3,4,False,,229,1,290,232.7
plate_06002.jpg,easyocr+cnn,1กม,0.9897,True,per-letter,easyocr=1กม|cnn=1กม,1552,0.999,ภูเก็ต,1.0,0.909,motorcycle,3,4,False,,229,1,290,541.4
plate_06002.jpg,cnn+paddle,1กม,0.989,True,per-letter,cnn=1กม|paddle=1กม,1552,0.999,ภูเก็ต,1.0,0.909,motorcycle,3,4,False,,229,1,290,236.2
plate_06002.jpg,easyocr+cnn+paddle,1กม,0.9918,True,per-letter,easyocr=1กม|cnn=1กม|paddle=1กม,1552,0.999,ภูเก็ต,1.0,0.909,motorcycle,3,4,False,,229,1,290,774.0
plate_06002.jpg,easyocr+cnn+tesseract+paddle,1กม,0.9925,True,per-letter,easyocr=1กม|cnn=1กม|tesseract=1กม|paddle=1กม,1552,0.999,ภูเก็ต,1.0,0.909,motorcycle,3,4,False,,229,1,290,1012.3
plate_06004.jpg,group,1กย,0.7853,True,whole crop,,8787,1.0,ภูเก็ต,1.0,0.833,motorcycle,3,4,False,,210,1,281,79.8
plate_06004.jpg,easyocr,1กย,0.9995,True,per-letter,,8787,1.0,ภูเก็ต,1.0,0.833,motorcycle,3,4,False,,210,1,281,746.6
plate_06004.jpg,cnn,1กย,0.9978,True,per-letter,,8787,1.0,ภูเก็ต,1.0,0.833,motorcycle,3,4,False,,210,1,281,3.6
plate_06004.jpg,tesseract,1กย,0.995,True,per-letter,,8787,1.0,ภูเก็ต,1.0,0.833,motorcycle,3,4,False,,210,1,281,373.1
plate_06004.jpg,paddle,1กย,0.9985,True,per-letter,,8787,1.0,ภูเก็ต,1.0,0.833,motorcycle,3,4,False,,210,1,281,294.4
plate_06004.jpg,easyocr+cnn,1กย,0.9985,True,per-letter,easyocr=1กย|cnn=1กย,8787,1.0,ภูเก็ต,1.0,0.833,motorcycle,3,4,False,,210,1,281,750.3
plate_06004.jpg,cnn+paddle,1กย,0.9985,True,per-letter,cnn=1กย|paddle=1กย,8787,1.0,ภูเก็ต,1.0,0.833,motorcycle,3,4,False,,210,1,281,298.1
plate_06004.jpg,easyocr+cnn+paddle,1กย,0.9989,True,per-letter,easyocr=1กย|cnn=1กย|paddle=1กย,8787,1.0,ภูเก็ต,1.0,0.833,motorcycle,3,4,False,,210,1,281,1044.7
plate_06004.jpg,easyocr+cnn+tesseract+paddle,1กย,0.9987,True,per-letter,easyocr=1กย|cnn=1กย|tesseract=1กย|paddle=1กย,8787,1.0,ภูเก็ต,1.0,0.833,motorcycle,3,4,False,,210,1,281,1417.8
plate_06006.jpg,group,1กฒ,0.3818,True,whole crop,,2664,1.0,ภูเก็ต,1.0,0.364,motorcycle,3,4,True,,247,1,277,78.7
plate_06006.jpg,easyocr,1กฒ,0.8188,True,per-letter,,2664,1.0,ภูเก็ต,1.0,0.364,motorcycle,3,4,True,,247,1,277,566.1
plate_06006.jpg,cnn,1กฒ,0.9916,True,per-letter,,2664,1.0,ภูเก็ต,1.0,0.364,motorcycle,3,4,True,,247,1,277,3.3
plate_06006.jpg,tesseract,1กฒ,0.9855,True,per-letter,,2664,1.0,ภูเก็ต,1.0,0.364,motorcycle,3,4,True,,247,1,277,258.3
plate_06006.jpg,paddle,1กด,0.361,True,per-letter,,2664,1.0,ภูเก็ต,1.0,0.364,motorcycle,3,4,True,,247,1,277,386.6
plate_06006.jpg,easyocr+cnn,1กฒ,0.9416,True,per-letter,easyocr=1กฒ|cnn=1กฒ,2664,1.0,ภูเก็ต,1.0,0.364,motorcycle,3,4,True,,247,1,277,569.3
plate_06006.jpg,cnn+paddle,1กฒ,0.8718,True,per-letter,cnn=1กฒ|paddle=1กด,2664,1.0,ภูเก็ต,1.0,0.364,motorcycle,3,4,True,,247,1,277,389.8
plate_06006.jpg,easyocr+cnn+paddle,1กฒ,0.9005,True,per-letter,easyocr=1กฒ|cnn=1กฒ|paddle=1กด,2664,1.0,ภูเก็ต,1.0,0.364,motorcycle,3,4,True,,247,1,277,955.9
plate_06006.jpg,easyocr+cnn+tesseract+paddle,1กฒ,0.9121,True,per-letter,easyocr=1กฒ|cnn=1กฒ|tesseract=1กฒ|paddle=1กด,2664,1.0,ภูเก็ต,1.0,0.364,motorcycle,3,4,True,,247,1,277,1214.2
plate_06033.jpg,group,1กง,0.5636,True,whole crop,,132,0.293,กรุงเทพมหานคร,1.0,0.522,motorcycle,3,3,True,,139,1,256,79.6
plate_06033.jpg,easyocr,1กง,0.9445,True,per-letter,,132,0.293,กรุงเทพมหานคร,1.0,0.522,motorcycle,3,3,True,,139,1,256,686.2
plate_06033.jpg,cnn,1กง,0.9929,True,per-letter,,132,0.293,กรุงเทพมหานคร,1.0,0.522,motorcycle,3,3,True,,139,1,256,3.6
plate_06033.jpg,tesseract,1กง,0.9883,True,per-letter,,132,0.293,กรุงเทพมหานคร,1.0,0.522,motorcycle,3,3,True,,139,1,256,240.7
plate_06033.jpg,paddle,1กง,0.989,True,per-letter,,132,0.293,กรุงเทพมหานคร,1.0,0.522,motorcycle,3,3,True,,139,1,256,233.2
plate_06033.jpg,easyocr+cnn,1กง,0.9745,True,per-letter,easyocr=1กง|cnn=1กง,132,0.293,กรุงเทพมหานคร,1.0,0.522,motorcycle,3,3,True,,139,1,256,689.8
plate_06033.jpg,cnn+paddle,1กง,0.9915,True,per-letter,cnn=1กง|paddle=1กง,132,0.293,กรุงเทพมหานคร,1.0,0.522,motorcycle,3,3,True,,139,1,256,236.7
plate_06033.jpg,easyocr+cnn+paddle,1กง,0.9783,True,per-letter,easyocr=1กง|cnn=1กง|paddle=1กง,132,0.293,กรุงเทพมหานคร,1.0,0.522,motorcycle,3,3,True,,139,1,256,923.0
plate_06033.jpg,easyocr+cnn+tesseract+paddle,1กง,0.9792,True,per-letter,easyocr=1กง|cnn=1กง|tesseract=1กง|paddle=1กง,132,0.293,กรุงเทพมหานคร,1.0,0.522,motorcycle,3,3,True,,139,1,256,1163.7
plate_06035.jpg,group,4ขอ,0.9943,True,whole crop,,229,0.995,กรุงเทพมหานคร,1.0,0.846,motorcycle,3,3,False,,173,1,255,77.3
plate_06035.jpg,easyocr,4ขอ,0.9839,True,per-letter,,229,0.995,กรุงเทพมหานคร,1.0,0.846,motorcycle,3,3,False,,173,1,255,602.8
plate_06035.jpg,cnn,4ขอ,0.969,True,per-letter,,229,0.995,กรุงเทพมหานคร,1.0,0.846,motorcycle,3,3,False,,173,1,255,5.6
plate_06035.jpg,tesseract,4ซก,0.634,True,per-letter,,229,0.995,กรุงเทพมหานคร,1.0,0.846,motorcycle,3,3,True,,173,1,255,369.5
plate_06035.jpg,paddle,4ขอ,0.6321,True,per-letter,,229,0.995,กรุงเทพมหานคร,1.0,0.846,motorcycle,3,3,True,,173,1,255,231.8
plate_06035.jpg,easyocr+cnn,4ขอ,0.9747,True,per-letter,easyocr=4ขอ|cnn=4ขอ,229,0.995,กรุงเทพมหานคร,1.0,0.846,motorcycle,3,3,False,,173,1,255,608.4
plate_06035.jpg,cnn+paddle,4ขอ,0.9241,True,per-letter,cnn=4ขอ|paddle=4ซอ,229,0.995,กรุงเทพมหานคร,1.0,0.846,motorcycle,3,3,False,,173,1,255,237.3
plate_06035.jpg,easyocr+cnn+paddle,4ขอ,0.9468,True,per-letter,easyocr=4ขอ|cnn=4ขอ|paddle=4ซอ,229,0.995,กรุงเทพมหานคร,1.0,0.846,motorcycle,3,3,False,,173,1,255,840.2
plate_06035.jpg,easyocr+cnn+tesseract+paddle,4ขอ,0.915,True,per-letter,easyocr=4ขอ|cnn=4ขอ|tesseract=4ซ1|paddle=4ซอ,229,0.995,กรุงเทพมหานคร,1.0,0.846,motorcycle,3,3,False,,173,1,255,1209.7
plate_06038.jpg,group,8ขก,0.1369,True,whole crop,,688,0.997,กรุงเทพมหานคร,1.0,0.87,motorcycle,3,3,True,,215,1,242,75.5
plate_06038.jpg,easyocr,8ขก,0.4439,True,per-letter,,688,0.997,กรุงเทพมหานคร,1.0,0.87,motorcycle,3,3,True,,215,1,242,392.3
plate_06038.jpg,cnn,8ขฌ,0.8305,True,per-letter,,688,0.997,กรุงเทพมหานคร,1.0,0.87,motorcycle,3,3,False,,215,1,242,2.6
plate_06038.jpg,tesseract,ฉงณ,0.9367,True,per-letter,,688,0.997,กรุงเทพมหานคร,1.0,0.87,motorcycle,3,3,False,,215,1,242,336.0
plate_06038.jpg,paddle,8ซณ,0.4082,True,per-letter,,688,0.997,กรุงเทพมหานคร,1.0,0.87,motorcycle,3,3,True,,215,1,242,244.1
plate_06038.jpg,easyocr+cnn,8ขฌ,0.5586,True,per-letter,easyocr=8ขก|cnn=8ขฌ,688,0.997,กรุงเทพมหานคร,1.0,0.87,motorcycle,3,3,True,,215,1,242,394.9
plate_06038.jpg,cnn+paddle,8ขฌ,0.4536,True,per-letter,cnn=8ขฌ|paddle=8ซณ,688,0.997,กรุงเทพมหานคร,1.0,0.87,motorcycle,3,3,True,,215,1,242,246.7
plate_06038.jpg,easyocr+cnn+paddle,8ขฌ,0.392,True,per-letter,easyocr=8ขก|cnn=8ขฌ|paddle=8ซณ,688,0.997,กรุงเทพมหานคร,1.0,0.87,motorcycle,3,3,True,,215,1,242,639.0
plate_06038.jpg,easyocr+cnn+tesseract+paddle,8ขฌ,0.3282,True,per-letter,easyocr=8ขก|cnn=8ขฌ|tesseract=ฉงณ|paddle=8ซณ,688,0.997,กรุงเทพมหานคร,1.0,0.87,motorcycle,3,3,True,,215,1,242,975.0
plate_06040.jpg,group,รกฎ,0.2084,True,whole crop,,4871,0.765,นครนายก,0.258,0.0,motorcycle,3,4,True,,300,8,270,79.5
plate_06040.jpg,easyocr,วตต,0.1989,True,per-letter,,4871,0.765,นครนายก,0.258,0.0,motorcycle,3,4,True,,300,8,270,335.6
plate_06040.jpg,cnn,5กฎ,0.9375,True,per-letter,,4871,0.765,นครนายก,0.258,0.0,motorcycle,3,4,True,,300,8,270,2.7
plate_06040.jpg,tesseract,ย??,0.0,False,per-letter,,4871,0.765,นครนายก,0.258,0.0,motorcycle,3,4,True,,300,8,270,367.2
plate_06040.jpg,paddle,5กอ,0.4432,True,per-letter,,4871,0.765,นครนายก,0.258,0.0,motorcycle,3,4,True,,300,8,270,243.3
plate_06040.jpg,easyocr+cnn,5กฎ,0.6256,True,per-letter,easyocr=วตต|cnn=5กฎ,4871,0.765,นครนายก,0.258,0.0,motorcycle,3,4,True,,300,8,270,338.3
plate_06040.jpg,cnn+paddle,5กฎ,0.8914,True,per-letter,cnn=5กฎ|paddle=5กอ,4871,0.765,นครนายก,0.258,0.0,motorcycle,3,4,True,,300,8,270,246.0
plate_06040.jpg,easyocr+cnn+paddle,5กฎ,0.6668,True,per-letter,easyocr=วตต|cnn=5กฎ|paddle=5กอ,4871,0.765,นครนายก,0.258,0.0,motorcycle,3,4,True,,300,8,270,581.6
plate_06040.jpg,easyocr+cnn+tesseract+paddle,5กฎ,0.6517,True,per-letter,easyocr=วตต|cnn=5กฎ|tesseract=ยกก|paddle=5กอ,4871,0.765,นครนายก,0.258,0.0,motorcycle,3,4,True,,300,8,270,948.9
plate_06062.jpg,group,มร,0.0908,True,whole crop,,509,0.141,เบตง,0.137,0.333,motorcycle,1,5,True,,272,1,233,76.7
plate_06062.jpg,easyocr,มร,0.0908,True,"whole crop, fallback",,509,0.141,เบตง,0.137,0.333,motorcycle,1,5,True,,272,1,233,76.7
plate_06062.jpg,cnn,มร,0.0908,True,"whole crop, fallback",,509,0.141,เบตง,0.137,0.333,motorcycle,1,5,True,,272,1,233,76.7
plate_06062.jpg,tesseract,มร,0.0908,True,"whole crop, fallback",,509,0.141,เบตง,0.137,0.333,motorcycle,1,5,True,,272,1,233,76.7
plate_06062.jpg,paddle,มร,0.0908,True,"whole crop, fallback",,509,0.141,เบตง,0.137,0.333,motorcycle,1,5,True,,272,1,233,76.7
plate_06062.jpg,easyocr+cnn,มร,0.0908,True,"whole crop, fallback",,509,0.141,เบตง,0.137,0.333,motorcycle,1,5,True,,272,1,233,76.7
plate_06062.jpg,cnn+paddle,มร,0.0908,True,"whole crop, fallback",,509,0.141,เบตง,0.137,0.333,motorcycle,1,5,True,,272,1,233,76.7
plate_06062.jpg,easyocr+cnn+paddle,มร,0.0908,True,"whole crop, fallback",,509,0.141,เบตง,0.137,0.333,motorcycle,1,5,True,,272,1,233,76.7
plate_06062.jpg,easyocr+cnn+tesseract+paddle,มร,0.0908,True,"whole crop, fallback",,509,0.141,เบตง,0.137,0.333,motorcycle,1,5,True,,272,1,233,76.7
plate_06090.jpg,group,6กศ,0.4604,True,whole crop,,5814,0.902,กรุงเทพมหานคร,1.0,0.833,motorcycle,3,4,True,,265,1,272,79.0
plate_06090.jpg,easyocr,6กศ,1.0,True,per-letter,,5814,0.902,กรุงเทพมหานคร,1.0,0.833,motorcycle,3,4,False,,265,1,272,588.8
plate_06090.jpg,cnn,6กศ,0.9932,True,per-letter,,5814,0.902,กรุงเทพมหานคร,1.0,0.833,motorcycle,3,4,False,,265,1,272,4.2
plate_06090.jpg,tesseract,6กศ,0.9934,True,per-letter,,5814,0.902,กรุงเทพมหานคร,1.0,0.833,motorcycle,3,4,False,,265,1,272,281.3
plate_06090.jpg,paddle,6กศ,0.999,True,per-letter,,5814,0.902,กรุงเทพมหานคร,1.0,0.833,motorcycle,3,4,False,,265,1,272,219.6
plate_06090.jpg,easyocr+cnn,6กศ,0.9955,True,per-letter,easyocr=6กศ|cnn=6กศ,5814,0.902,กรุงเทพมหานคร,1.0,0.833,motorcycle,3,4,False,,265,1,272,593.0
plate_06090.jpg,cnn+paddle,6กศ,0.9955,True,per-letter,cnn=6กศ|paddle=6กศ,5814,0.902,กรุงเทพมหานคร,1.0,0.833,motorcycle,3,4,False,,265,1,272,223.8
plate_06090.jpg,easyocr+cnn+paddle,6กศ,0.9966,True,per-letter,easyocr=6กศ|cnn=6กศ|paddle=6กศ,5814,0.902,กรุงเทพมหานคร,1.0,0.833,motorcycle,3,4,False,,265,1,272,812.7
plate_06090.jpg,easyocr+cnn+tesseract+paddle,6กศ,0.9963,True,per-letter,easyocr=6กศ|cnn=6กศ|tesseract=6กศ|paddle=6กศ,5814,0.902,กรุงเทพมหานคร,1.0,0.833,motorcycle,3,4,False,,265,1,272,1094.0
plate_06094.jpg,group,วบค,0.0357,True,whole crop,,1,0.394,นครนายก,0.735,0.286,motorcycle,3,4,True,,257,13,289,80.7
plate_06094.jpg,easyocr,1ปก,0.2363,True,per-letter,,1,0.394,นครนายก,0.735,0.286,motorcycle,3,4,True,,257,13,289,623.6
plate_06094.jpg,cnn,วษค,0.3459,True,per-letter,,1,0.394,นครนายก,0.735,0.286,motorcycle,3,4,True,,257,13,289,3.5
plate_06094.jpg,tesseract,?งห,0.0,False,per-letter,,1,0.394,นครนายก,0.735,0.286,motorcycle,3,4,True,,257,13,289,331.6
plate_06094.jpg,paddle,รปพ,0.1833,True,per-letter,,1,0.394,นครนายก,0.735,0.286,motorcycle,3,4,True,,257,13,289,232.5
plate_06094.jpg,easyocr+cnn,วษค,0.2256,True,per-letter,easyocr=1ปก|cnn=วษค,1,0.394,นครนายก,0.735,0.286,motorcycle,3,4,True,,257,13,289,627.1
plate_06094.jpg,cnn+paddle,วงค,0.1814,True,per-letter,cnn=วษค|paddle=รปพ,1,0.394,นครนายก,0.735,0.286,motorcycle,3,4,True,,257,13,289,236.0
plate_06094.jpg,easyocr+cnn+paddle,วปค,0.1705,True,per-letter,easyocr=1ปก|cnn=วษค|paddle=รปพ,1,0.394,นครนายก,0.735,0.286,motorcycle,3,4,True,,257,13,289,859.6
plate_06094.jpg,easyocr+cnn+tesseract+paddle,วงค,0.1617,True,per-letter,easyocr=1ปก|cnn=วษค|tesseract=กงห|paddle=รปพ,1,0.394,นครนายก,0.735,0.286,motorcycle,3,4,True,,257,13,289,1191.2
plate_06114.jpg,group,ศงท,0.1778,True,whole crop,,906,0.919,สุราษฎร์ธานี,1.0,0.857,motorcycle,3,3,True,,219,1,247,81.0
plate_06114.jpg,easyocr,ตงภ,0.4884,True,per-letter,,906,0.919,สุราษฎร์ธานี,1.0,0.857,motorcycle,3,3,True,,219,1,247,533.2
plate_06114.jpg,cnn,ศงท,0.5408,True,per-letter,,906,0.919,สุราษฎร์ธานี,1.0,0.857,motorcycle,3,3,True,,219,1,247,2.7
plate_06114.jpg,tesseract,คฬห,0.6718,True,per-letter,,906,0.919,สุราษฎร์ธานี,1.0,0.857,motorcycle,3,3,True,,219,1,247,274.6
plate_06114.jpg,paddle,ศซท,0.3476,True,per-letter,,906,0.919,สุราษฎร์ธานี,1.0,0.857,motorcycle,3,3,True,,219,1,247,222.7
plate_06114.jpg,easyocr+cnn,ศงท,0.5104,True,per-letter,easyocr=ตงภ|cnn=ศงท,906,0.919,สุราษฎร์ธานี,1.0,0.857,motorcycle,3,3,True,,219,1,247,535.9
plate_06114.jpg,cnn+paddle,ศซท,0.3251,True,per-letter,cnn=ศงท|paddle=ศซท,906,0.919,สุราษฎร์ธานี,1.0,0.857,motorcycle,3,3,True,,219,1,247,225.4
plate_06114.jpg,easyocr+cnn+paddle,ศงท,0.3866,True,per-letter,easyocr=ตงภ|cnn=ศงท|paddle=ศซท,906,0.919,สุราษฎร์ธานี,1.0,0.857,motorcycle,3,3,True,,219,1,247,758.6
plate_06114.jpg,easyocr+cnn+tesseract+paddle,ศงท,0.305,True,per-letter,easyocr=ตงภ|cnn=ศงท|tesseract=คฬห|paddle=ศซท,906,0.919,สุราษฎร์ธานี,1.0,0.857,motorcycle,3,3,True,,219,1,247,1033.2
plate_06150.jpg,group,ท,0.09,True,whole crop,,,0.0,เลย,0.904,0.0,motorcycle,1,1,True,,223,1,243,85.1
plate_06150.jpg,easyocr,ก,0.5195,True,per-letter,,,0.0,เลย,0.904,0.0,motorcycle,1,1,True,,223,1,243,125.4
plate_06150.jpg,cnn,ก,0.7385,True,per-letter,,,0.0,เลย,0.904,0.0,motorcycle,1,1,True,,223,1,243,1.4
plate_06150.jpg,tesseract,?,0.0,False,per-letter,,,0.0,เลย,0.904,0.0,motorcycle,1,1,True,,223,1,243,221.8
plate_06150.jpg,paddle,ท,0.7534,True,per-letter,,,0.0,เลย,0.904,0.0,motorcycle,1,1,True,,223,1,243,84.4
plate_06150.jpg,easyocr+cnn,ก,0.715,True,per-letter,easyocr=ก|cnn=ก,,0.0,เลย,0.904,0.0,motorcycle,1,1,True,,223,1,243,126.9
plate_06150.jpg,cnn+paddle,ท,0.4657,True,per-letter,cnn=ก|paddle=ท,,0.0,เลย,0.904,0.0,motorcycle,1,1,True,,223,1,243,85.9
plate_06150.jpg,easyocr+cnn+paddle,ก,0.4678,True,per-letter,easyocr=ก|cnn=ก|paddle=ท,,0.0,เลย,0.904,0.0,motorcycle,1,1,True,,223,1,243,211.3
plate_06150.jpg,easyocr+cnn+tesseract+paddle,ก,0.4643,True,per-letter,easyocr=ก|cnn=ก|tesseract=ก|paddle=ท,,0.0,เลย,0.904,0.0,motorcycle,1,1,True,,223,1,243,433.1
plate_06158.jpg,group,4ซซ,0.2127,True,whole crop,,8576,0.643,กรุงเทพมหานคร,1.0,0.56,motorcycle,3,4,True,,88157,2,314,67.5
plate_06158.jpg,easyocr,4บบ,0.152,True,per-letter,,8576,0.643,กรุงเทพมหานคร,1.0,0.56,motorcycle,3,4,True,,88157,2,314,332.3
plate_06158.jpg,cnn,4ขข,0.9856,True,per-letter,,8576,0.643,กรุงเทพมหานคร,1.0,0.56,motorcycle,3,4,True,,88157,2,314,2.2
plate_06158.jpg,tesseract,4ซซ,0.9837,True,per-letter,,8576,0.643,กรุงเทพมหานคร,1.0,0.56,motorcycle,3,4,True,,88157,2,314,466.3
plate_06158.jpg,paddle,4ซซ,0.9569,True,per-letter,,8576,0.643,กรุงเทพมหานคร,1.0,0.56,motorcycle,3,4,True,,88157,2,314,197.8
plate_06158.jpg,easyocr+cnn,4ขข,0.7696,True,per-letter,easyocr=4คค|cnn=4ขข,8576,0.643,กรุงเทพมหานคร,1.0,0.56,motorcycle,3,4,True,,88157,2,314,334.5
plate_06158.jpg,cnn+paddle,4ขข,0.4014,True,per-letter,cnn=4ขข|paddle=4ซซ,8576,0.643,กรุงเทพมหานคร,1.0,0.56,motorcycle,3,4,True,,88157,2,314,200.0
plate_06158.jpg,easyocr+cnn+paddle,4ขข,0.3759,True,per-letter,easyocr=4คค|cnn=4ขข|paddle=4ซซ,8576,0.643,กรุงเทพมหานคร,1.0,0.56,motorcycle,3,4,True,,88157,2,314,532.3
plate_06158.jpg,easyocr+cnn+tesseract+paddle,4ขข,0.2935,True,per-letter,easyocr=4คค|cnn=4ขข|tesseract=4ซซ|paddle=4ซซ,8576,0.643,กรุงเทพมหานคร,1.0,0.56,motorcycle,3,4,True,,88157,2,314,998.5
plate_06160.jpg,group,9กส,0.6767,True,whole crop,,5592,0.999,กรุงเทพมหานคร,1.0,0.917,motorcycle,3,4,True,,341,2,316,81.5
plate_06160.jpg,easyocr,9กส,0.9999,True,per-letter,,5592,0.999,กรุงเทพมหานคร,1.0,0.917,motorcycle,3,4,False,,341,2,316,634.3
plate_06160.jpg,cnn,9กส,0.9942,True,per-letter,,5592,0.999,กรุงเทพมหานคร,1.0,0.917,motorcycle,3,4,False,,341,2,316,5.1
plate_06160.jpg,tesseract,9กส,0.9705,True,per-letter,,5592,0.999,กรุงเทพมหานคร,1.0,0.917,motorcycle,3,4,False,,341,2,316,255.0
plate_06160.jpg,paddle,9กส,0.9988,True,per-letter,,5592,0.999,กรุงเทพมหานคร,1.0,0.917,motorcycle,3,4,False,,341,2,316,232.8
plate_06160.jpg,easyocr+cnn,9กส,0.9961,True,per-letter,easyocr=9กส|cnn=9กส,5592,0.999,กรุงเทพมหานคร,1.0,0.917,motorcycle,3,4,False,,341,2,316,639.3
plate_06160.jpg,cnn+paddle,9กส,0.9961,True,per-letter,cnn=9กส|paddle=9กส,5592,0.999,กรุงเทพมหานคร,1.0,0.917,motorcycle,3,4,False,,341,2,316,237.9
plate_06160.jpg,easyocr+cnn+paddle,9กส,0.9971,True,per-letter,easyocr=9กส|cnn=9กส|paddle=9กส,5592,0.999,กรุงเทพมหานคร,1.0,0.917,motorcycle,3,4,False,,341,2,316,872.2
plate_06160.jpg,easyocr+cnn+tesseract+paddle,9กส,0.9962,True,per-letter,easyocr=9กส|cnn=9กส|tesseract=9กส|paddle=9กส,5592,0.999,กรุงเทพมหานคร,1.0,0.917,motorcycle,3,4,False,,341,2,316,1127.2
plate_06162.jpg,group,สม,0.6881,True,whole crop,,535,0.994,พัทลุง,0.845,0.2,motorcycle,2,3,True,,243,11,251,80.0
plate_06162.jpg,easyocr,กต,0.2707,True,per-letter,,535,0.994,พัทลุง,0.845,0.2,motorcycle,2,3,True,,243,11,251,560.6
plate_06162.jpg,cnn,ลม,0.8703,True,per-letter,,535,0.994,พัทลุง,0.845,0.2,motorcycle,2,3,True,,243,11,251,2.4
plate_06162.jpg,tesseract,??,0.0,False,per-letter,,535,0.994,พัทลุง,0.845,0.2,motorcycle,2,3,True,,243,11,251,220.4
plate_06162.jpg,paddle,สม,0.7439,True,per-letter,,535,0.994,พัทลุง,0.845,0.2,motorcycle,2,3,True,,243,11,251,161.6
plate_06162.jpg,easyocr+cnn,ลม,0.6993,True,per-letter,easyocr=กต|cnn=ลม,535,0.994,พัทลุง,0.845,0.2,motorcycle,2,3,True,,243,11,251,563.0
plate_06162.jpg,cnn+paddle,ลม,0.5341,True,per-letter,cnn=ลม|paddle=สม,535,0.994,พัทลุง,0.845,0.2,motorcycle,2,3,True,,243,11,251,164.0
plate_06162.jpg,easyocr+cnn+paddle,ลม,0.4862,True,per-letter,easyocr=กต|cnn=ลม|paddle=สม,535,0.994,พัทลุง,0.845,0.2,motorcycle,2,3,True,,243,11,251,724.6
plate_06162.jpg,easyocr+cnn+tesseract+paddle,ลม,0.4828,True,per-letter,easyocr=กต|cnn=ลม|tesseract=กก|paddle=สม,535,0.994,พัทลุง,0.845,0.2,motorcycle,2,3,True,,243,11,251,945.0
plate_06163.jpg,group,1กค,0.4955,True,whole crop,,9292,0.998,ฉะเชิงเทรา,1.0,0.7,motorcycle,3,4,True,,349,4,296,87.0
plate_06163.jpg,easyocr,1กค,0.9995,True,per-letter,,9292,0.998,ฉะเชิงเทรา,1.0,0.7,motorcycle,3,4,False,,349,4,296,558.1
plate_06163.jpg,cnn,1กค,0.9832,True,per-letter,,9292,0.998,ฉะเชิงเทรา,1.0,0.7,motorcycle,3,4,False,,349,4,296,3.4
plate_06163.jpg,tesseract,1กว,0.9565,True,per-letter,,9292,0.998,ฉะเชิงเทรา,1.0,0.7,motorcycle,3,4,False,,349,4,296,252.8
plate_06163.jpg,paddle,1กค,0.9815,True,per-letter,,9292,0.998,ฉะเชิงเทรา,1.0,0.7,motorcycle,3,4,False,,349,4,296,336.2
plate_06163.jpg,easyocr+cnn,1กค,0.9889,True,per-letter,easyocr=1กค|cnn=1กค,9292,0.998,ฉะเชิงเทรา,1.0,0.7,motorcycle,3,4,False,,349,4,296,561.5
plate_06163.jpg,cnn+paddle,1กค,0.9828,True,per-letter,cnn=1กค|paddle=1กค,9292,0.998,ฉะเชิงเทรา,1.0,0.7,motorcycle,3,4,False,,349,4,296,339.6
plate_06163.jpg,easyocr+cnn+paddle,1กค,0.9871,True,per-letter,easyocr=1กค|cnn=1กค|paddle=1กค,9292,0.998,ฉะเชิงเทรา,1.0,0.7,motorcycle,3,4,False,,349,4,296,897.7
plate_06163.jpg,easyocr+cnn+tesseract+paddle,1กค,0.9683,True,per-letter,easyocr=1กค|cnn=1กค|tesseract=1กว|paddle=1กค,9292,0.998,ฉะเชิงเทรา,1.0,0.7,motorcycle,3,4,False,,349,4,296,1150.5
plate_06176.jpg,group,ขคร,0.3521,True,whole crop,,341,0.92,ศรีสะเกษ,1.0,0.533,motorcycle,3,3,True,,212,1,246,77.4
plate_06176.jpg,easyocr,ขกร,0.8808,True,per-letter,,341,0.92,ศรีสะเกษ,1.0,0.533,motorcycle,3,3,True,,212,1,246,412.4
plate_06176.jpg,cnn,ขคร,0.9256,True,per-letter,,341,0.92,ศรีสะเกษ,1.0,0.533,motorcycle,3,3,True,,212,1,246,4.0
plate_06176.jpg,tesseract,ขต?,0.0,False,per-letter,,341,0.92,ศรีสะเกษ,1.0,0.533,motorcycle,3,3,True,,212,1,246,250.3
plate_06176.jpg,paddle,ขคร,0.4494,True,per-letter,,341,0.92,ศรีสะเกษ,1.0,0.533,motorcycle,3,3,True,,212,1,246,226.6
plate_06176.jpg,easyocr+cnn,ขคร,0.6754,True,per-letter,easyocr=ขกร|cnn=ขคร,341,0.92,ศรีสะเกษ,1.0,0.533,motorcycle,3,3,True,,212,1,246,416.4
plate_06176.jpg,cnn+paddle,ขคร,0.8065,True,per-letter,cnn=ขคร|paddle=2คร,341,0.92,ศรีสะเกษ,1.0,0.533,motorcycle,3,3,True,,212,1,246,230.6
plate_06176.jpg,easyocr+cnn+paddle,ขคร,0.6699,True,per-letter,easyocr=ขกร|cnn=ขคร|paddle=2คร,341,0.92,ศรีสะเกษ,1.0,0.533,motorcycle,3,3,True,,212,1,246,643.0
plate_06176.jpg,easyocr+cnn+tesseract+paddle,ขคร,0.6668,True,per-letter,easyocr=ขกร|cnn=ขคร|tesseract=ขตก|paddle=2คร,341,0.92,ศรีสะเกษ,1.0,0.533,motorcycle,3,3,True,,212,1,246,893.3
plate_06326.jpg,group,ฉท,0.9563,True,whole crop,,9618,1.0,กรุงเทพมหานคร,1.0,0.75,car,2,4,False,,554,2,367,81.9
plate_06326.jpg,easyocr,ฉท,1.0,True,per-letter,,9618,1.0,กรุงเทพมหานคร,1.0,0.75,car,2,4,False,,554,2,367,359.0
plate_06326.jpg,cnn,ฉท,0.9869,True,per-letter,,9618,1.0,กรุงเทพมหานคร,1.0,0.75,car,2,4,False,,554,2,367,2.8
plate_06326.jpg,tesseract,ฉท,0.9957,True,per-letter,,9618,1.0,กรุงเทพมหานคร,1.0,0.75,car,2,4,False,,554,2,367,216.4
plate_06326.jpg,paddle,ฉท,0.9986,True,per-letter,,9618,1.0,กรุงเทพมหานคร,1.0,0.75,car,2,4,False,,554,2,367,151.9
plate_06326.jpg,easyocr+cnn,ฉท,0.9914,True,per-letter,easyocr=ฉท|cnn=ฉท,9618,1.0,กรุงเทพมหานคร,1.0,0.75,car,2,4,False,,554,2,367,361.8
plate_06326.jpg,cnn+paddle,ฉท,0.9912,True,per-letter,cnn=ฉท|paddle=ฉท,9618,1.0,กรุงเทพมหานคร,1.0,0.75,car,2,4,False,,554,2,367,154.8
plate_06326.jpg,easyocr+cnn+paddle,ฉท,0.9935,True,per-letter,easyocr=ฉท|cnn=ฉท|paddle=ฉท,9618,1.0,กรุงเทพมหานคร,1.0,0.75,car,2,4,False,,554,2,367,513.7
plate_06326.jpg,easyocr+cnn+tesseract+paddle,ฉท,0.9937,True,per-letter,easyocr=ฉท|cnn=ฉท|tesseract=ฉท|paddle=ฉท,9618,1.0,กรุงเทพมหานคร,1.0,0.75,car,2,4,False,,554,2,367,730.1
plate_06329.jpg,group,นก,0.961,True,whole crop,,3211,0.995,สุพรรณบุรี,1.0,0.889,car,2,4,False,,294,1,260,73.3
plate_06329.jpg,easyocr,นก,1.0,True,per-letter,,3211,0.995,สุพรรณบุรี,1.0,0.889,car,2,4,False,,294,1,260,454.0
plate_06329.jpg,cnn,นก,0.988,True,per-letter,,3211,0.995,สุพรรณบุรี,1.0,0.889,car,2,4,False,,294,1,260,1.8
plate_06329.jpg,tesseract,นก,0.9975,True,per-letter,,3211,0.995,สุพรรณบุรี,1.0,0.889,car,2,4,False,,294,1,260,207.7
plate_06329.jpg,paddle,นก,0.9995,True,per-letter,,3211,0.995,สุพรรณบุรี,1.0,0.889,car,2,4,False,,294,1,260,163.6
plate_06329.jpg,easyocr+cnn,นก,0.9923,True,per-letter,easyocr=นก|cnn=นก,3211,0.995,สุพรรณบุรี,1.0,0.889,car,2,4,False,,294,1,260,455.7
plate_06329.jpg,cnn+paddle,นก,0.9922,True,per-letter,cnn=นก|paddle=นก,3211,0.995,สุพรรณบุรี,1.0,0.889,car,2,4,False,,294,1,260,165.3
plate_06329.jpg,easyocr+cnn+paddle,นก,0.9943,True,per-letter,easyocr=นก|cnn=นก|paddle=นก,3211,0.995,สุพรรณบุรี,1.0,0.889,car,2,4,False,,294,1,260,619.3
plate_06329.jpg,easyocr+cnn+tesseract+paddle,นก,0.9946,True,per-letter,easyocr=นก|cnn=นก|tesseract=นก|paddle=นก,3211,0.995,สุพรรณบุรี,1.0,0.889,car,2,4,False,,294,1,260,827.0
plate_06342.jpg,group,ธว,0.9594,True,whole crop,,2291,0.995,กรุงเทพมหานคร,1.0,0.96,car,2,4,False,,858,1,232,68.4
plate_06342.jpg,easyocr,ธว,0.9989,True,per-letter,,2291,0.995,กรุงเทพมหานคร,1.0,0.96,car,2,4,False,,858,1,232,227.8
plate_06342.jpg,cnn,ธว,0.9911,True,per-letter,,2291,0.995,กรุงเทพมหานคร,1.0,0.96,car,2,4,False,,858,1,232,1.8
plate_06342.jpg,tesseract,ธว,0.9893,True,per-letter,,2291,0.995,กรุงเทพมหานคร,1.0,0.96,car,2,4,False,,858,1,232,169.3
plate_06342.jpg,paddle,ธว,0.9648,True,per-letter,,2291,0.995,กรุงเทพมหานคร,1.0,0.96,car,2,4,False,,858,1,232,134.2
plate_06342.jpg,easyocr+cnn,ธว,0.9941,True,per-letter,easyocr=ธว|cnn=ธว,2291,0.995,กรุงเทพมหานคร,1.0,0.96,car,2,4,False,,858,1,232,229.6
plate_06342.jpg,cnn+paddle,ธว,0.9853,True,per-letter,cnn=ธว|paddle=ธว,2291,0.995,กรุงเทพมหานคร,1.0,0.96,car,2,4,False,,858,1,232,136.0
plate_06342.jpg,easyocr+cnn+paddle,ธว,0.9891,True,per-letter,easyocr=ธว|cnn=ธว|paddle=ธว,2291,0.995,กรุงเทพมหานคร,1.0,0.96,car,2,4,False,,858,1,232,363.8
plate_06342.jpg,easyocr+cnn+tesseract+paddle,ธว,0.989,True,per-letter,easyocr=ธว|cnn=ธว|tesseract=ธว|paddle=ธว,2291,0.995,กรุงเทพมหานคร,1.0,0.96,car,2,4,False,,858,1,232,533.1
plate_06344.jpg,group,กพ,0.9444,True,whole crop,,1687,1.0,สงขลา,1.0,1.0,car,2,4,False,,254,1,231,68.8
plate_06344.jpg,easyocr,กพ,0.5747,True,per-letter,,1687,1.0,สงขลา,1.0,1.0,car,2,4,True,,254,1,231,231.2
plate_06344.jpg,cnn,กพ,0.978,True,per-letter,,1687,1.0,สงขลา,1.0,1.0,car,2,4,False,,254,1,231,1.9
plate_06344.jpg,tesseract,กพ,0.9983,True,per-letter,,1687,1.0,สงขลา,1.0,1.0,car,2,4,False,,254,1,231,172.1
plate_06344.jpg,paddle,กพ,0.9991,True,per-letter,,1687,1.0,สงขลา,1.0,1.0,car,2,4,False,,254,1,231,135.4
plate_06344.jpg,easyocr+cnn,กพ,0.8886,True,per-letter,easyocr=กท|cnn=กพ,1687,1.0,สงขลา,1.0,1.0,car,2,4,False,,254,1,231,233.1
plate_06344.jpg,cnn+paddle,กพ,0.9858,True,per-letter,cnn=กพ|paddle=กพ,1687,1.0,สงขลา,1.0,1.0,car,2,4,False,,254,1,231,137.3
plate_06344.jpg,easyocr+cnn+paddle,กพ,0.9217,True,per-letter,easyocr=กท|cnn=กพ|paddle=กพ,1687,1.0,สงขลา,1.0,1.0,car,2,4,False,,254,1,231,368.5
plate_06344.jpg,easyocr+cnn+tesseract+paddle,กพ,0.9309,True,per-letter,easyocr=กท|cnn=กพ|tesseract=กพ|paddle=กพ,1687,1.0,สงขลา,1.0,1.0,car,2,4,False,,254,1,231,540.6
