image,method,letters_pred,letters_conf,letters_format_ok,letters_mode,by_engine,number_pred,number_conf,province_pred,province_posterior,province_similarity,layout,n_letter_glyphs,n_number_glyphs,needs_review,error,classify_locate_ms,fields_ms,read_ms,letters_ms
plate_00010.jpg,group,พ,0.8856,True,whole crop,,2400,0.999,กรุงเทพมหานคร,1.0,0.88,car,1,4,False,,435,1,360,100.6
plate_00010.jpg,easyocr,พ,0.9945,True,per-letter,,2400,0.999,กรุงเทพมหานคร,1.0,0.88,car,1,4,False,,435,1,360,571.6
plate_00010.jpg,cnn,ผ,0.4915,True,per-letter,,2400,0.999,กรุงเทพมหานคร,1.0,0.88,car,1,4,True,,435,1,360,2.6
plate_00010.jpg,tesseract,พ,0.9894,True,per-letter,,2400,0.999,กรุงเทพมหานคร,1.0,0.88,car,1,4,False,,435,1,360,438.1
plate_00010.jpg,paddle,พ,0.7797,True,per-letter,,2400,0.999,กรุงเทพมหานคร,1.0,0.88,car,1,4,False,,435,1,360,155.5
plate_00010.jpg,easyocr+cnn,พ,0.7303,True,per-letter,easyocr=พ|cnn=ผ,2400,0.999,กรุงเทพมหานคร,1.0,0.88,car,1,4,False,,435,1,360,574.2
plate_00010.jpg,cnn+paddle,พ,0.6097,True,per-letter,cnn=ผ|paddle=พ,2400,0.999,กรุงเทพมหานคร,1.0,0.88,car,1,4,True,,435,1,360,158.1
plate_00010.jpg,easyocr+cnn+paddle,พ,0.7482,True,per-letter,easyocr=พ|cnn=ผ|paddle=พ,2400,0.999,กรุงเทพมหานคร,1.0,0.88,car,1,4,False,,435,1,360,729.7
plate_00010.jpg,easyocr+cnn+tesseract+paddle,พ,0.7743,True,per-letter,easyocr=พ|cnn=ผ|tesseract=พ|paddle=พ,2400,0.999,กรุงเทพมหานคร,1.0,0.88,car,1,4,False,,435,1,360,1167.8
plate_00120.jpg,group,10,0.9951,True,whole crop,,0499,0.999,อ่างทอง,0.175,0.0,car,2,4,True,,292,7,268,86.1
plate_00120.jpg,easyocr,กอ,0.3276,True,per-letter,,0499,0.999,อ่างทอง,0.175,0.0,car,2,4,True,,292,7,268,327.2
plate_00120.jpg,cnn,10,0.9935,True,per-letter,,0499,0.999,อ่างทอง,0.175,0.0,car,2,4,True,,292,7,268,1.8
plate_00120.jpg,tesseract,10,0.9994,True,per-letter,,0499,0.999,อ่างทอง,0.175,0.0,car,2,4,True,,292,7,268,376.6
plate_00120.jpg,paddle,10,1.0,True,per-letter,,0499,0.999,อ่างทอง,0.175,0.0,car,2,4,True,,292,7,268,145.1
plate_00120.jpg,easyocr+cnn,10,0.9919,True,per-letter,easyocr=ก0|cnn=10,0499,0.999,อ่างทอง,0.175,0.0,car,2,4,True,,292,7,268,329.0
plate_00120.jpg,cnn+paddle,10,0.9957,True,per-letter,cnn=10|paddle=10,0499,0.999,อ่างทอง,0.175,0.0,car,2,4,True,,292,7,268,147.0
plate_00120.jpg,easyocr+cnn+paddle,10,0.9941,True,per-letter,easyocr=ก0|cnn=10|paddle=10,0499,0.999,อ่างทอง,0.175,0.0,car,2,4,True,,292,7,268,474.1
plate_00120.jpg,easyocr+cnn+tesseract+paddle,10,0.9947,True,per-letter,easyocr=ก0|cnn=10|tesseract=10|paddle=10,0499,0.999,อ่างทอง,0.175,0.0,car,2,4,True,,292,7,268,850.7
plate_00135.jpg,group,34,0.9996,True,whole crop,,1573,0.797,นครนายก,0.541,0.25,car,2,4,True,,294,5,241,73.6
plate_00135.jpg,easyocr,34,0.9997,True,per-letter,,1573,0.797,นครนายก,0.541,0.25,car,2,4,True,,294,5,241,263.2
plate_00135.jpg,cnn,34,0.9966,True,per-letter,,1573,0.797,นครนายก,0.541,0.25,car,2,4,True,,294,5,241,1.7
plate_00135.jpg,tesseract,3?,0.0,False,per-letter,,1573,0.797,นครนายก,0.541,0.25,car,2,4,True,,294,5,241,230.9
plate_00135.jpg,paddle,34,1.0,True,per-letter,,1573,0.797,นครนายก,0.541,0.25,car,2,4,True,,294,5,241,140.6
plate_00135.jpg,easyocr+cnn,34,0.9977,True,per-letter,easyocr=34|cnn=34,1573,0.797,นครนายก,0.541,0.25,car,2,4,True,,294,5,241,264.8
plate_00135.jpg,cnn+paddle,34,0.9977,True,per-letter,cnn=34|paddle=34,1573,0.797,นครนายก,0.541,0.25,car,2,4,True,,294,5,241,142.2
plate_00135.jpg,easyocr+cnn+paddle,34,0.9982,True,per-letter,easyocr=34|cnn=34|paddle=34,1573,0.797,นครนายก,0.541,0.25,car,2,4,True,,294,5,241,405.4
plate_00135.jpg,easyocr+cnn+tesseract+paddle,34,0.9974,True,per-letter,easyocr=34|cnn=34|tesseract=3ก|paddle=34,1573,0.797,นครนายก,0.541,0.25,car,2,4,True,,294,5,241,636.3
plate_00169.jpg,group,บร,0.9055,True,whole crop,,5309,0.432,ยะลา,0.332,0.286,car,2,4,True,,241,6,248,78.1
plate_00169.jpg,easyocr,ตร,0.382,True,per-letter,,5309,0.432,ยะลา,0.332,0.286,car,2,4,True,,241,6,248,276.9
plate_00169.jpg,cnn,บร,0.9817,True,per-letter,,5309,0.432,ยะลา,0.332,0.286,car,2,4,True,,241,6,248,1.7
plate_00169.jpg,tesseract,ปว,0.9501,True,per-letter,,5309,0.432,ยะลา,0.332,0.286,car,2,4,True,,241,6,248,209.2
plate_00169.jpg,paddle,บร,0.6806,True,per-letter,,5309,0.432,ยะลา,0.332,0.286,car,2,4,True,,241,6,248,140.5
plate_00169.jpg,easyocr+cnn,บร,0.9612,True,per-letter,easyocr=ตร|cnn=บร,5309,0.432,ยะลา,0.332,0.286,car,2,4,True,,241,6,248,278.6
plate_00169.jpg,cnn+paddle,บร,0.8907,True,per-letter,cnn=บร|paddle=บร,5309,0.432,ยะลา,0.332,0.286,car,2,4,True,,241,6,248,142.3
plate_00169.jpg,easyocr+cnn+paddle,บร,0.8795,True,per-letter,easyocr=ตร|cnn=บร|paddle=บร,5309,0.432,ยะลา,0.332,0.286,car,2,4,True,,241,6,248,419.1
plate_00169.jpg,easyocr+cnn+tesseract+paddle,บร,0.8201,True,per-letter,easyocr=ตร|cnn=บร|tesseract=ปว|paddle=บร,5309,0.432,ยะลา,0.332,0.286,car,2,4,True,,241,6,248,628.4
plate_00179.jpg,group,2นช,0.1099,True,whole crop,,8221,0.58,กรุงเทพมหานคร,1.0,0.88,car,3,4,True,,369,3,337,79.5
plate_00179.jpg,easyocr,2พบ,0.2441,True,per-letter,,8221,0.58,กรุงเทพมหานคร,1.0,0.88,car,3,4,True,,369,3,337,1183.2
plate_00179.jpg,cnn,2ฒข,0.6722,True,per-letter,,8221,0.58,กรุงเทพมหานคร,1.0,0.88,car,3,4,True,,369,3,337,7.1
plate_00179.jpg,tesseract,2ฆข,0.9306,True,per-letter,,8221,0.58,กรุงเทพมหานคร,1.0,0.88,car,3,4,True,,369,3,337,534.2
plate_00179.jpg,paddle,2พซ,0.2666,True,per-letter,,8221,0.58,กรุงเทพมหานคร,1.0,0.88,car,3,4,True,,369,3,337,358.3
plate_00179.jpg,easyocr+cnn,2ฒข,0.4806,True,per-letter,easyocr=2ฟบ|cnn=2ฒข,8221,0.58,กรุงเทพมหานคร,1.0,0.88,car,3,4,True,,369,3,337,1190.3
plate_00179.jpg,cnn+paddle,2ฒข,0.4625,True,per-letter,cnn=2ฒข|paddle=2พซ,8221,0.58,กรุงเทพมหานคร,1.0,0.88,car,3,4,True,,369,3,337,365.3
plate_00179.jpg,easyocr+cnn+paddle,2ฒข,0.462,True,per-letter,easyocr=2ฟบ|cnn=2ฒข|paddle=2พซ,8221,0.58,กรุงเทพมหานคร,1.0,0.88,car,3,4,True,,369,3,337,1548.5
plate_00179.jpg,easyocr+cnn+tesseract+paddle,2ฒข,0.4865,True,per-letter,easyocr=2ฟบ|cnn=2ฒข|tesseract=2ฆข|paddle=2พซ,8221,0.58,กรุงเทพมหานคร,1.0,0.88,car,3,4,True,,369,3,337,2082.8
plate_00211.jpg,group,1ขพ,0.3446,True,whole crop,,256,0.999,กรุงเทพมหานคร,1.0,0.88,car,3,3,True,,260,18,235,76.3
plate_00211.jpg,easyocr,1ขพ,0.8719,True,per-letter,,256,0.999,กรุงเทพมหานคร,1.0,0.88,car,3,3,False,,260,18,235,684.6
plate_00211.jpg,cnn,1ขพ,0.9915,True,per-letter,,256,0.999,กรุงเทพมหานคร,1.0,0.88,car,3,3,False,,260,18,235,2.5
plate_00211.jpg,tesseract,1ขพ,0.9868,True,per-letter,,256,0.999,กรุงเทพมหานคร,1.0,0.88,car,3,3,False,,260,18,235,323.6
plate_00211.jpg,paddle,1ขพ,0.7222,True,per-letter,,256,0.999,กรุงเทพมหานคร,1.0,0.88,car,3,3,False,,260,18,235,221.4
plate_00211.jpg,easyocr+cnn,1ขพ,0.9629,True,per-letter,easyocr=1ขพ|cnn=1ขพ,256,0.999,กรุงเทพมหานคร,1.0,0.88,car,3,3,False,,260,18,235,687.2
plate_00211.jpg,cnn+paddle,1ขพ,0.9332,True,per-letter,cnn=1ขพ|paddle=1ขพ,256,0.999,กรุงเทพมหานคร,1.0,0.88,car,3,3,False,,260,18,235,223.9
plate_00211.jpg,easyocr+cnn+paddle,1ขพ,0.9322,True,per-letter,easyocr=1ขพ|cnn=1ขพ|paddle=1ขพ,256,0.999,กรุงเทพมหานคร,1.0,0.88,car,3,3,False,,260,18,235,908.6
plate_00211.jpg,easyocr+cnn+tesseract+paddle,1ขพ,0.9381,True,per-letter,easyocr=1ขพ|cnn=1ขพ|tesseract=1ขพ|paddle=1ขพ,256,0.999,กรุงเทพมหานคร,1.0,0.88,car,3,3,False,,260,18,235,1232.2
plate_00260.jpg,group,2ขบ,0.8789,True,whole crop,,4329,0.998,กรุงเทพมหานคร,1.0,0.88,car,3,4,False,,280,11,246,80.6
plate_00260.jpg,easyocr,2ขม,0.543,True,per-letter,,4329,0.998,กรุงเทพมหานคร,1.0,0.88,car,3,4,True,,280,11,246,612.9
plate_00260.jpg,cnn,2ขบ,0.9853,True,per-letter,,4329,0.998,กรุงเทพมหานคร,1.0,0.88,car,3,4,False,,280,11,246,2.4
plate_00260.jpg,tesseract,2ขป,0.9891,True,per-letter,,4329,0.998,กรุงเทพมหานคร,1.0,0.88,car,3,4,False,,280,11,246,294.3
plate_00260.jpg,paddle,2ขป,0.3979,True,per-letter,,4329,0.998,กรุงเทพมหานคร,1.0,0.88,car,3,4,True,,280,11,246,211.8
plate_00260.jpg,easyocr+cnn,2ขบ,0.9376,True,per-letter,easyocr=2ข2|cnn=2ขบ,4329,0.998,กรุงเทพมหานคร,1.0,0.88,car,3,4,False,,280,11,246,615.3
plate_00260.jpg,cnn+paddle,2ขบ,0.7214,True,per-letter,cnn=2ขบ|paddle=2ซป,4329,0.998,กรุงเทพมหานคร,1.0,0.88,car,3,4,False,,280,11,246,214.2
plate_00260.jpg,easyocr+cnn+paddle,2ขบ,0.7195,True,per-letter,easyocr=2ข2|cnn=2ขบ|paddle=2ซป,4329,0.998,กรุงเทพมหานคร,1.0,0.88,car,3,4,False,,280,11,246,827.0
plate_00260.jpg,easyocr+cnn+tesseract+paddle,2ขบ,0.6694,True,per-letter,easyocr=2ข2|cnn=2ขบ|tesseract=2ขป|paddle=2ซป,4329,0.998,กรุงเทพมหานคร,1.0,0.88,car,3,4,True,,280,11,246,1121.3
plate_00283.jpg,group,มฎ,0.5456,True,whole crop,,4316,1.0,กรุงเทพมหานคร,1.0,0.96,car,2,4,True,,254,1,262,81.9
plate_00283.jpg,easyocr,มฎ,0.9839,True,per-letter,,4316,1.0,กรุงเทพมหานคร,1.0,0.96,car,2,4,False,,254,1,262,360.6
plate_00283.jpg,cnn,มฎ,0.9961,True,per-letter,,4316,1.0,กรุงเทพมหานคร,1.0,0.96,car,2,4,False,,254,1,262,3.6
plate_00283.jpg,tesseract,มฏ,0.9916,True,per-letter,,4316,1.0,กรุงเทพมหานคร,1.0,0.96,car,2,4,False,,254,1,262,197.9
plate_00283.jpg,paddle,มก,0.8837,True,per-letter,,4316,1.0,กรุงเทพมหานคร,1.0,0.96,car,2,4,False,,254,1,262,140.7
plate_00283.jpg,easyocr+cnn,มฎ,0.9922,True,per-letter,easyocr=มฎ|cnn=มฎ,4316,1.0,กรุงเทพมหานคร,1.0,0.96,car,2,4,False,,254,1,262,364.2
plate_00283.jpg,cnn+paddle,มฎ,0.8315,True,per-letter,cnn=มฎ|paddle=มก,4316,1.0,กรุงเทพมหานคร,1.0,0.96,car,2,4,False,,254,1,262,144.3
plate_00283.jpg,easyocr+cnn+paddle,มฎ,0.8793,True,per-letter,easyocr=มฎ|cnn=มฎ|paddle=มก,4316,1.0,กรุงเทพมหานคร,1.0,0.96,car,2,4,False,,254,1,262,504.9
plate_00283.jpg,easyocr+cnn+tesseract+paddle,มฎ,0.7937,True,per-letter,easyocr=มฎ|cnn=มฎ|tesseract=มฏ|paddle=มก,4316,1.0,กรุงเทพมหานคร,1.0,0.96,car,2,4,False,,254,1,262,702.8
plate_00308.jpg,group,1มข,0.7548,True,whole crop,,9128,1.0,กรุงเทพมหานคร,1.0,0.96,car,3,4,False,,326,2,345,79.1
plate_00308.jpg,easyocr,1มข,0.9965,True,per-letter,,9128,1.0,กรุงเทพมหานคร,1.0,0.96,car,3,4,False,,326,2,345,1153.6
plate_00308.jpg,cnn,1มข,0.9928,True,per-letter,,9128,1.0,กรุงเทพมหานคร,1.0,0.96,car,3,4,False,,326,2,345,4.4
plate_00308.jpg,tesseract,1มข,0.9925,True,per-letter,,9128,1.0,กรุงเทพมหานคร,1.0,0.96,car,3,4,False,,326,2,345,632.0
plate_00308.jpg,paddle,1มข,0.7854,True,per-letter,,9128,1.0,กรุงเทพมหานคร,1.0,0.96,car,3,4,False,,326,2,345,305.3
plate_00308.jpg,easyocr+cnn,1มข,0.9943,True,per-letter,easyocr=1มข|cnn=1มข,9128,1.0,กรุงเทพมหานคร,1.0,0.96,car,3,4,False,,326,2,345,1158.0
plate_00308.jpg,cnn+paddle,1มข,0.9387,True,per-letter,cnn=1มข|paddle=1มข,9128,1.0,กรุงเทพมหานคร,1.0,0.96,car,3,4,False,,326,2,345,309.7
plate_00308.jpg,easyocr+cnn+paddle,1มข,0.9549,True,per-letter,easyocr=1มข|cnn=1มข|paddle=1มข,9128,1.0,กรุงเทพมหานคร,1.0,0.96,car,3,4,False,,326,2,345,1463.4
plate_00308.jpg,easyocr+cnn+tesseract+paddle,1มข,0.9591,True,per-letter,easyocr=1มข|cnn=1มข|tesseract=1มข|paddle=1มข,9128,1.0,กรุงเทพมหานคร,1.0,0.96,car,3,4,False,,326,2,345,2095.3
plate_00322.jpg,group,5ขอ,0.9071,True,whole crop,,7990,0.988,กรุงเทพมหานคร,1.0,0.96,car,3,4,False,,362,16,299,72.0
plate_00322.jpg,easyocr,5ขอ,0.791,True,per-letter,,7990,0.988,กรุงเทพมหานคร,1.0,0.96,car,3,4,False,,362,16,299,691.2
plate_00322.jpg,cnn,5ขอ,0.9934,True,per-letter,,7990,0.988,กรุงเทพมหานคร,1.0,0.96,car,3,4,False,,362,16,299,5.4
plate_00322.jpg,tesseract,5ขว,0.9532,True,per-letter,,7990,0.988,กรุงเทพมหานคร,1.0,0.96,car,3,4,False,,362,16,299,272.6
plate_00322.jpg,paddle,5ขอ,0.6282,True,per-letter,,7990,0.988,กรุงเทพมหานคร,1.0,0.96,car,3,4,True,,362,16,299,230.7
plate_00322.jpg,easyocr+cnn,5ขอ,0.9407,True,per-letter,easyocr=5ขอ|cnn=5ขอ,7990,0.988,กรุงเทพมหานคร,1.0,0.96,car,3,4,False,,362,16,299,696.6
plate_00322.jpg,cnn+paddle,5ขอ,0.9074,True,per-letter,cnn=5ขอ|paddle=5ขอ,7990,0.988,กรุงเทพมหานคร,1.0,0.96,car,3,4,False,,362,16,299,236.1
plate_00322.jpg,easyocr+cnn+paddle,5ขอ,0.8857,True,per-letter,easyocr=5ขอ|cnn=5ขอ|paddle=5ขอ,7990,0.988,กรุงเทพมหานคร,1.0,0.96,car,3,4,False,,362,16,299,927.3
plate_00322.jpg,easyocr+cnn+tesseract+paddle,5ขอ,0.8649,True,per-letter,easyocr=5ขอ|cnn=5ขอ|tesseract=5ขว|paddle=5ขอ,7990,0.988,กรุงเทพมหานคร,1.0,0.96,car,3,4,False,,362,16,299,1199.9
plate_00352.jpg,group,,0.0,False,whole crop,,,0.0,เลย,0.884,0.0,car,1,4,True,,244,1,221,71.3
plate_00352.jpg,easyocr,ก,0.6097,True,per-letter,,,0.0,เลย,0.884,0.0,car,1,4,True,,244,1,221,363.3
plate_00352.jpg,cnn,ข,0.5388,True,per-letter,,,0.0,เลย,0.884,0.0,car,1,4,True,,244,1,221,1.8
plate_00352.jpg,tesseract,?,0.0,False,per-letter,,,0.0,เลย,0.884,0.0,car,1,4,True,,244,1,221,151.5
plate_00352.jpg,paddle,ร,0.4524,True,per-letter,,,0.0,เลย,0.884,0.0,car,1,4,True,,244,1,221,71.4
plate_00352.jpg,easyocr+cnn,ข,0.4782,True,per-letter,easyocr=ก|cnn=ข,,0.0,เลย,0.884,0.0,car,1,4,True,,244,1,221,365.1
plate_00352.jpg,cnn+paddle,ข,0.4717,True,per-letter,cnn=ข|paddle=ร,,0.0,เลย,0.884,0.0,car,1,4,True,,244,1,221,73.2
plate_00352.jpg,easyocr+cnn+paddle,ก,0.427,True,per-letter,easyocr=ก|cnn=ข|paddle=ร,,0.0,เลย,0.884,0.0,car,1,4,True,,244,1,221,436.5
plate_00352.jpg,easyocr+cnn+tesseract+paddle,ก,0.4241,True,per-letter,easyocr=ก|cnn=ข|tesseract=ก|paddle=ร,,0.0,เลย,0.884,0.0,car,1,4,True,,244,1,221,588.0
plate_00459.jpg,group,1นฉ,0.9058,True,whole crop,,2364,1.0,กรุงเทพมหานคร,1.0,0.8,car,3,4,False,,178,7,257,75.8
plate_00459.jpg,easyocr,1นฉ,0.9478,True,per-letter,,2364,1.0,กรุงเทพมหานคร,1.0,0.8,car,3,4,False,,178,7,257,341.5
plate_00459.jpg,cnn,1นฉ,0.9947,True,per-letter,,2364,1.0,กรุงเทพมหานคร,1.0,0.8,car,3,4,False,,178,7,257,2.1
plate_00459.jpg,tesseract,1นฉ,0.9927,True,per-letter,,2364,1.0,กรุงเทพมหานคร,1.0,0.8,car,3,4,False,,178,7,257,357.6
plate_00459.jpg,paddle,1นฉ,0.9283,True,per-letter,,2364,1.0,กรุงเทพมหานคร,1.0,0.8,car,3,4,False,,178,7,257,227.0
plate_00459.jpg,easyocr+cnn,1นฉ,0.9796,True,per-letter,easyocr=1นฉ|cnn=1นฉ,2364,1.0,กรุงเทพมหานคร,1.0,0.8,car,3,4,False,,178,7,257,343.6
plate_00459.jpg,cnn+paddle,1นฉ,0.9727,True,per-letter,cnn=1นฉ|paddle=1นฉ,2364,1.0,กรุงเทพมหานคร,1.0,0.8,car,3,4,False,,178,7,257,229.1
plate_00459.jpg,easyocr+cnn+paddle,1นฉ,0.9671,True,per-letter,easyocr=1นฉ|cnn=1นฉ|paddle=1นฉ,2364,1.0,กรุงเทพมหานคร,1.0,0.8,car,3,4,False,,178,7,257,570.7
plate_00459.jpg,easyocr+cnn+tesseract+paddle,1นฉ,0.9697,True,per-letter,easyocr=1นฉ|cnn=1นฉ|tesseract=1นฉ|paddle=1นฉ,2364,1.0,กรุงเทพมหานคร,1.0,0.8,car,3,4,False,,178,7,257,928.2
plate_00463.jpg,group,9กญ,0.2013,True,whole crop,,9745,1.0,กรุงเทพมหานคร,1.0,0.72,car,3,4,True,,319,1,253,80.3
plate_00463.jpg,easyocr,9กญ,1.0,True,per-letter,,9745,1.0,กรุงเทพมหานคร,1.0,0.72,car,3,4,False,,319,1,253,376.6
plate_00463.jpg,cnn,9กญ,0.9968,True,per-letter,,9745,1.0,กรุงเทพมหานคร,1.0,0.72,car,3,4,False,,319,1,253,2.2
plate_00463.jpg,tesseract,8กญ,0.8682,True,per-letter,,9745,1.0,กรุงเทพมหานคร,1.0,0.72,car,3,4,False,,319,1,253,362.7
plate_00463.jpg,paddle,9กญ,0.868,True,per-letter,,9745,1.0,กรุงเทพมหานคร,1.0,0.72,car,3,4,False,,319,1,253,214.2
plate_00463.jpg,easyocr+cnn,9กญ,0.9979,True,per-letter,easyocr=9กญ|cnn=9กญ,9745,1.0,กรุงเทพมหานคร,1.0,0.72,car,3,4,False,,319,1,253,378.8
plate_00463.jpg,cnn+paddle,9กญ,0.9554,True,per-letter,cnn=9กญ|paddle=9กญ,9745,1.0,กรุงเทพมหานคร,1.0,0.72,car,3,4,False,,319,1,253,216.4
plate_00463.jpg,easyocr+cnn+paddle,9กญ,0.9669,True,per-letter,easyocr=9กญ|cnn=9กญ|paddle=9กญ,9745,1.0,กรุงเทพมหานคร,1.0,0.72,car,3,4,False,,319,1,253,593.1
plate_00463.jpg,easyocr+cnn+tesseract+paddle,9กญ,0.938,True,per-letter,easyocr=9กญ|cnn=9กญ|tesseract=8กญ|paddle=9กญ,9745,1.0,กรุงเทพมหานคร,1.0,0.72,car,3,4,False,,319,1,253,955.7
plate_00469.jpg,group,4กก,0.6826,True,whole crop,,2028,0.765,กรุงเทพมหานคร,1.0,0.72,car,3,4,True,,449,1,241,83.5
plate_00469.jpg,easyocr,4กก,0.9984,True,per-letter,,2028,0.765,กรุงเทพมหานคร,1.0,0.72,car,3,4,True,,449,1,241,369.0
plate_00469.jpg,cnn,4กก,0.9971,True,per-letter,,2028,0.765,กรุงเทพมหานคร,1.0,0.72,car,3,4,True,,449,1,241,2.3
plate_00469.jpg,tesseract,?กก,0.0,False,per-letter,,2028,0.765,กรุงเทพมหานคร,1.0,0.72,car,3,4,True,,449,1,241,378.9
plate_00469.jpg,paddle,4กก,0.9505,True,per-letter,,2028,0.765,กรุงเทพมหานคร,1.0,0.72,car,3,4,True,,449,1,241,226.4
plate_00469.jpg,easyocr+cnn,4กก,0.9981,True,per-letter,easyocr=4กก|cnn=4กก,2028,0.765,กรุงเทพมหานคร,1.0,0.72,car,3,4,True,,449,1,241,371.3
plate_00469.jpg,cnn+paddle,4กก,0.9826,True,per-letter,cnn=4กก|paddle=4กก,2028,0.765,กรุงเทพมหานคร,1.0,0.72,car,3,4,True,,449,1,241,228.7
plate_00469.jpg,easyocr+cnn+paddle,4กก,0.9869,True,per-letter,easyocr=4กก|cnn=4กก|paddle=4กก,2028,0.765,กรุงเทพมหานคร,1.0,0.72,car,3,4,True,,449,1,241,597.7
plate_00469.jpg,easyocr+cnn+tesseract+paddle,4กก,0.9777,True,per-letter,easyocr=4กก|cnn=4กก|tesseract=1กก|paddle=4กก,2028,0.765,กรุงเทพมหานคร,1.0,0.72,car,3,4,True,,449,1,241,976.6
plate_00472.jpg,group,ท,0.3959,True,whole crop,,7228,0.485,กรุงเทพมหานคร,1.0,0.435,car,1,3,True,,398,1,222,72.4
plate_00472.jpg,easyocr,ก,0.994,True,per-letter,,7228,0.485,กรุงเทพมหานคร,1.0,0.435,car,1,3,True,,398,1,222,235.8
plate_00472.jpg,cnn,ก,0.9949,True,per-letter,,7228,0.485,กรุงเทพมหานคร,1.0,0.435,car,1,3,True,,398,1,222,1.9
plate_00472.jpg,tesseract,ก,0.9541,True,per-letter,,7228,0.485,กรุงเทพมหานคร,1.0,0.435,car,1,3,True,,398,1,222,136.6
plate_00472.jpg,paddle,ก,0.519,True,per-letter,,7228,0.485,กรุงเทพมหานคร,1.0,0.435,car,1,3,True,,398,1,222,68.9
plate_00472.jpg,easyocr+cnn,ก,0.9943,True,per-letter,easyocr=ก|cnn=ก,7228,0.485,กรุงเทพมหานคร,1.0,0.435,car,1,3,True,,398,1,222,237.7
plate_00472.jpg,cnn+paddle,ก,0.8423,True,per-letter,cnn=ก|paddle=ก,7228,0.485,กรุงเทพมหานคร,1.0,0.435,car,1,3,True,,398,1,222,70.8
plate_00472.jpg,easyocr+cnn+paddle,ก,0.8814,True,per-letter,easyocr=ก|cnn=ก|paddle=ก,7228,0.485,กรุงเทพมหานคร,1.0,0.435,car,1,3,True,,398,1,222,306.6
plate_00472.jpg,easyocr+cnn+tesseract+paddle,ก,0.8846,True,per-letter,easyocr=ก|cnn=ก|tesseract=ก|paddle=ก,7228,0.485,กรุงเทพมหานคร,1.0,0.435,car,1,3,True,,398,1,222,443.2
plate_00524.jpg,group,ผต,0.432,True,whole crop,,5092,1.0,อุดรธานี,1.0,0.8,car,2,4,True,,302,1,243,72.4
plate_00524.jpg,easyocr,ผต,0.9683,True,per-letter,,5092,1.0,อุดรธานี,1.0,0.8,car,2,4,False,,302,1,243,290.7
plate_00524.jpg,cnn,ผต,0.9918,True,per-letter,,5092,1.0,อุดรธานี,1.0,0.8,car,2,4,False,,302,1,243,1.7
plate_00524.jpg,tesseract,ผต,0.9938,True,per-letter,,5092,1.0,อุดรธานี,1.0,0.8,car,2,4,False,,302,1,243,236.4
plate_00524.jpg,paddle,ผด,0.5673,True,per-letter,,5092,1.0,อุดรธานี,1.0,0.8,car,2,4,True,,302,1,243,147.3
plate_00524.jpg,easyocr+cnn,ผต,0.9853,True,per-letter,easyocr=ผต|cnn=ผต,5092,1.0,อุดรธานี,1.0,0.8,car,2,4,False,,302,1,243,292.4
plate_00524.jpg,cnn+paddle,ผต,0.6946,True,per-letter,cnn=ผต|paddle=ผด,5092,1.0,อุดรธานี,1.0,0.8,car,2,4,True,,302,1,243,149.0
plate_00524.jpg,easyocr+cnn+paddle,ผต,0.7628,True,per-letter,easyocr=ผต|cnn=ผต|paddle=ผด,5092,1.0,อุดรธานี,1.0,0.8,car,2,4,False,,302,1,243,439.7
plate_00524.jpg,easyocr+cnn+tesseract+paddle,ผต,0.7845,True,per-letter,easyocr=ผต|cnn=ผต|tesseract=ผต|paddle=ผด,5092,1.0,อุดรธานี,1.0,0.8,car,2,4,False,,302,1,243,676.1
plate_00535.jpg,group,บว,0.641,True,whole crop,,6809,0.996,ลพบุรี,0.988,0.545,car,2,4,True,,301,18,290,75.3
plate_00535.jpg,easyocr,ตว,0.2419,True,per-letter,,6809,0.996,ลพบุรี,0.988,0.545,car,2,4,True,,301,18,290,265.1
plate_00535.jpg,cnn,บว,0.9663,True,per-letter,,6809,0.996,ลพบุรี,0.988,0.545,car,2,4,True,,301,18,290,1.8
plate_00535.jpg,tesseract,ป?,0.0,False,per-letter,,6809,0.996,ลพบุรี,0.988,0.545,car,2,4,True,,301,18,290,282.5
plate_00535.jpg,paddle,ปร,0.4879,True,per-letter,,6809,0.996,ลพบุรี,0.988,0.545,car,2,4,True,,301,18,290,148.1
plate_00535.jpg,easyocr+cnn,บว,0.8743,True,per-letter,easyocr=ตง|cnn=บว,6809,0.996,ลพบุรี,0.988,0.545,car,2,4,True,,301,18,290,266.9
plate_00535.jpg,cnn+paddle,บว,0.67,True,per-letter,cnn=บว|paddle=ปร,6809,0.996,ลพบุรี,0.988,0.545,car,2,4,True,,301,18,290,149.9
plate_00535.jpg,easyocr+cnn+paddle,บว,0.6205,True,per-letter,easyocr=ตง|cnn=บว|paddle=ปร,6809,0.996,ลพบุรี,0.988,0.545,car,2,4,True,,301,18,290,415.0
plate_00535.jpg,easyocr+cnn+tesseract+paddle,บว,0.5537,True,per-letter,easyocr=ตง|cnn=บว|tesseract=ปก|paddle=ปร,6809,0.996,ลพบุรี,0.988,0.545,car,2,4,True,,301,18,290,697.5
plate_00550.jpg,group,บย,0.5668,True,whole crop,,5319,1.0,เพชรบุรี,1.0,0.875,car,2,4,True,,227,1,310,78.8
plate_00550.jpg,easyocr,บย,0.9787,True,per-letter,,5319,1.0,เพชรบุรี,1.0,0.875,car,2,4,False,,227,1,310,364.1
plate_00550.jpg,cnn,บย,0.9782,True,per-letter,,5319,1.0,เพชรบุรี,1.0,0.875,car,2,4,False,,227,1,310,1.9
plate_00550.jpg,tesseract,บย,0.996,True,per-letter,,5319,1.0,เพชรบุรี,1.0,0.875,car,2,4,False,,227,1,310,196.6
plate_00550.jpg,paddle,ปย,0.9098,True,per-letter,,5319,1.0,เพชรบุรี,1.0,0.875,car,2,4,False,,227,1,310,166.6
plate_00550.jpg,easyocr+cnn,บย,0.9788,True,per-letter,easyocr=บย|cnn=บย,5319,1.0,เพชรบุรี,1.0,0.875,car,2,4,False,,227,1,310,366.0
plate_00550.jpg,cnn+paddle,บย,0.7011,True,per-letter,cnn=บย|paddle=ปย,5319,1.0,เพชรบุรี,1.0,0.875,car,2,4,False,,227,1,310,168.5
plate_00550.jpg,easyocr+cnn+paddle,บย,0.773,True,per-letter,easyocr=บย|cnn=บย|paddle=ปย,5319,1.0,เพชรบุรี,1.0,0.875,car,2,4,False,,227,1,310,532.7
plate_00550.jpg,easyocr+cnn+tesseract+paddle,บย,0.7948,True,per-letter,easyocr=บย|cnn=บย|tesseract=บย|paddle=ปย,5319,1.0,เพชรบุรี,1.0,0.875,car,2,4,False,,227,1,310,729.2
plate_00561.jpg,group,อ,0.0598,True,whole crop,,5509,0.728,เลย,0.702,0.0,car,2,4,True,,151,5,240,82.1
plate_00561.jpg,easyocr,1ล,0.4042,True,per-letter,,5509,0.728,เลย,0.702,0.0,car,2,4,True,,151,5,240,348.8
plate_00561.jpg,cnn,1ล,0.4287,True,per-letter,,5509,0.728,เลย,0.702,0.0,car,2,4,True,,151,5,240,1.8
plate_00561.jpg,tesseract,?ล,0.0,False,per-letter,,5509,0.728,เลย,0.702,0.0,car,2,4,True,,151,5,240,156.1
plate_00561.jpg,paddle,1ซ,0.5068,True,per-letter,,5509,0.728,เลย,0.702,0.0,car,2,4,True,,151,5,240,142.8
plate_00561.jpg,easyocr+cnn,1ล,0.7144,True,per-letter,easyocr=ชล|cnn=1ฐ,5509,0.728,เลย,0.702,0.0,car,2,4,True,,151,5,240,350.6
plate_00561.jpg,cnn+paddle,1ซ,0.4056,True,per-letter,cnn=1ฐ|paddle=1ซ,5509,0.728,เลย,0.702,0.0,car,2,4,True,,151,5,240,144.6
plate_00561.jpg,easyocr+cnn+paddle,1ล,0.6337,True,per-letter,easyocr=ชล|cnn=1ฐ|paddle=1ซ,5509,0.728,เลย,0.702,0.0,car,2,4,True,,151,5,240,493.4
plate_00561.jpg,easyocr+cnn+tesseract+paddle,1ล,0.6789,True,per-letter,easyocr=ชล|cnn=1ฐ|tesseract=กล|paddle=1ซ,5509,0.728,เลย,0.702,0.0,car,2,4,True,,151,5,240,649.5
plate_00563.jpg,group,อน,0.0614,True,whole crop,,40,0.125,หนองคาย,0.483,0.154,car,3,4,True,,183,1,254,83.4
plate_00563.jpg,easyocr,411,0.4857,True,per-letter,,40,0.125,หนองคาย,0.483,0.154,car,3,4,True,,183,1,254,558.5
plate_00563.jpg,cnn,460,0.122,True,per-letter,,40,0.125,หนองคาย,0.483,0.154,car,3,4,True,,183,1,254,3.2
plate_00563.jpg,tesseract,?11,0.0,False,per-letter,,40,0.125,หนองคาย,0.483,0.154,car,3,4,True,,183,1,254,279.8
plate_00563.jpg,paddle,611,0.9331,True,per-letter,,40,0.125,หนองคาย,0.483,0.154,car,3,4,True,,183,1,254,212.4
plate_00563.jpg,easyocr+cnn,411,0.1372,True,per-letter,easyocr=4ช1|cnn=46ก,40,0.125,หนองคาย,0.483,0.154,car,3,4,True,,183,1,254,561.7
plate_00563.jpg,cnn+paddle,611,0.2443,True,per-letter,cnn=46ก|paddle=611,40,0.125,หนองคาย,0.483,0.154,car,3,4,True,,183,1,254,215.7
plate_00563.jpg,easyocr+cnn+paddle,611,0.234,True,per-letter,easyocr=4ช1|cnn=46ก|paddle=611,40,0.125,หนองคาย,0.483,0.154,car,3,4,True,,183,1,254,774.2
plate_00563.jpg,easyocr+cnn+tesseract+paddle,611,0.2612,True,per-letter,easyocr=4ช1|cnn=46ก|tesseract=111|paddle=611,40,0.125,หนองคาย,0.483,0.154,car,3,4,True,,183,1,254,1054.0
plate_00617.jpg,group,กย,0.5805,True,whole crop,,2899,0.985,สุพรรณบุรี,1.0,0.842,car,2,4,True,,293,1,314,71.8
plate_00617.jpg,easyocr,กย,0.963,True,per-letter,,2899,0.985,สุพรรณบุรี,1.0,0.842,car,2,4,False,,293,1,314,359.7
plate_00617.jpg,cnn,กย,0.9965,True,per-letter,,2899,0.985,สุพรรณบุรี,1.0,0.842,car,2,4,False,,293,1,314,4.2
plate_00617.jpg,tesseract,กย,0.9988,True,per-letter,,2899,0.985,สุพรรณบุรี,1.0,0.842,car,2,4,False,,293,1,314,190.8
plate_00617.jpg,paddle,กย,0.9985,True,per-letter,,2899,0.985,สุพรรณบุรี,1.0,0.842,car,2,4,False,,293,1,314,141.9
plate_00617.jpg,easyocr+cnn,กย,0.9882,True,per-letter,easyocr=กย|cnn=กย,2899,0.985,สุพรรณบุรี,1.0,0.842,car,2,4,False,,293,1,314,364.0
plate_00617.jpg,cnn+paddle,กย,0.9976,True,per-letter,cnn=กย|paddle=กย,2899,0.985,สุพรรณบุรี,1.0,0.842,car,2,4,False,,293,1,314,146.1
plate_00617.jpg,easyocr+cnn+paddle,กย,0.9913,True,per-letter,easyocr=กย|cnn=กย|paddle=กย,2899,0.985,สุพรรณบุรี,1.0,0.842,car,2,4,False,,293,1,314,505.8
plate_00617.jpg,easyocr+cnn+tesseract+paddle,กย,0.9921,True,per-letter,easyocr=กย|cnn=กย|tesseract=กย|paddle=กย,2899,0.985,สุพรรณบุรี,1.0,0.842,car,2,4,False,,293,1,314,696.6
plate_00618.jpg,group,2ขณ,0.4133,True,whole crop,,2192,0.999,กรุงเทพมหานคร,1.0,0.88,car,3,4,True,,182,2,330,70.9
plate_00618.jpg,easyocr,2ขก,0.3798,True,per-letter,,2192,0.999,กรุงเทพมหานคร,1.0,0.88,car,3,4,True,,182,2,330,432.6
plate_00618.jpg,cnn,2ขฌ,0.9686,True,per-letter,,2192,0.999,กรุงเทพมหานคร,1.0,0.88,car,3,4,False,,182,2,330,4.2
plate_00618.jpg,tesseract,2ข?,0.0,False,per-letter,,2192,0.999,กรุงเทพมหานคร,1.0,0.88,car,3,4,True,,182,2,330,240.6
plate_00618.jpg,paddle,2ซณ,0.8049,True,per-letter,,2192,0.999,กรุงเทพมหานคร,1.0,0.88,car,3,4,False,,182,2,330,213.2
plate_00618.jpg,easyocr+cnn,2ขฌ,0.6656,True,per-letter,easyocr=2ขก|cnn=2ขฌ,2192,0.999,กรุงเทพมหานคร,1.0,0.88,car,3,4,True,,182,2,330,436.8
plate_00618.jpg,cnn+paddle,2ขฌ,0.4908,True,per-letter,cnn=2ขฌ|paddle=2ซณ,2192,0.999,กรุงเทพมหานคร,1.0,0.88,car,3,4,True,,182,2,330,217.3
plate_00618.jpg,easyocr+cnn+paddle,2ขฌ,0.4116,True,per-letter,easyocr=2ขก|cnn=2ขฌ|paddle=2ซณ,2192,0.999,กรุงเทพมหานคร,1.0,0.88,car,3,4,True,,182,2,330,649.9
plate_00618.jpg,easyocr+cnn+tesseract+paddle,2ขฌ,0.4241,True,per-letter,easyocr=2ขก|cnn=2ขฌ|tesseract=2ขก|paddle=2ซณ,2192,0.999,กรุงเทพมหานคร,1.0,0.88,car,3,4,True,,182,2,330,890.5
plate_00642.jpg,group,1มค,0.421,True,whole crop,,5840,0.716,กรุงเทพมหานคร,1.0,0.818,car,3,4,True,,247,8,243,72.1
plate_00642.jpg,easyocr,1มค,0.9735,True,per-letter,,5840,0.716,กรุงเทพมหานคร,1.0,0.818,car,3,4,True,,247,8,243,331.0
plate_00642.jpg,cnn,1มค,0.9902,True,per-letter,,5840,0.716,กรุงเทพมหานคร,1.0,0.818,car,3,4,True,,247,8,243,2.2
plate_00642.jpg,tesseract,1มด,0.9862,True,per-letter,,5840,0.716,กรุงเทพมหานคร,1.0,0.818,car,3,4,True,,247,8,243,273.9
plate_00642.jpg,paddle,1มค,0.9081,True,per-letter,,5840,0.716,กรุงเทพมหานคร,1.0,0.818,car,3,4,True,,247,8,243,213.1
plate_00642.jpg,easyocr+cnn,1มค,0.9867,True,per-letter,easyocr=1มค|cnn=1มค,5840,0.716,กรุงเทพมหานคร,1.0,0.818,car,3,4,True,,247,8,243,333.2
plate_00642.jpg,cnn+paddle,1มค,0.9649,True,per-letter,cnn=1มค|paddle=1มค,5840,0.716,กรุงเทพมหานคร,1.0,0.818,car,3,4,True,,247,8,243,215.4
plate_00642.jpg,easyocr+cnn+paddle,1มค,0.9705,True,per-letter,easyocr=1มค|cnn=1มค|paddle=1มค,5840,0.716,กรุงเทพมหานคร,1.0,0.818,car,3,4,True,,247,8,243,546.3
plate_00642.jpg,easyocr+cnn+tesseract+paddle,1มค,0.9314,True,per-letter,easyocr=1มค|cnn=1มค|tesseract=1มด|paddle=1มค,5840,0.716,กรุงเทพมหานคร,1.0,0.818,car,3,4,True,,247,8,243,820.2
plate_00700.jpg,group,ก,0.9019,True,whole crop,,6959,0.996,ภูเก็ต,1.0,0.545,car,1,4,True,,292,1,244,83.5
plate_00700.jpg,easyocr,ก,1.0,True,per-letter,,6959,0.996,ภูเก็ต,1.0,0.545,car,1,4,True,,292,1,244,163.0
plate_00700.jpg,cnn,ก,0.9957,True,per-letter,,6959,0.996,ภูเก็ต,1.0,0.545,car,1,4,True,,292,1,244,1.1
plate_00700.jpg,tesseract,ก,0.998,True,per-letter,,6959,0.996,ภูเก็ต,1.0,0.545,car,1,4,True,,292,1,244,130.1
plate_00700.jpg,paddle,ก,0.9902,True,per-letter,,6959,0.996,ภูเก็ต,1.0,0.545,car,1,4,True,,292,1,244,78.5
plate_00700.jpg,easyocr+cnn,ก,0.9972,True,per-letter,easyocr=ก|cnn=ก,6959,0.996,ภูเก็ต,1.0,0.545,car,1,4,True,,292,1,244,164.1
plate_00700.jpg,cnn+paddle,ก,0.995,True,per-letter,cnn=ก|paddle=ก,6959,0.996,ภูเก็ต,1.0,0.545,car,1,4,True,,292,1,244,79.7
plate_00700.jpg,easyocr+cnn+paddle,ก,0.9962,True,per-letter,easyocr=ก|cnn=ก|paddle=ก,6959,0.996,ภูเก็ต,1.0,0.545,car,1,4,True,,292,1,244,242.6
plate_00700.jpg,easyocr+cnn+tesseract+paddle,ก,0.9964,True,per-letter,easyocr=ก|cnn=ก|tesseract=ก|paddle=ก,6959,0.996,ภูเก็ต,1.0,0.545,car,1,4,True,,292,1,244,372.7
plate_00714.jpg,group,พม,0.9904,True,whole crop,,3958,0.999,กรุงเทพมหานคร,1.0,0.96,car,2,4,False,,262,1,242,78.3
plate_00714.jpg,easyocr,พม,0.9722,True,per-letter,,3958,0.999,กรุงเทพมหานคร,1.0,0.96,car,2,4,False,,262,1,242,318.3
plate_00714.jpg,cnn,พม,0.9899,True,per-letter,,3958,0.999,กรุงเทพมหานคร,1.0,0.96,car,2,4,False,,262,1,242,2.0
plate_00714.jpg,tesseract,นม,0.9902,True,per-letter,,3958,0.999,กรุงเทพมหานคร,1.0,0.96,car,2,4,False,,262,1,242,269.0
plate_00714.jpg,paddle,พม,0.9996,True,per-letter,,3958,0.999,กรุงเทพมหานคร,1.0,0.96,car,2,4,False,,262,1,242,142.9
plate_00714.jpg,easyocr+cnn,พม,0.9848,True,per-letter,easyocr=พม|cnn=พม,3958,0.999,กรุงเทพมหานคร,1.0,0.96,car,2,4,False,,262,1,242,320.3
plate_00714.jpg,cnn+paddle,พม,0.9933,True,per-letter,cnn=พม|paddle=พม,3958,0.999,กรุงเทพมหานคร,1.0,0.96,car,2,4,False,,262,1,242,144.9
plate_00714.jpg,easyocr+cnn+paddle,พม,0.9887,True,per-letter,easyocr=พม|cnn=พม|paddle=พม,3958,0.999,กรุงเทพมหานคร,1.0,0.96,car,2,4,False,,262,1,242,463.2
plate_00714.jpg,easyocr+cnn+tesseract+paddle,พม,0.9657,True,per-letter,easyocr=พม|cnn=พม|tesseract=นม|paddle=พม,3958,0.999,กรุงเทพมหานคร,1.0,0.96,car,2,4,False,,262,1,242,732.2
plate_00719.jpg,group,หอ,0.6227,True,whole crop,,2107,0.77,กรุงเทพมหานคร,1.0,0.615,car,2,4,True,,253,1,280,73.7
plate_00719.jpg,easyocr,ทอ,0.9997,True,per-letter,,2107,0.77,กรุงเทพมหานคร,1.0,0.615,car,2,4,True,,253,1,280,340.2
plate_00719.jpg,cnn,ทอ,0.9193,True,per-letter,,2107,0.77,กรุงเทพมหานคร,1.0,0.615,car,2,4,True,,253,1,280,2.5
plate_00719.jpg,tesseract,ทอ,0.9867,True,per-letter,,2107,0.77,กรุงเทพมหานคร,1.0,0.615,car,2,4,True,,253,1,280,313.1
plate_00719.jpg,paddle,ทอ,0.9585,True,per-letter,,2107,0.77,กรุงเทพมหานคร,1.0,0.615,car,2,4,True,,253,1,280,158.6
plate_00719.jpg,easyocr+cnn,ทอ,0.9467,True,per-letter,easyocr=ทอ|cnn=ทอ,2107,0.77,กรุงเทพมหานคร,1.0,0.615,car,2,4,True,,253,1,280,342.7
plate_00719.jpg,cnn+paddle,ทอ,0.936,True,per-letter,cnn=ทอ|paddle=ทอ,2107,0.77,กรุงเทพมหานคร,1.0,0.615,car,2,4,True,,253,1,280,161.2
plate_00719.jpg,easyocr+cnn+paddle,ทอ,0.9527,True,per-letter,easyocr=ทอ|cnn=ทอ|paddle=ทอ,2107,0.77,กรุงเทพมหานคร,1.0,0.615,car,2,4,True,,253,1,280,501.4
plate_00719.jpg,easyocr+cnn+tesseract+paddle,ทอ,0.9546,True,per-letter,easyocr=ทอ|cnn=ทอ|tesseract=ทอ|paddle=ทอ,2107,0.77,กรุงเทพมหานคร,1.0,0.615,car,2,4,True,,253,1,280,814.4
plate_00722.jpg,group,ท,0.1802,True,whole crop,,5154,0.869,สมุทรปราการ,1.0,0.8,car,1,4,True,,183,1,240,79.1
plate_00722.jpg,easyocr,ก,0.9916,True,per-letter,,5154,0.869,สมุทรปราการ,1.0,0.8,car,1,4,False,,183,1,240,208.9
plate_00722.jpg,cnn,ก,0.9691,True,per-letter,,5154,0.869,สมุทรปราการ,1.0,0.8,car,1,4,False,,183,1,240,1.2
plate_00722.jpg,tesseract,ย,0.9247,True,per-letter,,5154,0.869,สมุทรปราการ,1.0,0.8,car,1,4,False,,183,1,240,194.9
plate_00722.jpg,paddle,ท,0.7523,True,per-letter,,5154,0.869,สมุทรปราการ,1.0,0.8,car,1,4,False,,183,1,240,85.6
plate_00722.jpg,easyocr+cnn,ก,0.9787,True,per-letter,easyocr=ก|cnn=ก,5154,0.869,สมุทรปราการ,1.0,0.8,car,1,4,False,,183,1,240,210.2
plate_00722.jpg,cnn+paddle,ก,0.675,True,per-letter,cnn=ก|paddle=ท,5154,0.869,สมุทรปราการ,1.0,0.8,car,1,4,True,,183,1,240,86.9
plate_00722.jpg,easyocr+cnn+paddle,ก,0.7577,True,per-letter,easyocr=ก|cnn=ก|paddle=ท,5154,0.869,สมุทรปราการ,1.0,0.8,car,1,4,False,,183,1,240,295.8
plate_00722.jpg,easyocr+cnn+tesseract+paddle,ก,0.759,True,per-letter,easyocr=ก|cnn=ก|tesseract=ย|paddle=ท,5154,0.869,สมุทรปราการ,1.0,0.8,car,1,4,False,,183,1,240,490.7
plate_00736.jpg,group,ป,0.108,True,whole crop,,1297,0.523,กรุงเทพมหานคร,1.0,0.696,car,2,4,True,,266,1,242,85.0
plate_00736.jpg,easyocr,รก,0.3071,True,per-letter,,1297,0.523,กรุงเทพมหานคร,1.0,0.696,car,2,4,True,,266,1,242,260.7
plate_00736.jpg,cnn,ฐ1,0.0,False,per-letter,,1297,0.523,กรุงเทพมหานคร,1.0,0.696,car,2,4,True,,266,1,242,1.7
plate_00736.jpg,tesseract,จ?,0.0,False,per-letter,,1297,0.523,กรุงเทพมหานคร,1.0,0.696,car,2,4,True,,266,1,242,231.7
plate_00736.jpg,paddle,ซท,0.5909,True,per-letter,,1297,0.523,กรุงเทพมหานคร,1.0,0.696,car,2,4,True,,266,1,242,142.2
plate_00736.jpg,easyocr+cnn,31,0.5666,True,per-letter,easyocr=รก|cnn=ฐ1,1297,0.523,กรุงเทพมหานคร,1.0,0.696,car,2,4,True,,266,1,242,262.4
plate_00736.jpg,cnn+paddle,ฐท,0.5594,True,per-letter,cnn=ฐ1|paddle=ซ1,1297,0.523,กรุงเทพมหานคร,1.0,0.696,car,2,4,True,,266,1,242,143.9
plate_00736.jpg,easyocr+cnn+paddle,ฐท,0.2497,True,per-letter,easyocr=รก|cnn=ฐ1|paddle=ซ1,1297,0.523,กรุงเทพมหานคร,1.0,0.696,car,2,4,True,,266,1,242,404.6
plate_00736.jpg,easyocr+cnn+tesseract+paddle,ฐท,0.2471,True,per-letter,easyocr=รก|cnn=ฐ1|tesseract=จก|paddle=ซ1,1297,0.523,กรุงเทพมหานคร,1.0,0.696,car,2,4,True,,266,1,242,636.3
plate_00743.jpg,group,อ,0.9939,True,whole crop,,5859,0.912,นครนายก,0.219,0.444,car,1,4,True,,315,3,255,78.2
plate_00743.jpg,easyocr,อ,1.0,True,per-letter,,5859,0.912,นครนายก,0.219,0.444,car,1,4,True,,315,3,255,231.4
plate_00743.jpg,cnn,อ,0.9956,True,per-letter,,5859,0.912,นครนายก,0.219,0.444,car,1,4,True,,315,3,255,2.2
plate_00743.jpg,tesseract,อ,0.9983,True,per-letter,,5859,0.912,นครนายก,0.219,0.444,car,1,4,True,,315,3,255,115.0
plate_00743.jpg,paddle,อ,0.9988,True,per-letter,,5859,0.912,นครนายก,0.219,0.444,car,1,4,True,,315,3,255,86.6
plate_00743.jpg,easyocr+cnn,อ,0.9971,True,per-letter,easyocr=อ|cnn=อ,5859,0.912,นครนายก,0.219,0.444,car,1,4,True,,315,3,255,233.6
plate_00743.jpg,cnn+paddle,อ,0.9967,True,per-letter,cnn=อ|paddle=อ,5859,0.912,นครนายก,0.219,0.444,car,1,4,True,,315,3,255,88.8
plate_00743.jpg,easyocr+cnn+paddle,อ,0.9975,True,per-letter,easyocr=อ|cnn=อ|paddle=อ,5859,0.912,นครนายก,0.219,0.444,car,1,4,True,,315,3,255,320.2
plate_00743.jpg,easyocr+cnn+tesseract+paddle,อ,0.9975,True,per-letter,easyocr=อ|cnn=อ|tesseract=อ|paddle=อ,5859,0.912,นครนายก,0.219,0.444,car,1,4,True,,315,3,255,435.2
plate_00783.jpg,group,ม,0.488,True,whole crop,,5131,0.385,มหาสารคาม,0.159,0.0,car,1,4,True,,423,19,309,72.6
plate_00783.jpg,easyocr,ม,0.9368,True,per-letter,,5131,0.385,มหาสารคาม,0.159,0.0,car,1,4,True,,423,19,309,298.7
plate_00783.jpg,cnn,ก,0.8167,True,per-letter,,5131,0.385,มหาสารคาม,0.159,0.0,car,1,4,True,,423,19,309,1.8
plate_00783.jpg,tesseract,ม,0.9971,True,per-letter,,5131,0.385,มหาสารคาม,0.159,0.0,car,1,4,True,,423,19,309,82.5
plate_00783.jpg,paddle,ม,0.9702,True,per-letter,,5131,0.385,มหาสารคาม,0.159,0.0,car,1,4,True,,423,19,309,72.7
plate_00783.jpg,easyocr+cnn,ม,0.5422,True,per-letter,easyocr=ม|cnn=ก,5131,0.385,มหาสารคาม,0.159,0.0,car,1,4,True,,423,19,309,300.5
plate_00783.jpg,cnn+paddle,ม,0.5249,True,per-letter,cnn=ก|paddle=ม,5131,0.385,มหาสารคาม,0.159,0.0,car,1,4,True,,423,19,309,74.5
plate_00783.jpg,easyocr+cnn+paddle,ม,0.6929,True,per-letter,easyocr=ม|cnn=ก|paddle=ม,5131,0.385,มหาสารคาม,0.159,0.0,car,1,4,True,,423,19,309,373.2
plate_00783.jpg,easyocr+cnn+tesseract+paddle,ม,0.7405,True,per-letter,easyocr=ม|cnn=ก|tesseract=ม|paddle=ม,5131,0.385,มหาสารคาม,0.159,0.0,car,1,4,True,,423,19,309,455.6
plate_00802.jpg,group,มค,0.8074,True,whole crop,,8178,0.94,กรุงเทพมหานคร,1.0,0.96,car,2,4,False,,217,1,269,75.8
plate_00802.jpg,easyocr,ฆค,0.9833,True,per-letter,,8178,0.94,กรุงเทพมหานคร,1.0,0.96,car,2,4,False,,217,1,269,439.5
plate_00802.jpg,cnn,ฆค,0.9617,True,per-letter,,8178,0.94,กรุงเทพมหานคร,1.0,0.96,car,2,4,False,,217,1,269,2.7
plate_00802.jpg,tesseract,?ค,0.0,False,per-letter,,8178,0.94,กรุงเทพมหานคร,1.0,0.96,car,2,4,True,,217,1,269,228.7
plate_00802.jpg,paddle,ซค,0.5607,True,per-letter,,8178,0.94,กรุงเทพมหานคร,1.0,0.96,car,2,4,True,,217,1,269,138.0
plate_00802.jpg,easyocr+cnn,ฆค,0.9697,True,per-letter,easyocr=ฆค|cnn=ฆค,8178,0.94,กรุงเทพมหานคร,1.0,0.96,car,2,4,False,,217,1,269,442.2
plate_00802.jpg,cnn+paddle,ฆค,0.6837,True,per-letter,cnn=ฆค|paddle=ซค,8178,0.94,กรุงเทพมหานคร,1.0,0.96,car,2,4,True,,217,1,269,140.8
plate_00802.jpg,easyocr+cnn+paddle,ฆค,0.7619,True,per-letter,easyocr=ฆค|cnn=ฆค|paddle=ซค,8178,0.94,กรุงเทพมหานคร,1.0,0.96,car,2,4,False,,217,1,269,580.2
plate_00802.jpg,easyocr+cnn+tesseract+paddle,ฆค,0.7589,True,per-letter,easyocr=ฆค|cnn=ฆค|tesseract=กค|paddle=ซค,8178,0.94,กรุงเทพมหานคร,1.0,0.96,car,2,4,False,,217,1,269,808.9
plate_00807.jpg,group,ซ,0.2147,True,whole crop,,97,0.063,เลย,0.779,0.0,car,2,3,True,,390,8,251,71.0
plate_00807.jpg,easyocr,1ร,0.5996,True,per-letter,,97,0.063,เลย,0.779,0.0,car,2,3,True,,390,8,251,487.3
plate_00807.jpg,cnn,78,0.2204,True,per-letter,,97,0.063,เลย,0.779,0.0,car,2,3,True,,390,8,251,5.4
plate_00807.jpg,tesseract,?ล,0.0,False,per-letter,,97,0.063,เลย,0.779,0.0,car,2,3,True,,390,8,251,196.9
plate_00807.jpg,paddle,16,0.42,True,per-letter,,97,0.063,เลย,0.779,0.0,car,2,3,True,,390,8,251,142.4
plate_00807.jpg,easyocr+cnn,18,0.2349,True,per-letter,easyocr=1ร|cnn=78,97,0.063,เลย,0.779,0.0,car,2,3,True,,390,8,251,492.7
plate_00807.jpg,cnn+paddle,18,0.2905,True,per-letter,cnn=78|paddle=16,97,0.063,เลย,0.779,0.0,car,2,3,True,,390,8,251,147.9
plate_00807.jpg,easyocr+cnn+paddle,18,0.3023,True,per-letter,easyocr=1ร|cnn=78|paddle=16,97,0.063,เลย,0.779,0.0,car,2,3,True,,390,8,251,635.2
plate_00807.jpg,easyocr+cnn+tesseract+paddle,18,0.3006,True,per-letter,easyocr=1ร|cnn=78|tesseract=กล|paddle=16,97,0.063,เลย,0.779,0.0,car,2,3,True,,390,8,251,832.1
plate_00866.jpg,group,ส,0.4161,True,whole crop,,2,0.563,แพร่,0.503,0.5,car,1,1,True,,278,1,240,71.8
plate_00866.jpg,easyocr,ส,0.9999,True,per-letter,,2,0.563,แพร่,0.503,0.5,car,1,1,True,,278,1,240,174.9
plate_00866.jpg,cnn,ส,0.8934,True,per-letter,,2,0.563,แพร่,0.503,0.5,car,1,1,True,,278,1,240,2.3
plate_00866.jpg,tesseract,ศ,0.994,True,per-letter,,2,0.563,แพร่,0.503,0.5,car,1,1,True,,278,1,240,74.5
plate_00866.jpg,paddle,ส,0.9645,True,per-letter,,2,0.563,แพร่,0.503,0.5,car,1,1,True,,278,1,240,77.7
plate_00866.jpg,easyocr+cnn,ส,0.9345,True,per-letter,easyocr=ส|cnn=ส,2,0.563,แพร่,0.503,0.5,car,1,1,True,,278,1,240,177.2
plate_00866.jpg,cnn+paddle,ส,0.932,True,per-letter,cnn=ส|paddle=ส,2,0.563,แพร่,0.503,0.5,car,1,1,True,,278,1,240,80.1
plate_00866.jpg,easyocr+cnn+paddle,ส,0.9513,True,per-letter,easyocr=ส|cnn=ส|paddle=ส,2,0.563,แพร่,0.503,0.5,car,1,1,True,,278,1,240,255.0
plate_00866.jpg,easyocr+cnn+tesseract+paddle,ส,0.8869,True,per-letter,easyocr=ส|cnn=ส|tesseract=ศ|paddle=ส,2,0.563,แพร่,0.503,0.5,car,1,1,True,,278,1,240,329.4
plate_00927.jpg,group,อ,0.9732,True,whole crop,,3248,0.999,กรุงเทพมหานคร,1.0,0.609,car,1,4,False,,351,2,311,95.5
plate_00927.jpg,easyocr,อ,1.0,True,per-letter,,3248,0.999,กรุงเทพมหานคร,1.0,0.609,car,1,4,False,,351,2,311,159.0
plate_00927.jpg,cnn,อ,0.9893,True,per-letter,,3248,0.999,กรุงเทพมหานคร,1.0,0.609,car,1,4,False,,351,2,311,2.0
plate_00927.jpg,tesseract,อ,0.9988,True,per-letter,,3248,0.999,กรุงเทพมหานคร,1.0,0.609,car,1,4,False,,351,2,311,129.1
plate_00927.jpg,paddle,อ,0.995,True,per-letter,,3248,0.999,กรุงเทพมหานคร,1.0,0.609,car,1,4,False,,351,2,311,76.8
plate_00927.jpg,easyocr+cnn,อ,0.993,True,per-letter,easyocr=อ|cnn=อ,3248,0.999,กรุงเทพมหานคร,1.0,0.609,car,1,4,False,,351,2,311,161.0
plate_00927.jpg,cnn+paddle,อ,0.993,True,per-letter,cnn=อ|paddle=อ,3248,0.999,กรุงเทพมหานคร,1.0,0.609,car,1,4,False,,351,2,311,78.8
plate_00927.jpg,easyocr+cnn+paddle,อ,0.9948,True,per-letter,easyocr=อ|cnn=อ|paddle=อ,3248,0.999,กรุงเทพมหานคร,1.0,0.609,car,1,4,False,,351,2,311,237.7
plate_00927.jpg,easyocr+cnn+tesseract+paddle,อ,0.9952,True,per-letter,easyocr=อ|cnn=อ|tesseract=อ|paddle=อ,3248,0.999,กรุงเทพมหานคร,1.0,0.609,car,1,4,False,,351,2,311,366.9
plate_00933.jpg,group,มค,0.1648,True,whole crop,,1730,0.786,กรุงเทพมหานคร,1.0,0.48,car,2,4,True,,223,1,245,74.2
plate_00933.jpg,easyocr,2ค,0.3455,True,per-letter,,1730,0.786,กรุงเทพมหานคร,1.0,0.48,car,2,4,True,,223,1,245,492.4
plate_00933.jpg,cnn,งค,0.4398,True,per-letter,,1730,0.786,กรุงเทพมหานคร,1.0,0.48,car,2,4,True,,223,1,245,2.8
plate_00933.jpg,tesseract,พ?,0.0,False,per-letter,,1730,0.786,กรุงเทพมหานคร,1.0,0.48,car,2,4,True,,223,1,245,238.4
plate_00933.jpg,paddle,พค,0.4736,True,per-letter,,1730,0.786,กรุงเทพมหานคร,1.0,0.48,car,2,4,True,,223,1,245,220.5
plate_00933.jpg,easyocr+cnn,งค,0.4284,True,per-letter,easyocr=2ค|cnn=งค,1730,0.786,กรุงเทพมหานคร,1.0,0.48,car,2,4,True,,223,1,245,495.3
plate_00933.jpg,cnn+paddle,มค,0.3634,True,per-letter,cnn=งค|paddle=พค,1730,0.786,กรุงเทพมหานคร,1.0,0.48,car,2,4,True,,223,1,245,223.4
plate_00933.jpg,easyocr+cnn+paddle,มค,0.3698,True,per-letter,easyocr=2ค|cnn=งค|paddle=พค,1730,0.786,กรุงเทพมหานคร,1.0,0.48,car,2,4,True,,223,1,245,715.8
plate_00933.jpg,easyocr+cnn+tesseract+paddle,พค,0.3808,True,per-letter,easyocr=2ค|cnn=งค|tesseract=พก|paddle=พค,1730,0.786,กรุงเทพมหานคร,1.0,0.48,car,2,4,True,,223,1,245,954.2
plate_00942.jpg,group,3ฒว,0.0851,True,whole crop,,2624,1.0,กรุงเทพมหานคร,1.0,0.917,car,3,4,True,,261,1,260,71.0
plate_00942.jpg,easyocr,3จช,0.6293,True,per-letter,,2624,1.0,กรุงเทพมหานคร,1.0,0.917,car,3,4,True,,261,1,260,478.6
plate_00942.jpg,cnn,3ฒว,0.9914,True,per-letter,,2624,1.0,กรุงเทพมหานคร,1.0,0.917,car,3,4,False,,261,1,260,4.5
plate_00942.jpg,tesseract,4?ว,0.0,False,per-letter,,2624,1.0,กรุงเทพมหานคร,1.0,0.917,car,3,4,True,,261,1,260,290.9
plate_00942.jpg,paddle,3นว,0.4973,True,per-letter,,2624,1.0,กรุงเทพมหานคร,1.0,0.917,car,3,4,True,,261,1,260,209.9
plate_00942.jpg,easyocr+cnn,3ฒว,0.8732,True,per-letter,easyocr=3จ7|cnn=3ฒว,2624,1.0,กรุงเทพมหานคร,1.0,0.917,car,3,4,False,,261,1,260,483.2
plate_00942.jpg,cnn+paddle,3ฒว,0.803,True,per-letter,cnn=3ฒว|paddle=3นว,2624,1.0,กรุงเทพมหานคร,1.0,0.917,car,3,4,False,,261,1,260,214.5
plate_00942.jpg,easyocr+cnn+paddle,3ฒว,0.7632,True,per-letter,easyocr=3จ7|cnn=3ฒว|paddle=3นว,2624,1.0,กรุงเทพมหานคร,1.0,0.917,car,3,4,False,,261,1,260,693.1
plate_00942.jpg,easyocr+cnn+tesseract+paddle,3ฒว,0.7436,True,per-letter,easyocr=3จ7|cnn=3ฒว|tesseract=4กว|paddle=3นว,2624,1.0,กรุงเทพมหานคร,1.0,0.917,car,3,4,False,,261,1,260,984.0
plate_00958.jpg,group,ก,0.9407,True,whole crop,,6133,0.998,สุราษฎร์ธานี,1.0,0.762,car,1,4,False,,326,1,243,77.0
plate_00958.jpg,easyocr,ก,1.0,True,per-letter,,6133,0.998,สุราษฎร์ธานี,1.0,0.762,car,1,4,False,,326,1,243,113.2
plate_00958.jpg,cnn,ก,0.9981,True,per-letter,,6133,0.998,สุราษฎร์ธานี,1.0,0.762,car,1,4,False,,326,1,243,1.2
plate_00958.jpg,tesseract,ก,0.9988,True,per-letter,,6133,0.998,สุราษฎร์ธานี,1.0,0.762,car,1,4,False,,326,1,243,97.3
plate_00958.jpg,paddle,ก,0.975,True,per-letter,,6133,0.998,สุราษฎร์ธานี,1.0,0.762,car,1,4,False,,326,1,243,71.0
plate_00958.jpg,easyocr+cnn,ก,0.9988,True,per-letter,easyocr=ก|cnn=ก,6133,0.998,สุราษฎร์ธานี,1.0,0.762,car,1,4,False,,326,1,243,114.4
plate_00958.jpg,cnn+paddle,ก,0.9909,True,per-letter,cnn=ก|paddle=ก,6133,0.998,สุราษฎร์ธานี,1.0,0.762,car,1,4,False,,326,1,243,72.2
plate_00958.jpg,easyocr+cnn+paddle,ก,0.9932,True,per-letter,easyocr=ก|cnn=ก|paddle=ก,6133,0.998,สุราษฎร์ธานี,1.0,0.762,car,1,4,False,,326,1,243,185.4
plate_00958.jpg,easyocr+cnn+tesseract+paddle,ก,0.9938,True,per-letter,easyocr=ก|cnn=ก|tesseract=ก|paddle=ก,6133,0.998,สุราษฎร์ธานี,1.0,0.762,car,1,4,False,,326,1,243,282.7
plate_00995.jpg,group,ซ,0.2554,True,whole crop,,2,0.117,เลย,0.398,0.0,motorcycle,1,3,True,,405,27,258,71.4
plate_00995.jpg,easyocr,ง,0.3797,True,per-letter,,2,0.117,เลย,0.398,0.0,motorcycle,1,3,True,,405,27,258,171.5
plate_00995.jpg,cnn,ฮ,0.6066,True,per-letter,,2,0.117,เลย,0.398,0.0,motorcycle,1,3,True,,405,27,258,1.2
plate_00995.jpg,tesseract,?,0.0,False,per-letter,,2,0.117,เลย,0.398,0.0,motorcycle,1,3,True,,405,27,258,137.1
plate_00995.jpg,paddle,ซ,0.9494,True,per-letter,,2,0.117,เลย,0.398,0.0,motorcycle,1,3,True,,405,27,258,71.1
plate_00995.jpg,easyocr+cnn,ฮ,0.5563,True,per-letter,easyocr=ง|cnn=ฮ,2,0.117,เลย,0.398,0.0,motorcycle,1,3,True,,405,27,258,172.7
plate_00995.jpg,cnn+paddle,ซ,0.5467,True,per-letter,cnn=ฮ|paddle=ซ,2,0.117,เลย,0.398,0.0,motorcycle,1,3,True,,405,27,258,72.3
plate_00995.jpg,easyocr+cnn+paddle,ซ,0.5438,True,per-letter,easyocr=ง|cnn=ฮ|paddle=ซ,2,0.117,เลย,0.398,0.0,motorcycle,1,3,True,,405,27,258,243.7
plate_00995.jpg,easyocr+cnn+tesseract+paddle,ซ,0.5431,True,per-letter,easyocr=ง|cnn=ฮ|tesseract=ก|paddle=ซ,2,0.117,เลย,0.398,0.0,motorcycle,1,3,True,,405,27,258,380.9
plate_00997.jpg,group,ดร,0.1403,True,whole crop,,37,0.792,กรุงเทพมหานคร,1.0,0.522,car,2,4,True,,325,1,252,74.0
plate_00997.jpg,easyocr,ป5,0.0,False,per-letter,,37,0.792,กรุงเทพมหานคร,1.0,0.522,car,2,4,True,,325,1,252,278.1
plate_00997.jpg,cnn,55,0.9963,True,per-letter,,37,0.792,กรุงเทพมหานคร,1.0,0.522,car,2,4,True,,325,1,252,2.7
plate_00997.jpg,tesseract,จก,0.5667,True,per-letter,,37,0.792,กรุงเทพมหานคร,1.0,0.522,car,2,4,True,,325,1,252,206.6
plate_00997.jpg,paddle,ซร,0.893,True,per-letter,,37,0.792,กรุงเทพมหานคร,1.0,0.522,car,2,4,True,,325,1,252,146.2
plate_00997.jpg,easyocr+cnn,55,0.9975,True,per-letter,easyocr=ป5|cnn=55,37,0.792,กรุงเทพมหานคร,1.0,0.522,car,2,4,True,,325,1,252,280.8
plate_00997.jpg,cnn+paddle,55,0.9959,True,per-letter,cnn=55|paddle=ซ5,37,0.792,กรุงเทพมหานคร,1.0,0.522,car,2,4,True,,325,1,252,148.9
plate_00997.jpg,easyocr+cnn+paddle,55,0.9964,True,per-letter,easyocr=ป5|cnn=55|paddle=ซ5,37,0.792,กรุงเทพมหานคร,1.0,0.522,car,2,4,True,,325,1,252,426.9
plate_00997.jpg,easyocr+cnn+tesseract+paddle,55,0.9952,True,per-letter,easyocr=ป5|cnn=55|tesseract=จ5|paddle=ซ5,37,0.792,กรุงเทพมหานคร,1.0,0.522,car,2,4,True,,325,1,252,633.6
plate_00999.jpg,group,34,0.1188,True,whole crop,,2,0.163,น่าน,0.275,0.0,car,2,1,True,,328,1,235,74.8
plate_00999.jpg,easyocr,สง,0.7563,True,per-letter,,2,0.163,น่าน,0.275,0.0,car,2,1,True,,328,1,235,294.2
plate_00999.jpg,cnn,23,0.461,True,per-letter,,2,0.163,น่าน,0.275,0.0,car,2,1,True,,328,1,235,4.7
plate_00999.jpg,tesseract,8ฑ,0.8287,True,per-letter,,2,0.163,น่าน,0.275,0.0,car,2,1,True,,328,1,235,204.8
plate_00999.jpg,paddle,13,0.4213,True,per-letter,,2,0.163,น่าน,0.275,0.0,car,2,1,True,,328,1,235,143.4
plate_00999.jpg,easyocr+cnn,23,0.5791,True,per-letter,easyocr=ส3|cnn=23,2,0.163,น่าน,0.275,0.0,car,2,1,True,,328,1,235,298.9
plate_00999.jpg,cnn+paddle,23,0.4812,True,per-letter,cnn=23|paddle=13,2,0.163,น่าน,0.275,0.0,car,2,1,True,,328,1,235,148.1
plate_00999.jpg,easyocr+cnn+paddle,23,0.5731,True,per-letter,easyocr=ส3|cnn=23|paddle=13,2,0.163,น่าน,0.275,0.0,car,2,1,True,,328,1,235,442.2
plate_00999.jpg,easyocr+cnn+tesseract+paddle,23,0.5721,True,per-letter,easyocr=ส3|cnn=23|tesseract=8ฑ|paddle=13,2,0.163,น่าน,0.275,0.0,car,2,1,True,,328,1,235,647.0
plate_01038.jpg,group,พ,0.208,True,whole crop,,178,0.506,เลย,0.591,0.0,car,1,4,True,,260,1,242,99.4
plate_01038.jpg,easyocr,ส,0.9599,True,per-letter,,178,0.506,เลย,0.591,0.0,car,1,4,True,,260,1,242,106.0
plate_01038.jpg,cnn,ฬ,0.989,True,per-letter,,178,0.506,เลย,0.591,0.0,car,1,4,True,,260,1,242,1.1
plate_01038.jpg,tesseract,?,0.0,False,per-letter,,178,0.506,เลย,0.591,0.0,car,1,4,True,,260,1,242,166.8
plate_01038.jpg,paddle,ซ,0.8212,True,per-letter,,178,0.506,เลย,0.591,0.0,car,1,4,True,,260,1,242,70.6
plate_01038.jpg,easyocr+cnn,ฬ,0.6298,True,per-letter,easyocr=ส|cnn=ฬ,178,0.506,เลย,0.591,0.0,car,1,4,True,,260,1,242,107.1
plate_01038.jpg,cnn+paddle,ฬ,0.4792,True,per-letter,cnn=ฬ|paddle=ซ,178,0.506,เลย,0.591,0.0,car,1,4,True,,260,1,242,71.7
plate_01038.jpg,easyocr+cnn+paddle,ฬ,0.4063,True,per-letter,easyocr=ส|cnn=ฬ|paddle=ซ,178,0.506,เลย,0.591,0.0,car,1,4,True,,260,1,242,177.7
plate_01038.jpg,easyocr+cnn+tesseract+paddle,ฬ,0.4045,True,per-letter,easyocr=ส|cnn=ฬ|tesseract=ก|paddle=ซ,178,0.506,เลย,0.591,0.0,car,1,4,True,,260,1,242,344.5
plate_01111.jpg,group,มข,0.4579,True,whole crop,,1230,1.0,กรุงเทพมหานคร,1.0,0.917,car,2,4,True,,285,1,242,73.1
plate_01111.jpg,easyocr,ฆข,0.8358,True,per-letter,,1230,1.0,กรุงเทพมหานคร,1.0,0.917,car,2,4,False,,285,1,242,396.4
plate_01111.jpg,cnn,ฆข,0.9762,True,per-letter,,1230,1.0,กรุงเทพมหานคร,1.0,0.917,car,2,4,False,,285,1,242,1.8
plate_01111.jpg,tesseract,ฆข,0.9803,True,per-letter,,1230,1.0,กรุงเทพมหานคร,1.0,0.917,car,2,4,False,,285,1,242,232.8
plate_01111.jpg,paddle,มข,0.3786,True,per-letter,,1230,1.0,กรุงเทพมหานคร,1.0,0.917,car,2,4,True,,285,1,242,165.5
plate_01111.jpg,easyocr+cnn,ฆข,0.9358,True,per-letter,easyocr=ฆข|cnn=ฆข,1230,1.0,กรุงเทพมหานคร,1.0,0.917,car,2,4,False,,285,1,242,398.2
plate_01111.jpg,cnn+paddle,ฆข,0.5455,True,per-letter,cnn=ฆข|paddle=มข,1230,1.0,กรุงเทพมหานคร,1.0,0.917,car,2,4,True,,285,1,242,167.3
plate_01111.jpg,easyocr+cnn+paddle,ฆข,0.6236,True,per-letter,easyocr=ฆข|cnn=ฆข|paddle=มข,1230,1.0,กรุงเทพมหานคร,1.0,0.917,car,2,4,True,,285,1,242,563.7
plate_01111.jpg,easyocr+cnn+tesseract+paddle,ฆข,0.6469,True,per-letter,easyocr=ฆข|cnn=ฆข|tesseract=ฆข|paddle=มข,1230,1.0,กรุงเทพมหานคร,1.0,0.917,car,2,4,True,,285,1,242,796.5
plate_01113.jpg,group,กอ,0.9929,True,whole crop,,98,0.91,ลพบุรี,1.0,0.667,car,2,3,True,,466,6,222,85.8
plate_01113.jpg,easyocr,กอ,0.9129,True,per-letter,,98,0.91,ลพบุรี,1.0,0.667,car,2,3,True,,466,6,222,399.4
plate_01113.jpg,cnn,กอ,0.9971,True,per-letter,,98,0.91,ลพบุรี,1.0,0.667,car,2,3,True,,466,6,222,3.7
plate_01113.jpg,tesseract,กอ,0.9988,True,per-letter,,98,0.91,ลพบุรี,1.0,0.667,car,2,3,True,,466,6,222,251.2
plate_01113.jpg,paddle,กอ,0.9984,True,per-letter,,98,0.91,ลพบุรี,1.0,0.667,car,2,3,True,,466,6,222,144.2
plate_01113.jpg,easyocr+cnn,กอ,0.9754,True,per-letter,easyocr=กอ|cnn=กอ,98,0.91,ลพบุรี,1.0,0.667,car,2,3,True,,466,6,222,403.1
plate_01113.jpg,cnn+paddle,กอ,0.998,True,per-letter,cnn=กอ|paddle=กอ,98,0.91,ลพบุรี,1.0,0.667,car,2,3,True,,466,6,222,147.9
plate_01113.jpg,easyocr+cnn+paddle,กอ,0.982,True,per-letter,easyocr=กอ|cnn=กอ|paddle=กอ,98,0.91,ลพบุรี,1.0,0.667,car,2,3,True,,466,6,222,547.3
plate_01113.jpg,easyocr+cnn+tesseract+paddle,กอ,0.9838,True,per-letter,easyocr=กอ|cnn=กอ|tesseract=กอ|paddle=กอ,98,0.91,ลพบุรี,1.0,0.667,car,2,3,True,,466,6,222,798.5
plate_01133.jpg,group,ซ,0.7525,True,whole crop,,273,0.074,เลย,0.847,0.0,car,1,4,True,,293,5,245,84.1
plate_01133.jpg,easyocr,ข,0.9953,True,per-letter,,273,0.074,เลย,0.847,0.0,car,1,4,True,,293,5,245,91.2
plate_01133.jpg,cnn,ข,0.9919,True,per-letter,,273,0.074,เลย,0.847,0.0,car,1,4,True,,293,5,245,1.2
plate_01133.jpg,tesseract,จ,0.7008,True,per-letter,,273,0.074,เลย,0.847,0.0,car,1,4,True,,293,5,245,139.4
plate_01133.jpg,paddle,ป,0.6328,True,per-letter,,273,0.074,เลย,0.847,0.0,car,1,4,True,,293,5,245,72.3
plate_01133.jpg,easyocr+cnn,ข,0.994,True,per-letter,easyocr=ข|cnn=ข,273,0.074,เลย,0.847,0.0,car,1,4,True,,293,5,245,92.4
plate_01133.jpg,cnn+paddle,ข,0.5039,True,per-letter,cnn=ข|paddle=ป,273,0.074,เลย,0.847,0.0,car,1,4,True,,293,5,245,73.5
plate_01133.jpg,easyocr+cnn+paddle,ข,0.6046,True,per-letter,easyocr=ข|cnn=ข|paddle=ป,273,0.074,เลย,0.847,0.0,car,1,4,True,,293,5,245,164.6
plate_01133.jpg,easyocr+cnn+tesseract+paddle,ข,0.6001,True,per-letter,easyocr=ข|cnn=ข|tesseract=จ|paddle=ป,273,0.074,เลย,0.847,0.0,car,1,4,True,,293,5,245,304.1
plate_01160.jpg,group,,0.0,False,whole crop,,,0.0,เลย,0.966,0.0,car,1,1,True,,391,1,228,85.0
plate_01160.jpg,easyocr,ท,0.837,True,per-letter,,,0.0,เลย,0.966,0.0,car,1,1,True,,391,1,228,154.7
plate_01160.jpg,cnn,ก,0.4661,True,per-letter,,,0.0,เลย,0.966,0.0,car,1,1,True,,391,1,228,2.0
plate_01160.jpg,tesseract,?,0.0,False,per-letter,,,0.0,เลย,0.966,0.0,car,1,1,True,,391,1,228,133.2
plate_01160.jpg,paddle,อ,0.4758,True,per-letter,,,0.0,เลย,0.966,0.0,car,1,1,True,,391,1,228,69.9
plate_01160.jpg,easyocr+cnn,ท,0.4586,True,per-letter,easyocr=ท|cnn=ก,,0.0,เลย,0.966,0.0,car,1,1,True,,391,1,228,156.7
plate_01160.jpg,cnn+paddle,ก,0.4798,True,per-letter,cnn=ก|paddle=อ,,0.0,เลย,0.966,0.0,car,1,1,True,,391,1,228,72.0
plate_01160.jpg,easyocr+cnn+paddle,ท,0.4562,True,per-letter,easyocr=ท|cnn=ก|paddle=อ,,0.0,เลย,0.966,0.0,car,1,1,True,,391,1,228,226.6
plate_01160.jpg,easyocr+cnn+tesseract+paddle,ท,0.4546,True,per-letter,easyocr=ท|cnn=ก|tesseract=ก|paddle=อ,,0.0,เลย,0.966,0.0,car,1,1,True,,391,1,228,359.8
plate_01168.jpg,group,ทส,0.9528,True,whole crop,,1950,0.263,หนองคาย,0.468,0.333,car,2,4,True,,299,1,270,76.3
plate_01168.jpg,easyocr,ทส,0.67,True,per-letter,,1950,0.263,หนองคาย,0.468,0.333,car,2,4,True,,299,1,270,357.2
plate_01168.jpg,cnn,ทส,0.9953,True,per-letter,,1950,0.263,หนองคาย,0.468,0.333,car,2,4,True,,299,1,270,2.3
plate_01168.jpg,tesseract,ท?,0.0,False,per-letter,,1950,0.263,หนองคาย,0.468,0.333,car,2,4,True,,299,1,270,186.9
plate_01168.jpg,paddle,ทส,0.9779,True,per-letter,,1950,0.263,หนองคาย,0.468,0.333,car,2,4,True,,299,1,270,158.2
plate_01168.jpg,easyocr+cnn,ทส,0.9551,True,per-letter,easyocr=ตส|cnn=ทส,1950,0.263,หนองคาย,0.468,0.333,car,2,4,True,,299,1,270,359.5
plate_01168.jpg,cnn+paddle,ทส,0.9908,True,per-letter,cnn=ทส|paddle=ทส,1950,0.263,หนองคาย,0.468,0.333,car,2,4,True,,299,1,270,160.6
plate_01168.jpg,easyocr+cnn+paddle,ทส,0.9665,True,per-letter,easyocr=ตส|cnn=ทส|paddle=ทส,1950,0.263,หนองคาย,0.468,0.333,car,2,4,True,,299,1,270,517.7
plate_01168.jpg,easyocr+cnn+tesseract+paddle,ทส,0.9664,True,per-letter,easyocr=ตส|cnn=ทส|tesseract=ทก|paddle=ทส,1950,0.263,หนองคาย,0.468,0.333,car,2,4,True,,299,1,270,704.6
plate_01187.jpg,group,1มก,0.2599,True,whole crop,,7895,0.999,กรุงเทพมหานคร,1.0,0.667,car,3,4,True,,320,1,245,72.9
plate_01187.jpg,easyocr,1มก,0.9987,True,per-letter,,7895,0.999,กรุงเทพมหานคร,1.0,0.667,car,3,4,False,,320,1,245,553.2
plate_01187.jpg,cnn,1มก,0.9948,True,per-letter,,7895,0.999,กรุงเทพมหานคร,1.0,0.667,car,3,4,False,,320,1,245,2.4
plate_01187.jpg,tesseract,1นก,0.9862,True,per-letter,,7895,0.999,กรุงเทพมหานคร,1.0,0.667,car,3,4,False,,320,1,245,249.5
plate_01187.jpg,paddle,1มก,0.995,True,per-letter,,7895,0.999,กรุงเทพมหานคร,1.0,0.667,car,3,4,False,,320,1,245,249.7
plate_01187.jpg,easyocr+cnn,1มก,0.9954,True,per-letter,easyocr=1มก|cnn=1มก,7895,0.999,กรุงเทพมหานคร,1.0,0.667,car,3,4,False,,320,1,245,555.6
plate_01187.jpg,cnn+paddle,1มก,0.9958,True,per-letter,cnn=1มก|paddle=1มก,7895,0.999,กรุงเทพมหานคร,1.0,0.667,car,3,4,False,,320,1,245,252.1
plate_01187.jpg,easyocr+cnn+paddle,1มก,0.996,True,per-letter,easyocr=1มก|cnn=1มก|paddle=1มก,7895,0.999,กรุงเทพมหานคร,1.0,0.667,car,3,4,False,,320,1,245,805.3
plate_01187.jpg,easyocr+cnn+tesseract+paddle,1มก,0.9434,True,per-letter,easyocr=1มก|cnn=1มก|tesseract=1นก|paddle=1มก,7895,0.999,กรุงเทพมหานคร,1.0,0.667,car,3,4,False,,320,1,245,1054.8
plate_01381.jpg,group,7กน,0.1949,True,whole crop,,1122,0.619,กรุงเทพมหานคร,1.0,0.923,car,3,4,True,,346,1,273,73.5
plate_01381.jpg,easyocr,7กผ,0.4023,True,per-letter,,1122,0.619,กรุงเทพมหานคร,1.0,0.923,car,3,4,True,,346,1,273,474.2
plate_01381.jpg,cnn,7กผ,0.9931,True,per-letter,,1122,0.619,กรุงเทพมหานคร,1.0,0.923,car,3,4,True,,346,1,273,2.8
plate_01381.jpg,tesseract,7กผ,0.9757,True,per-letter,,1122,0.619,กรุงเทพมหานคร,1.0,0.923,car,3,4,True,,346,1,273,338.2
plate_01381.jpg,paddle,7กฝ,0.6532,True,per-letter,,1122,0.619,กรุงเทพมหานคร,1.0,0.923,car,3,4,True,,346,1,273,264.4
plate_01381.jpg,easyocr+cnn,7กผ,0.8489,True,per-letter,easyocr=7กผ|cnn=7กผ,1122,0.619,กรุงเทพมหานคร,1.0,0.923,car,3,4,True,,346,1,273,477.0
plate_01381.jpg,cnn+paddle,7กผ,0.8028,True,per-letter,cnn=7กผ|paddle=7กฝ,1122,0.619,กรุงเทพมหานคร,1.0,0.923,car,3,4,True,,346,1,273,267.2
plate_01381.jpg,easyocr+cnn+paddle,7กผ,0.7568,True,per-letter,easyocr=7กผ|cnn=7กผ|paddle=7กฝ,1122,0.619,กรุงเทพมหานคร,1.0,0.923,car,3,4,True,,346,1,273,741.3
plate_01381.jpg,easyocr+cnn+tesseract+paddle,7กผ,0.7748,True,per-letter,easyocr=7กผ|cnn=7กผ|tesseract=7กผ|paddle=7กฝ,1122,0.619,กรุงเทพมหานคร,1.0,0.923,car,3,4,True,,346,1,273,1079.5
plate_01481.jpg,group,401,0.0681,True,whole crop,,1086,0.827,กรุงเทพมหานคร,0.404,0.0,car,2,4,True,,321,2,306,72.8
plate_01481.jpg,easyocr,ตม,0.3932,True,per-letter,,1086,0.827,กรุงเทพมหานคร,0.404,0.0,car,2,4,True,,321,2,306,393.4
plate_01481.jpg,cnn,สม,0.3561,True,per-letter,,1086,0.827,กรุงเทพมหานคร,0.404,0.0,car,2,4,True,,321,2,306,3.4
plate_01481.jpg,tesseract,??,0.0,False,per-letter,,1086,0.827,กรุงเทพมหานคร,0.404,0.0,car,2,4,True,,321,2,306,249.4
plate_01481.jpg,paddle,2ม,0.4271,True,per-letter,,1086,0.827,กรุงเทพมหานคร,0.404,0.0,car,2,4,True,,321,2,306,149.9
plate_01481.jpg,easyocr+cnn,สม,0.3841,True,per-letter,easyocr=ตม|cnn=สม,1086,0.827,กรุงเทพมหานคร,0.404,0.0,car,2,4,True,,321,2,306,396.8
plate_01481.jpg,cnn+paddle,สม,0.3658,True,per-letter,cnn=สม|paddle=2ม,1086,0.827,กรุงเทพมหานคร,0.404,0.0,car,2,4,True,,321,2,306,153.3
plate_01481.jpg,easyocr+cnn+paddle,สม,0.3929,True,per-letter,easyocr=ตม|cnn=สม|paddle=2ม,1086,0.827,กรุงเทพมหานคร,0.404,0.0,car,2,4,True,,321,2,306,546.7
plate_01481.jpg,easyocr+cnn+tesseract+paddle,สม,0.3897,True,per-letter,easyocr=ตม|cnn=สม|tesseract=กก|paddle=2ม,1086,0.827,กรุงเทพมหานคร,0.404,0.0,car,2,4,True,,321,2,306,796.1
plate_01506.jpg,group,ทษ,0.4418,True,whole crop,,9358,0.871,น่าน,0.468,0.0,car,2,4,True,,328,1,270,87.6
plate_01506.jpg,easyocr,ภม,0.4157,True,per-letter,,9358,0.871,น่าน,0.468,0.0,car,2,4,True,,328,1,270,512.0
plate_01506.jpg,cnn,ทษ,0.9933,True,per-letter,,9358,0.871,น่าน,0.468,0.0,car,2,4,True,,328,1,270,3.0
plate_01506.jpg,tesseract,ทษ,0.9727,True,per-letter,,9358,0.871,น่าน,0.468,0.0,car,2,4,True,,328,1,270,202.7
plate_01506.jpg,paddle,พษ,0.2321,True,per-letter,,9358,0.871,น่าน,0.468,0.0,car,2,4,True,,328,1,270,153.9
plate_01506.jpg,easyocr+cnn,ทษ,0.7286,True,per-letter,easyocr=ภม|cnn=ทษ,9358,0.871,น่าน,0.468,0.0,car,2,4,True,,328,1,270,515.0
plate_01506.jpg,cnn+paddle,ทษ,0.7657,True,per-letter,cnn=ทษ|paddle=พซ,9358,0.871,น่าน,0.468,0.0,car,2,4,True,,328,1,270,156.9
plate_01506.jpg,easyocr+cnn+paddle,ทษ,0.6657,True,per-letter,easyocr=ภม|cnn=ทษ|paddle=พซ,9358,0.871,น่าน,0.468,0.0,car,2,4,True,,328,1,270,668.9
plate_01506.jpg,easyocr+cnn+tesseract+paddle,ทษ,0.6927,True,per-letter,easyocr=ภม|cnn=ทษ|tesseract=ทษ|paddle=พซ,9358,0.871,น่าน,0.468,0.0,car,2,4,True,,328,1,270,871.6
plate_01514.jpg,group,ส,0.4885,True,whole crop,,7743,0.719,กรุงเทพมหานคร,1.0,0.923,car,1,4,True,,349,12,700,73.8
plate_01514.jpg,easyocr,ล,0.9682,True,per-letter,,7743,0.719,กรุงเทพมหานคร,1.0,0.923,car,1,4,True,,349,12,700,243.6
plate_01514.jpg,cnn,ล,0.9689,True,per-letter,,7743,0.719,กรุงเทพมหานคร,1.0,0.923,car,1,4,True,,349,12,700,3.5
plate_01514.jpg,tesseract,ล,0.9979,True,per-letter,,7743,0.719,กรุงเทพมหานคร,1.0,0.923,car,1,4,True,,349,12,700,129.0
plate_01514.jpg,paddle,ส,0.8127,True,per-letter,,7743,0.719,กรุงเทพมหานคร,1.0,0.923,car,1,4,True,,349,12,700,74.0
plate_01514.jpg,easyocr+cnn,ล,0.976,True,per-letter,easyocr=ล|cnn=ล,7743,0.719,กรุงเทพมหานคร,1.0,0.923,car,1,4,True,,349,12,700,247.1
plate_01514.jpg,cnn+paddle,ล,0.6115,True,per-letter,cnn=ล|paddle=ส,7743,0.719,กรุงเทพมหานคร,1.0,0.923,car,1,4,True,,349,12,700,77.5
plate_01514.jpg,easyocr+cnn+paddle,ล,0.7005,True,per-letter,easyocr=ล|cnn=ล|paddle=ส,7743,0.719,กรุงเทพมหานคร,1.0,0.923,car,1,4,True,,349,12,700,321.1
plate_01514.jpg,easyocr+cnn+tesseract+paddle,ล,0.731,True,per-letter,easyocr=ล|cnn=ล|tesseract=ล|paddle=ส,7743,0.719,กรุงเทพมหานคร,1.0,0.923,car,1,4,True,,349,12,700,450.1
plate_01528.jpg,group,กฉ,0.225,True,whole crop,,3003,0.98,กระบี่,0.927,0.545,car,2,4,True,,253,1,277,80.9
plate_01528.jpg,easyocr,กฉ,0.612,True,per-letter,,3003,0.98,กระบี่,0.927,0.545,car,2,4,True,,253,1,277,301.6
plate_01528.jpg,cnn,กฉ,0.973,True,per-letter,,3003,0.98,กระบี่,0.927,0.545,car,2,4,True,,253,1,277,1.7
plate_01528.jpg,tesseract,?ฉ,0.0,False,per-letter,,3003,0.98,กระบี่,0.927,0.545,car,2,4,True,,253,1,277,243.7
plate_01528.jpg,paddle,กอ,0.7529,True,per-letter,,3003,0.98,กระบี่,0.927,0.545,car,2,4,True,,253,1,277,142.5
plate_01528.jpg,easyocr+cnn,กฉ,0.8652,True,per-letter,easyocr=กฉ|cnn=กฉ,3003,0.98,กระบี่,0.927,0.545,car,2,4,True,,253,1,277,303.4
plate_01528.jpg,cnn+paddle,กฉ,0.7223,True,per-letter,cnn=กฉ|paddle=กอ,3003,0.98,กระบี่,0.927,0.545,car,2,4,True,,253,1,277,144.2
plate_01528.jpg,easyocr+cnn+paddle,กฉ,0.7198,True,per-letter,easyocr=กฉ|cnn=กฉ|paddle=กอ,3003,0.98,กระบี่,0.927,0.545,car,2,4,True,,253,1,277,445.9
plate_01528.jpg,easyocr+cnn+tesseract+paddle,กฉ,0.7483,True,per-letter,easyocr=กฉ|cnn=กฉ|tesseract=กฉ|paddle=กอ,3003,0.98,กระบี่,0.927,0.545,car,2,4,True,,253,1,277,689.6
plate_01546.jpg,group,สก,0.4521,True,whole crop,,6717,0.081,น่าน,0.455,0.0,car,2,4,True,,411,6,263,76.3
plate_01546.jpg,easyocr,ลก,0.7438,True,per-letter,,6717,0.081,น่าน,0.455,0.0,car,2,4,True,,411,6,263,370.8
plate_01546.jpg,cnn,สก,0.8588,True,per-letter,,6717,0.081,น่าน,0.455,0.0,car,2,4,True,,411,6,263,1.8
plate_01546.jpg,tesseract,ลก,0.6636,True,per-letter,,6717,0.081,น่าน,0.455,0.0,car,2,4,True,,411,6,263,280.1
plate_01546.jpg,paddle,ซก,0.3799,True,per-letter,,6717,0.081,น่าน,0.455,0.0,car,2,4,True,,411,6,263,155.7
plate_01546.jpg,easyocr+cnn,สก,0.6965,True,per-letter,easyocr=ลก|cnn=สก,6717,0.081,น่าน,0.455,0.0,car,2,4,True,,411,6,263,372.6
plate_01546.jpg,cnn+paddle,สก,0.7039,True,per-letter,cnn=สก|paddle=ซก,6717,0.081,น่าน,0.455,0.0,car,2,4,True,,411,6,263,157.5
plate_01546.jpg,easyocr+cnn+paddle,สก,0.6231,True,per-letter,easyocr=ลก|cnn=สก|paddle=ซก,6717,0.081,น่าน,0.455,0.0,car,2,4,True,,411,6,263,528.3
plate_01546.jpg,easyocr+cnn+tesseract+paddle,สก,0.6005,True,per-letter,easyocr=ลก|cnn=สก|tesseract=ล0|paddle=ซก,6717,0.081,น่าน,0.455,0.0,car,2,4,True,,411,6,263,808.4
plate_01551.jpg,group,กจ,0.9875,True,whole crop,,1211,0.948,ตราด,1.0,0.857,car,2,4,False,,330,1,273,93.7
plate_01551.jpg,easyocr,กจ,0.9999,True,per-letter,,1211,0.948,ตราด,1.0,0.857,car,2,4,False,,330,1,273,345.1
plate_01551.jpg,cnn,กจ,0.9934,True,per-letter,,1211,0.948,ตราด,1.0,0.857,car,2,4,False,,330,1,273,1.6
plate_01551.jpg,tesseract,กจ,0.9992,True,per-letter,,1211,0.948,ตราด,1.0,0.857,car,2,4,False,,330,1,273,750.0
plate_01551.jpg,paddle,กจ,0.9978,True,per-letter,,1211,0.948,ตราด,1.0,0.857,car,2,4,False,,330,1,273,151.6
plate_01551.jpg,easyocr+cnn,กจ,0.9957,True,per-letter,easyocr=กจ|cnn=กจ,1211,0.948,ตราด,1.0,0.857,car,2,4,False,,330,1,273,346.7
plate_01551.jpg,cnn+paddle,กจ,0.9956,True,per-letter,cnn=กจ|paddle=กจ,1211,0.948,ตราด,1.0,0.857,car,2,4,False,,330,1,273,153.2
plate_01551.jpg,easyocr+cnn+paddle,กจ,0.9968,True,per-letter,easyocr=กจ|cnn=กจ|paddle=กจ,1211,0.948,ตราด,1.0,0.857,car,2,4,False,,330,1,273,498.3
plate_01551.jpg,easyocr+cnn+tesseract+paddle,กจ,0.997,True,per-letter,easyocr=กจ|cnn=กจ|tesseract=กจ|paddle=กจ,1211,0.948,ตราด,1.0,0.857,car,2,4,False,,330,1,273,1248.2
plate_01565.jpg,group,1กฆ,0.2107,True,whole crop,,9468,1.0,กรุงเทพมหานคร,1.0,1.0,car,3,4,True,,225,1,253,74.3
plate_01565.jpg,easyocr,1กฆ,0.9963,True,per-letter,,9468,1.0,กรุงเทพมหานคร,1.0,1.0,car,3,4,False,,225,1,253,354.2
plate_01565.jpg,cnn,1กฆ,0.9969,True,per-letter,,9468,1.0,กรุงเทพมหานคร,1.0,1.0,car,3,4,False,,225,1,253,2.1
plate_01565.jpg,tesseract,1ก?,0.0,False,per-letter,,9468,1.0,กรุงเทพมหานคร,1.0,1.0,car,3,4,True,,225,1,253,329.5
plate_01565.jpg,paddle,1กม,0.6604,True,per-letter,,9468,1.0,กรุงเทพมหานคร,1.0,1.0,car,3,4,True,,225,1,253,222.2
plate_01565.jpg,easyocr+cnn,1กฆ,0.9973,True,per-letter,easyocr=1กฆ|cnn=1กฆ,9468,1.0,กรุงเทพมหานคร,1.0,1.0,car,3,4,False,,225,1,253,356.3
plate_01565.jpg,cnn+paddle,1กฆ,0.7862,True,per-letter,cnn=1กฆ|paddle=1กม,9468,1.0,กรุงเทพมหานคร,1.0,1.0,car,3,4,False,,225,1,253,224.3
plate_01565.jpg,easyocr+cnn+paddle,1กฆ,0.8467,True,per-letter,easyocr=1กฆ|cnn=1กฆ|paddle=1กม,9468,1.0,กรุงเทพมหานคร,1.0,1.0,car,3,4,False,,225,1,253,578.5
plate_01565.jpg,easyocr+cnn+tesseract+paddle,1กฆ,0.843,True,per-letter,easyocr=1กฆ|cnn=1กฆ|tesseract=1กก|paddle=1กม,9468,1.0,กรุงเทพมหานคร,1.0,1.0,car,3,4,False,,225,1,253,908.0
plate_01570.jpg,group,1กว,0.3768,True,whole crop,,2876,0.745,กรุงเทพมหานคร,1.0,0.88,car,3,4,True,,257,1,255,75.5
plate_01570.jpg,easyocr,1กว,0.9187,True,per-letter,,2876,0.745,กรุงเทพมหานคร,1.0,0.88,car,3,4,True,,257,1,255,322.9
plate_01570.jpg,cnn,1กว,0.9931,True,per-letter,,2876,0.745,กรุงเทพมหานคร,1.0,0.88,car,3,4,True,,257,1,255,2.2
plate_01570.jpg,tesseract,1กว,0.9873,True,per-letter,,2876,0.745,กรุงเทพมหานคร,1.0,0.88,car,3,4,True,,257,1,255,290.5
plate_01570.jpg,paddle,1กว,0.9838,True,per-letter,,2876,0.745,กรุงเทพมหานคร,1.0,0.88,car,3,4,True,,257,1,255,228.7
plate_01570.jpg,easyocr+cnn,1กว,0.9751,True,per-letter,easyocr=1กว|cnn=1กว,2876,0.745,กรุงเทพมหานคร,1.0,0.88,car,3,4,True,,257,1,255,325.1
plate_01570.jpg,cnn+paddle,1กว,0.9904,True,per-letter,cnn=1กว|paddle=1กว,2876,0.745,กรุงเทพมหานคร,1.0,0.88,car,3,4,True,,257,1,255,230.9
plate_01570.jpg,easyocr+cnn+paddle,1กว,0.9775,True,per-letter,easyocr=1กว|cnn=1กว|paddle=1กว,2876,0.745,กรุงเทพมหานคร,1.0,0.88,car,3,4,True,,257,1,255,553.9
plate_01570.jpg,easyocr+cnn+tesseract+paddle,1กว,0.9783,True,per-letter,easyocr=1กว|cnn=1กว|tesseract=1กว|paddle=1กว,2876,0.745,กรุงเทพมหานคร,1.0,0.88,car,3,4,True,,257,1,255,844.4
plate_01603.jpg,group,ซ,0.0533,True,whole crop,,,0.0,ระนอง,0.314,0.0,car,1,3,True,,227,3,252,117.7
plate_01603.jpg,easyocr,บ,0.3566,True,per-letter,,,0.0,ระนอง,0.314,0.0,car,1,3,True,,227,3,252,175.9
plate_01603.jpg,cnn,ก,0.6241,True,per-letter,,,0.0,ระนอง,0.314,0.0,car,1,3,True,,227,3,252,1.7
plate_01603.jpg,tesseract,?,0.0,False,per-letter,,,0.0,ระนอง,0.314,0.0,car,1,3,True,,227,3,252,223.3
plate_01603.jpg,paddle,อ,0.5792,True,per-letter,,,0.0,ระนอง,0.314,0.0,car,1,3,True,,227,3,252,131.4
plate_01603.jpg,easyocr+cnn,ก,0.5247,True,per-letter,easyocr=บ|cnn=ก,,0.0,ระนอง,0.314,0.0,car,1,3,True,,227,3,252,177.7
plate_01603.jpg,cnn+paddle,อ,0.437,True,per-letter,cnn=ก|paddle=อ,,0.0,ระนอง,0.314,0.0,car,1,3,True,,227,3,252,133.1
plate_01603.jpg,easyocr+cnn+paddle,อ,0.4021,True,per-letter,easyocr=บ|cnn=ก|paddle=อ,,0.0,ระนอง,0.314,0.0,car,1,3,True,,227,3,252,309.0
plate_01603.jpg,easyocr+cnn+tesseract+paddle,อ,0.4025,True,per-letter,easyocr=บ|cnn=ก|tesseract=ก|paddle=อ,,0.0,ระนอง,0.314,0.0,car,1,3,True,,227,3,252,532.3
plate_01674.jpg,group,2ขถ,0.2373,True,whole crop,,2193,0.896,กรุงเทพมหานคร,1.0,0.88,car,3,4,True,,290,4,295,75.4
plate_01674.jpg,easyocr,2ขก,0.9987,True,per-letter,,2193,0.896,กรุงเทพมหานคร,1.0,0.88,car,3,4,False,,290,4,295,1006.2
plate_01674.jpg,cnn,2ขถ,0.9886,True,per-letter,,2193,0.896,กรุงเทพมหานคร,1.0,0.88,car,3,4,False,,290,4,295,3.0
plate_01674.jpg,tesseract,2ขถ,0.9924,True,per-letter,,2193,0.896,กรุงเทพมหานคร,1.0,0.88,car,3,4,False,,290,4,295,217.9
plate_01674.jpg,paddle,2ขก,0.6642,True,per-letter,,2193,0.896,กรุงเทพมหานคร,1.0,0.88,car,3,4,True,,290,4,295,271.1
plate_01674.jpg,easyocr+cnn,2ขถ,0.6718,True,per-letter,easyocr=2ขก|cnn=2ขถ,2193,0.896,กรุงเทพมหานคร,1.0,0.88,car,3,4,True,,290,4,295,1009.2
plate_01674.jpg,cnn+paddle,2ขถ,0.8164,True,per-letter,cnn=2ขถ|paddle=2ขก,2193,0.896,กรุงเทพมหานคร,1.0,0.88,car,3,4,False,,290,4,295,274.1
plate_01674.jpg,easyocr+cnn+paddle,2ขถ,0.5928,True,per-letter,easyocr=2ขก|cnn=2ขถ|paddle=2ขก,2193,0.896,กรุงเทพมหานคร,1.0,0.88,car,3,4,True,,290,4,295,1280.3
plate_01674.jpg,easyocr+cnn+tesseract+paddle,2ขถ,0.6411,True,per-letter,easyocr=2ขก|cnn=2ขถ|tesseract=2ขถ|paddle=2ขก,2193,0.896,กรุงเทพมหานคร,1.0,0.88,car,3,4,True,,290,4,295,1498.2
plate_01686.jpg,group,4กถ,0.292,True,whole crop,,4573,1.0,กรุงเทพมหานคร,1.0,0.88,car,3,4,True,,386,30,335,74.8
plate_01686.jpg,easyocr,4กก,0.995,True,per-letter,,4573,1.0,กรุงเทพมหานคร,1.0,0.88,car,3,4,False,,386,30,335,416.8
plate_01686.jpg,cnn,4กถ,0.9567,True,per-letter,,4573,1.0,กรุงเทพมหานคร,1.0,0.88,car,3,4,False,,386,30,335,2.8
plate_01686.jpg,tesseract,?กถ,0.0,False,per-letter,,4573,1.0,กรุงเทพมหานคร,1.0,0.88,car,3,4,True,,386,30,335,240.0
plate_01686.jpg,paddle,4กด,0.607,True,per-letter,,4573,1.0,กรุงเทพมหานคร,1.0,0.88,car,3,4,True,,386,30,335,216.7
plate_01686.jpg,easyocr+cnn,4กถ,0.6219,True,per-letter,easyocr=4กก|cnn=4กถ,4573,1.0,กรุงเทพมหานคร,1.0,0.88,car,3,4,True,,386,30,335,419.7
plate_01686.jpg,cnn+paddle,4กถ,0.7936,True,per-letter,cnn=4กถ|paddle=4กด,4573,1.0,กรุงเทพมหานคร,1.0,0.88,car,3,4,False,,386,30,335,219.5
plate_01686.jpg,easyocr+cnn+paddle,4กถ,0.568,True,per-letter,easyocr=4กก|cnn=4กถ|paddle=4กด,4573,1.0,กรุงเทพมหานคร,1.0,0.88,car,3,4,True,,386,30,335,636.4
plate_01686.jpg,easyocr+cnn+tesseract+paddle,4กถ,0.6233,True,per-letter,easyocr=4กก|cnn=4กถ|tesseract=1กถ|paddle=4กด,4573,1.0,กรุงเทพมหานคร,1.0,0.88,car,3,4,True,,386,30,335,876.4
plate_01727.jpg,group,ก,0.5393,True,whole crop,,9007,0.842,นนทบุรี,1.0,1.0,car,1,4,True,,420,1,253,73.3
plate_01727.jpg,easyocr,ก,1.0,True,per-letter,,9007,0.842,นนทบุรี,1.0,1.0,car,1,4,False,,420,1,253,104.4
plate_01727.jpg,cnn,ก,0.9952,True,per-letter,,9007,0.842,นนทบุรี,1.0,1.0,car,1,4,False,,420,1,253,1.3
plate_01727.jpg,tesseract,ก,0.9978,True,per-letter,,9007,0.842,นนทบุรี,1.0,1.0,car,1,4,False,,420,1,253,91.9
plate_01727.jpg,paddle,ก,0.9928,True,per-letter,,9007,0.842,นนทบุรี,1.0,1.0,car,1,4,False,,420,1,253,72.6
plate_01727.jpg,easyocr+cnn,ก,0.9969,True,per-letter,easyocr=ก|cnn=ก,9007,0.842,นนทบุรี,1.0,1.0,car,1,4,False,,420,1,253,105.7
plate_01727.jpg,cnn+paddle,ก,0.9949,True,per-letter,cnn=ก|paddle=ก,9007,0.842,นนทบุรี,1.0,1.0,car,1,4,False,,420,1,253,73.9
plate_01727.jpg,easyocr+cnn+paddle,ก,0.9962,True,per-letter,easyocr=ก|cnn=ก|paddle=ก,9007,0.842,นนทบุรี,1.0,1.0,car,1,4,False,,420,1,253,178.3
plate_01727.jpg,easyocr+cnn+tesseract+paddle,ก,0.9963,True,per-letter,easyocr=ก|cnn=ก|tesseract=ก|paddle=ก,9007,0.842,นนทบุรี,1.0,1.0,car,1,4,False,,420,1,253,270.2
plate_01765.jpg,group,ขพ,0.3193,True,whole crop,,8572,0.949,ขอนแก่น,1.0,0.933,car,2,4,True,,263,1,316,77.2
plate_01765.jpg,easyocr,ขพ,0.9115,True,per-letter,,8572,0.949,ขอนแก่น,1.0,0.933,car,2,4,False,,263,1,316,331.4
plate_01765.jpg,cnn,ขพ,0.99,True,per-letter,,8572,0.949,ขอนแก่น,1.0,0.933,car,2,4,False,,263,1,316,3.4
plate_01765.jpg,tesseract,ขพ,0.9934,True,per-letter,,8572,0.949,ขอนแก่น,1.0,0.933,car,2,4,False,,263,1,316,162.9
plate_01765.jpg,paddle,ซพ,0.4375,True,per-letter,,8572,0.949,ขอนแก่น,1.0,0.933,car,2,4,True,,263,1,316,143.9
plate_01765.jpg,easyocr+cnn,ขพ,0.9675,True,per-letter,easyocr=ขพ|cnn=ขพ,8572,0.949,ขอนแก่น,1.0,0.933,car,2,4,False,,263,1,316,334.8
plate_01765.jpg,cnn+paddle,ขพ,0.8302,True,per-letter,cnn=ขพ|paddle=ซพ,8572,0.949,ขอนแก่น,1.0,0.933,car,2,4,False,,263,1,316,147.3
plate_01765.jpg,easyocr+cnn+paddle,ขพ,0.8691,True,per-letter,easyocr=ขพ|cnn=ขพ|paddle=ซพ,8572,0.949,ขอนแก่น,1.0,0.933,car,2,4,False,,263,1,316,478.7
plate_01765.jpg,easyocr+cnn+tesseract+paddle,ขพ,0.8831,True,per-letter,easyocr=ขพ|cnn=ขพ|tesseract=ขพ|paddle=ซพ,8572,0.949,ขอนแก่น,1.0,0.933,car,2,4,False,,263,1,316,641.6
plate_01786.jpg,group,9กน,0.8356,True,whole crop,,6958,0.998,กรุงเทพมหานคร,1.0,0.64,car,3,4,False,,275,1,267,73.8
plate_01786.jpg,easyocr,9กน,0.835,True,per-letter,,6958,0.998,กรุงเทพมหานคร,1.0,0.64,car,3,4,False,,275,1,267,389.8
plate_01786.jpg,cnn,9กน,0.9944,True,per-letter,,6958,0.998,กรุงเทพมหานคร,1.0,0.64,car,3,4,False,,275,1,267,4.7
plate_01786.jpg,tesseract,9กน,0.9343,True,per-letter,,6958,0.998,กรุงเทพมหานคร,1.0,0.64,car,3,4,False,,275,1,267,298.4
plate_01786.jpg,paddle,9กน,0.9935,True,per-letter,,6958,0.998,กรุงเทพมหานคร,1.0,0.64,car,3,4,False,,275,1,267,226.7
plate_01786.jpg,easyocr+cnn,9กน,0.9488,True,per-letter,easyocr=9กน|cnn=9กน,6958,0.998,กรุงเทพมหานคร,1.0,0.64,car,3,4,False,,275,1,267,394.5
plate_01786.jpg,cnn+paddle,9กน,0.9952,True,per-letter,cnn=9กน|paddle=9กน,6958,0.998,กรุงเทพมหานคร,1.0,0.64,car,3,4,False,,275,1,267,231.4
plate_01786.jpg,easyocr+cnn+paddle,9กน,0.9615,True,per-letter,easyocr=9กน|cnn=9กน|paddle=9กน,6958,0.998,กรุงเทพมหานคร,1.0,0.64,car,3,4,False,,275,1,267,621.2
plate_01786.jpg,easyocr+cnn+tesseract+paddle,9กน,0.9618,True,per-letter,easyocr=9กน|cnn=9กน|tesseract=9กน|paddle=9กน,6958,0.998,กรุงเทพมหานคร,1.0,0.64,car,3,4,False,,275,1,267,919.6
plate_01793.jpg,group,2กบ,0.8757,True,whole crop,,7515,0.992,กรุงเทพมหานคร,1.0,0.923,car,3,5,True,,233,1,224,77.4
plate_01793.jpg,easyocr,2กบ,0.8907,True,per-letter,,7515,0.992,กรุงเทพมหานคร,1.0,0.923,car,3,5,True,,233,1,224,348.9
plate_01793.jpg,cnn,2กบ,0.9923,True,per-letter,,7515,0.992,กรุงเทพมหานคร,1.0,0.923,car,3,5,True,,233,1,224,2.2
plate_01793.jpg,tesseract,2กป,0.992,True,per-letter,,7515,0.992,กรุงเทพมหานคร,1.0,0.923,car,3,5,True,,233,1,224,375.6
plate_01793.jpg,paddle,2กบ,0.8836,True,per-letter,,7515,0.992,กรุงเทพมหานคร,1.0,0.923,car,3,5,True,,233,1,224,226.8
plate_01793.jpg,easyocr+cnn,2กบ,0.9665,True,per-letter,easyocr=2กบ|cnn=2กบ,7515,0.992,กรุงเทพมหานคร,1.0,0.923,car,3,5,True,,233,1,224,351.1
plate_01793.jpg,cnn+paddle,2กบ,0.9586,True,per-letter,cnn=2กบ|paddle=2กบ,7515,0.992,กรุงเทพมหานคร,1.0,0.923,car,3,5,True,,233,1,224,229.1
plate_01793.jpg,easyocr+cnn+paddle,2กบ,0.9457,True,per-letter,easyocr=2กบ|cnn=2กบ|paddle=2กบ,7515,0.992,กรุงเทพมหานคร,1.0,0.923,car,3,5,True,,233,1,224,578.0
plate_01793.jpg,easyocr+cnn+tesseract+paddle,2กบ,0.8911,True,per-letter,easyocr=2กบ|cnn=2กบ|tesseract=2กป|paddle=2กบ,7515,0.992,กรุงเทพมหานคร,1.0,0.923,car,3,5,True,,233,1,224,953.6
plate_01813.jpg,group,ท,0.1603,True,whole crop,,9325,0.327,นครราชสีมา,1.0,0.9,car,1,4,True,,348,1,256,86.6
plate_01813.jpg,easyocr,ก,0.5093,True,per-letter,,9325,0.327,นครราชสีมา,1.0,0.9,car,1,4,True,,348,1,256,103.5
plate_01813.jpg,cnn,ก,0.96,True,per-letter,,9325,0.327,นครราชสีมา,1.0,0.9,car,1,4,True,,348,1,256,1.3
plate_01813.jpg,tesseract,?,0.0,False,per-letter,,9325,0.327,นครราชสีมา,1.0,0.9,car,1,4,True,,348,1,256,195.8
plate_01813.jpg,paddle,ท,0.5726,True,per-letter,,9325,0.327,นครราชสีมา,1.0,0.9,car,1,4,True,,348,1,256,71.1
plate_01813.jpg,easyocr+cnn,ก,0.9063,True,per-letter,easyocr=ก|cnn=ก,9325,0.327,นครราชสีมา,1.0,0.9,car,1,4,True,,348,1,256,104.9
plate_01813.jpg,cnn+paddle,ก,0.6564,True,per-letter,cnn=ก|paddle=ท,9325,0.327,นครราชสีมา,1.0,0.9,car,1,4,True,,348,1,256,72.4
plate_01813.jpg,easyocr+cnn+paddle,ก,0.6697,True,per-letter,easyocr=ก|cnn=ก|paddle=ท,9325,0.327,นครราชสีมา,1.0,0.9,car,1,4,True,,348,1,256,176.0
plate_01813.jpg,easyocr+cnn+tesseract+paddle,ก,0.6634,True,per-letter,easyocr=ก|cnn=ก|tesseract=ก|paddle=ท,9325,0.327,นครราชสีมา,1.0,0.9,car,1,4,True,,348,1,256,371.8
plate_01814.jpg,group,พ,0.0342,True,whole crop,,3757,0.995,กรุงเทพมหานคร,1.0,0.88,car,1,4,True,,312,1,251,82.0
plate_01814.jpg,easyocr,ต,0.3539,True,per-letter,,3757,0.995,กรุงเทพมหานคร,1.0,0.88,car,1,4,True,,312,1,251,125.1
plate_01814.jpg,cnn,พ,0.7774,True,per-letter,,3757,0.995,กรุงเทพมหานคร,1.0,0.88,car,1,4,False,,312,1,251,1.3
plate_01814.jpg,tesseract,พ,0.9916,True,per-letter,,3757,0.995,กรุงเทพมหานคร,1.0,0.88,car,1,4,False,,312,1,251,177.0
plate_01814.jpg,paddle,พ,0.8145,True,per-letter,,3757,0.995,กรุงเทพมหานคร,1.0,0.88,car,1,4,False,,312,1,251,75.0
plate_01814.jpg,easyocr+cnn,พ,0.7678,True,per-letter,easyocr=ต|cnn=พ,3757,0.995,กรุงเทพมหานคร,1.0,0.88,car,1,4,False,,312,1,251,126.4
plate_01814.jpg,cnn+paddle,พ,0.8129,True,per-letter,cnn=พ|paddle=พ,3757,0.995,กรุงเทพมหานคร,1.0,0.88,car,1,4,False,,312,1,251,76.3
plate_01814.jpg,easyocr+cnn+paddle,พ,0.8055,True,per-letter,easyocr=ต|cnn=พ|paddle=พ,3757,0.995,กรุงเทพมหานคร,1.0,0.88,car,1,4,False,,312,1,251,201.3
plate_01814.jpg,easyocr+cnn+tesseract+paddle,พ,0.8341,True,per-letter,easyocr=ต|cnn=พ|tesseract=พ|paddle=พ,3757,0.995,กรุงเทพมหานคร,1.0,0.88,car,1,4,False,,312,1,251,378.4
plate_01818.jpg,group,น,0.0977,True,whole crop,,391,0.444,กรุงเทพมหานคร,1.0,0.923,car,1,4,True,,314,1,252,75.6
plate_01818.jpg,easyocr,น,0.4623,True,per-letter,,391,0.444,กรุงเทพมหานคร,1.0,0.923,car,1,4,True,,314,1,252,97.0
plate_01818.jpg,cnn,ม,0.9864,True,per-letter,,391,0.444,กรุงเทพมหานคร,1.0,0.923,car,1,4,True,,314,1,252,1.2
plate_01818.jpg,tesseract,?,0.0,False,per-letter,,391,0.444,กรุงเทพมหานคร,1.0,0.923,car,1,4,True,,314,1,252,88.5
plate_01818.jpg,paddle,ม,0.6181,True,per-letter,,391,0.444,กรุงเทพมหานคร,1.0,0.923,car,1,4,True,,314,1,252,73.4
plate_01818.jpg,easyocr+cnn,ม,0.9238,True,per-letter,easyocr=น|cnn=ม,391,0.444,กรุงเทพมหานคร,1.0,0.923,car,1,4,True,,314,1,252,98.2
plate_01818.jpg,cnn+paddle,ม,0.8659,True,per-letter,cnn=ม|paddle=ม,391,0.444,กรุงเทพมหานคร,1.0,0.923,car,1,4,True,,314,1,252,74.6
plate_01818.jpg,easyocr+cnn+paddle,ม,0.8353,True,per-letter,easyocr=น|cnn=ม|paddle=ม,391,0.444,กรุงเทพมหานคร,1.0,0.923,car,1,4,True,,314,1,252,171.6
plate_01818.jpg,easyocr+cnn+tesseract+paddle,ม,0.83,True,per-letter,easyocr=น|cnn=ม|tesseract=ก|paddle=ม,391,0.444,กรุงเทพมหานคร,1.0,0.923,car,1,4,True,,314,1,252,260.1
plate_01915.jpg,group,ซ,0.1669,True,whole crop,,3652,0.545,กรุงเทพมหานคร,1.0,0.6,car,1,4,True,,292,1,298,74.4
plate_01915.jpg,easyocr,ฟ,0.5194,True,per-letter,,3652,0.545,กรุงเทพมหานคร,1.0,0.6,car,1,4,True,,292,1,298,114.5
plate_01915.jpg,cnn,ฬ,0.9364,True,per-letter,,3652,0.545,กรุงเทพมหานคร,1.0,0.6,car,1,4,True,,292,1,298,1.3
plate_01915.jpg,tesseract,?,0.0,False,per-letter,,3652,0.545,กรุงเทพมหานคร,1.0,0.6,car,1,4,True,,292,1,298,75.9
plate_01915.jpg,paddle,พ,0.6603,True,per-letter,,3652,0.545,กรุงเทพมหานคร,1.0,0.6,car,1,4,True,,292,1,298,72.1
plate_01915.jpg,easyocr+cnn,ฬ,0.6222,True,per-letter,easyocr=ส|cnn=ฬ,3652,0.545,กรุงเทพมหานคร,1.0,0.6,car,1,4,True,,292,1,298,115.8
plate_01915.jpg,cnn+paddle,ฬ,0.4858,True,per-letter,cnn=ฬ|paddle=พ,3652,0.545,กรุงเทพมหานคร,1.0,0.6,car,1,4,True,,292,1,298,73.4
plate_01915.jpg,easyocr+cnn+paddle,ฬ,0.4449,True,per-letter,easyocr=ส|cnn=ฬ|paddle=พ,3652,0.545,กรุงเทพมหานคร,1.0,0.6,car,1,4,True,,292,1,298,188.0
plate_01915.jpg,easyocr+cnn+tesseract+paddle,ฬ,0.4413,True,per-letter,easyocr=ส|cnn=ฬ|tesseract=ก|paddle=พ,3652,0.545,กรุงเทพมหานคร,1.0,0.6,car,1,4,True,,292,1,298,263.9
plate_01936.jpg,group,ทท,0.4689,True,whole crop,,8572,1.0,กรุงเทพมหานคร,1.0,0.833,car,2,4,True,,334,1,274,75.3
plate_01936.jpg,easyocr,ทห,0.9753,True,per-letter,,8572,1.0,กรุงเทพมหานคร,1.0,0.833,car,2,4,False,,334,1,274,346.5
plate_01936.jpg,cnn,ทห,0.9904,True,per-letter,,8572,1.0,กรุงเทพมหานคร,1.0,0.833,car,2,4,False,,334,1,274,2.8
plate_01936.jpg,tesseract,ทท,0.9837,True,per-letter,,8572,1.0,กรุงเทพมหานคร,1.0,0.833,car,2,4,False,,334,1,274,197.8
plate_01936.jpg,paddle,ทท,0.6905,True,per-letter,,8572,1.0,กรุงเทพมหานคร,1.0,0.833,car,2,4,True,,334,1,274,205.0
plate_01936.jpg,easyocr+cnn,ทห,0.9848,True,per-letter,easyocr=ทห|cnn=ทห,8572,1.0,กรุงเทพมหานคร,1.0,0.833,car,2,4,False,,334,1,274,349.3
plate_01936.jpg,cnn+paddle,ทห,0.7368,True,per-letter,cnn=ทห|paddle=ทท,8572,1.0,กรุงเทพมหานคร,1.0,0.833,car,2,4,False,,334,1,274,207.7
plate_01936.jpg,easyocr+cnn+paddle,ทห,0.8005,True,per-letter,easyocr=ทห|cnn=ทห|paddle=ทท,8572,1.0,กรุงเทพมหานคร,1.0,0.833,car,2,4,False,,334,1,274,554.3
plate_01936.jpg,easyocr+cnn+tesseract+paddle,ทห,0.7324,True,per-letter,easyocr=ทห|cnn=ทห|tesseract=ทท|paddle=ทท,8572,1.0,กรุงเทพมหานคร,1.0,0.833,car,2,4,False,,334,1,274,752.1
plate_01957.jpg,group,1มม,0.4292,True,whole crop,,2113,0.918,กรุงเทพมหานคร,1.0,0.96,car,3,4,True,,223,1,328,74.3
plate_01957.jpg,easyocr,1มฆ,0.9701,True,per-letter,,2113,0.918,กรุงเทพมหานคร,1.0,0.96,car,3,4,False,,223,1,328,420.7
plate_01957.jpg,cnn,1มฆ,0.9846,True,per-letter,,2113,0.918,กรุงเทพมหานคร,1.0,0.96,car,3,4,False,,223,1,328,4.9
plate_01957.jpg,tesseract,1มฆ,0.9679,True,per-letter,,2113,0.918,กรุงเทพมหานคร,1.0,0.96,car,3,4,False,,223,1,328,220.2
plate_01957.jpg,paddle,1มม,0.9661,True,per-letter,,2113,0.918,กรุงเทพมหานคร,1.0,0.96,car,3,4,False,,223,1,328,219.3
plate_01957.jpg,easyocr+cnn,1มฆ,0.9811,True,per-letter,easyocr=1มฆ|cnn=1มฆ,2113,0.918,กรุงเทพมหานคร,1.0,0.96,car,3,4,False,,223,1,328,425.5
plate_01957.jpg,cnn+paddle,1มฆ,0.6136,True,per-letter,cnn=1มฆ|paddle=1มม,2113,0.918,กรุงเทพมหานคร,1.0,0.96,car,3,4,True,,223,1,328,224.2
plate_01957.jpg,easyocr+cnn+paddle,1มฆ,0.7043,True,per-letter,easyocr=1มฆ|cnn=1มฆ|paddle=1มม,2113,0.918,กรุงเทพมหานคร,1.0,0.96,car,3,4,False,,223,1,328,644.9
plate_01957.jpg,easyocr+cnn+tesseract+paddle,1มฆ,0.7171,True,per-letter,easyocr=1มฆ|cnn=1มฆ|tesseract=1มฆ|paddle=1มม,2113,0.918,กรุงเทพมหานคร,1.0,0.96,car,3,4,False,,223,1,328,865.1
plate_01964.jpg,group,ทห,0.2321,True,whole crop,,4432,0.701,กรุงเทพมหานคร,0.984,0.421,car,2,4,True,,359,1,314,74.5
plate_01964.jpg,easyocr,ทท,0.4218,True,per-letter,,4432,0.701,กรุงเทพมหานคร,0.984,0.421,car,2,4,True,,359,1,314,342.3
plate_01964.jpg,cnn,ทห,0.9897,True,per-letter,,4432,0.701,กรุงเทพมหานคร,0.984,0.421,car,2,4,True,,359,1,314,1.9
plate_01964.jpg,tesseract,บห,0.6934,True,per-letter,,4432,0.701,กรุงเทพมหานคร,0.984,0.421,car,2,4,True,,359,1,314,187.3
plate_01964.jpg,paddle,ทท,0.4516,True,per-letter,,4432,0.701,กรุงเทพมหานคร,0.984,0.421,car,2,4,True,,359,1,314,151.6
plate_01964.jpg,easyocr+cnn,ทห,0.8155,True,per-letter,easyocr=ทท|cnn=ทห,4432,0.701,กรุงเทพมหานคร,0.984,0.421,car,2,4,True,,359,1,314,344.2
plate_01964.jpg,cnn+paddle,ทห,0.7711,True,per-letter,cnn=ทห|paddle=ทท,4432,0.701,กรุงเทพมหานคร,0.984,0.421,car,2,4,True,,359,1,314,153.5
plate_01964.jpg,easyocr+cnn+paddle,ทห,0.7013,True,per-letter,easyocr=ทท|cnn=ทห|paddle=ทท,4432,0.701,กรุงเทพมหานคร,0.984,0.421,car,2,4,True,,359,1,314,495.8
plate_01964.jpg,easyocr+cnn+tesseract+paddle,ทห,0.7218,True,per-letter,easyocr=ทท|cnn=ทห|tesseract=บห|paddle=ทท,4432,0.701,กรุงเทพมหานคร,0.984,0.421,car,2,4,True,,359,1,314,683.1
plate_01972.jpg,group,ธน,0.2331,True,whole crop,,7722,0.995,กรุงเทพมหานคร,1.0,0.88,car,2,4,True,,265,2,314,75.9
plate_01972.jpg,easyocr,ธน,0.9386,True,per-letter,,7722,0.995,กรุงเทพมหานคร,1.0,0.88,car,2,4,False,,265,2,314,461.2
plate_01972.jpg,cnn,ธน,0.8744,True,per-letter,,7722,0.995,กรุงเทพมหานคร,1.0,0.88,car,2,4,False,,265,2,314,7.4
plate_01972.jpg,tesseract,กน,0.9334,True,per-letter,,7722,0.995,กรุงเทพมหานคร,1.0,0.88,car,2,4,False,,265,2,314,235.9
plate_01972.jpg,paddle,ธน,0.9818,True,per-letter,,7722,0.995,กรุงเทพมหานคร,1.0,0.88,car,2,4,False,,265,2,314,138.1
plate_01972.jpg,easyocr+cnn,ธน,0.9213,True,per-letter,easyocr=ธน|cnn=ธน,7722,0.995,กรุงเทพมหานคร,1.0,0.88,car,2,4,False,,265,2,314,468.6
plate_01972.jpg,cnn+paddle,ธน,0.9298,True,per-letter,cnn=ธน|paddle=ธน,7722,0.995,กรุงเทพมหานคร,1.0,0.88,car,2,4,False,,265,2,314,145.5
plate_01972.jpg,easyocr+cnn+paddle,ธน,0.945,True,per-letter,easyocr=ธน|cnn=ธน|paddle=ธน,7722,0.995,กรุงเทพมหานคร,1.0,0.88,car,2,4,False,,265,2,314,606.7
plate_01972.jpg,easyocr+cnn+tesseract+paddle,ธน,0.9226,True,per-letter,easyocr=ธน|cnn=ธน|tesseract=กน|paddle=ธน,7722,0.995,กรุงเทพมหานคร,1.0,0.88,car,2,4,False,,265,2,314,842.6
plate_02013.jpg,group,ซก,0.0553,True,whole crop,,11,0.53,กาญจนบุรี,0.185,0.2,car,1,3,True,,299,10,243,75.5
plate_02013.jpg,easyocr,ก,0.9993,True,per-letter,,11,0.53,กาญจนบุรี,0.185,0.2,car,1,3,True,,299,10,243,123.2
plate_02013.jpg,cnn,ก,0.9434,True,per-letter,,11,0.53,กาญจนบุรี,0.185,0.2,car,1,3,True,,299,10,243,2.0
plate_02013.jpg,tesseract,ท,0.9815,True,per-letter,,11,0.53,กาญจนบุรี,0.185,0.2,car,1,3,True,,299,10,243,111.0
plate_02013.jpg,paddle,ซ,0.6378,True,per-letter,,11,0.53,กาญจนบุรี,0.185,0.2,car,1,3,True,,299,10,243,72.6
plate_02013.jpg,easyocr+cnn,ก,0.9638,True,per-letter,easyocr=ก|cnn=ก,11,0.53,กาญจนบุรี,0.185,0.2,car,1,3,True,,299,10,243,125.2
plate_02013.jpg,cnn+paddle,ก,0.6808,True,per-letter,cnn=ก|paddle=ซ,11,0.53,กาญจนบุรี,0.185,0.2,car,1,3,True,,299,10,243,74.6
plate_02013.jpg,easyocr+cnn+paddle,ก,0.7719,True,per-letter,easyocr=ก|cnn=ก|paddle=ซ,11,0.53,กาญจนบุรี,0.185,0.2,car,1,3,True,,299,10,243,197.8
plate_02013.jpg,easyocr+cnn+tesseract+paddle,ก,0.6967,True,per-letter,easyocr=ก|cnn=ก|tesseract=ท|paddle=ซ,11,0.53,กาญจนบุรี,0.185,0.2,car,1,3,True,,299,10,243,308.8
plate_02092.jpg,group,มจ,0.5921,True,whole crop,,9966,0.989,กรุงเทพมหานคร,1.0,0.64,car,2,4,True,,272,1,254,76.5
plate_02092.jpg,easyocr,ฆจ,0.9992,True,per-letter,,9966,0.989,กรุงเทพมหานคร,1.0,0.64,car,2,4,False,,272,1,254,257.4
plate_02092.jpg,cnn,ฆจ,0.9883,True,per-letter,,9966,0.989,กรุงเทพมหานคร,1.0,0.64,car,2,4,False,,272,1,254,2.0
plate_02092.jpg,tesseract,ฆจ,0.9549,True,per-letter,,9966,0.989,กรุงเทพมหานคร,1.0,0.64,car,2,4,False,,272,1,254,215.4
plate_02092.jpg,paddle,มจ,0.523,True,per-letter,,9966,0.989,กรุงเทพมหานคร,1.0,0.64,car,2,4,True,,272,1,254,146.0
plate_02092.jpg,easyocr+cnn,ฆจ,0.9923,True,per-letter,easyocr=ฆจ|cnn=ฆจ,9966,0.989,กรุงเทพมหานคร,1.0,0.64,car,2,4,False,,272,1,254,259.4
plate_02092.jpg,cnn+paddle,ฆจ,0.6141,True,per-letter,cnn=ฆจ|paddle=มจ,9966,0.989,กรุงเทพมหานคร,1.0,0.64,car,2,4,True,,272,1,254,148.0
plate_02092.jpg,easyocr+cnn+paddle,ฆจ,0.7089,True,per-letter,easyocr=ฆจ|cnn=ฆจ|paddle=มจ,9966,0.989,กรุงเทพมหานคร,1.0,0.64,car,2,4,False,,272,1,254,405.4
plate_02092.jpg,easyocr+cnn+tesseract+paddle,ฆจ,0.7178,True,per-letter,easyocr=ฆจ|cnn=ฆจ|tesseract=ฆจ|paddle=มจ,9966,0.989,กรุงเทพมหานคร,1.0,0.64,car,2,4,False,,272,1,254,620.8
plate_02101.jpg,group,ฌส,0.1596,True,whole crop,,8000,0.949,กรุงเทพมหานคร,1.0,0.917,car,2,4,True,,232,1,262,84.3
plate_02101.jpg,easyocr,กส,0.6477,True,per-letter,,8000,0.949,กรุงเทพมหานคร,1.0,0.917,car,2,4,True,,232,1,262,309.6
plate_02101.jpg,cnn,ฌส,0.9688,True,per-letter,,8000,0.949,กรุงเทพมหานคร,1.0,0.917,car,2,4,False,,232,1,262,1.8
plate_02101.jpg,tesseract,ญ?,0.0,False,per-letter,,8000,0.949,กรุงเทพมหานคร,1.0,0.917,car,2,4,True,,232,1,262,370.3
plate_02101.jpg,paddle,พส,0.6859,True,per-letter,,8000,0.949,กรุงเทพมหานคร,1.0,0.917,car,2,4,True,,232,1,262,164.6
plate_02101.jpg,easyocr+cnn,ฌส,0.7607,True,per-letter,easyocr=กส|cnn=ฌส,8000,0.949,กรุงเทพมหานคร,1.0,0.917,car,2,4,False,,232,1,262,311.4
plate_02101.jpg,cnn+paddle,ฌส,0.7389,True,per-letter,cnn=ฌส|paddle=พส,8000,0.949,กรุงเทพมหานคร,1.0,0.917,car,2,4,False,,232,1,262,166.4
plate_02101.jpg,easyocr+cnn+paddle,ฌส,0.668,True,per-letter,easyocr=กส|cnn=ฌส|paddle=พส,8000,0.949,กรุงเทพมหานคร,1.0,0.917,car,2,4,True,,232,1,262,476.0
plate_02101.jpg,easyocr+cnn+tesseract+paddle,ฌส,0.6299,True,per-letter,easyocr=กส|cnn=ฌส|tesseract=ญก|paddle=พส,8000,0.949,กรุงเทพมหานคร,1.0,0.917,car,2,4,True,,232,1,262,846.3
plate_02106.jpg,group,,0.0,False,whole crop,,,0.0,เลย,0.899,0.0,motorcycle,1,1,True,,234,1,226,76.1
plate_02106.jpg,easyocr,ศ,0.5314,True,per-letter,,,0.0,เลย,0.899,0.0,motorcycle,1,1,True,,234,1,226,132.1
plate_02106.jpg,cnn,ล,0.5366,True,per-letter,,,0.0,เลย,0.899,0.0,motorcycle,1,1,True,,234,1,226,1.2
plate_02106.jpg,tesseract,ง,0.9605,True,per-letter,,,0.0,เลย,0.899,0.0,motorcycle,1,1,True,,234,1,226,120.2
plate_02106.jpg,paddle,ท,0.8782,True,per-letter,,,0.0,เลย,0.899,0.0,motorcycle,1,1,True,,234,1,226,75.0
plate_02106.jpg,easyocr+cnn,ล,0.5365,True,per-letter,easyocr=ศ|cnn=ล,,0.0,เลย,0.899,0.0,motorcycle,1,1,True,,234,1,226,133.3
plate_02106.jpg,cnn+paddle,ท,0.5791,True,per-letter,cnn=ล|paddle=ท,,0.0,เลย,0.899,0.0,motorcycle,1,1,True,,234,1,226,76.2
plate_02106.jpg,easyocr+cnn+paddle,ท,0.5748,True,per-letter,easyocr=ศ|cnn=ล|paddle=ท,,0.0,เลย,0.899,0.0,motorcycle,1,1,True,,234,1,226,208.3
plate_02106.jpg,easyocr+cnn+tesseract+paddle,ท,0.5422,True,per-letter,easyocr=ศ|cnn=ล|tesseract=ง|paddle=ท,,0.0,เลย,0.899,0.0,motorcycle,1,1,True,,234,1,226,328.4
plate_02109.jpg,group,ปย,0.2625,True,whole crop,,7000,0.998,เลย,0.836,0.0,car,2,4,True,,318,2,286,76.4
plate_02109.jpg,easyocr,บย,0.9793,True,per-letter,,7000,0.998,เลย,0.836,0.0,car,2,4,True,,318,2,286,264.5
plate_02109.jpg,cnn,บย,0.9604,True,per-letter,,7000,0.998,เลย,0.836,0.0,car,2,4,True,,318,2,286,2.5
plate_02109.jpg,tesseract,บย,0.9969,True,per-letter,,7000,0.998,เลย,0.836,0.0,car,2,4,True,,318,2,286,168.5
plate_02109.jpg,paddle,ปย,0.9027,True,per-letter,,7000,0.998,เลย,0.836,0.0,car,2,4,True,,318,2,286,147.6
plate_02109.jpg,easyocr+cnn,บย,0.9682,True,per-letter,easyocr=บย|cnn=บย,7000,0.998,เลย,0.836,0.0,car,2,4,True,,318,2,286,267.0
plate_02109.jpg,cnn+paddle,บย,0.6521,True,per-letter,cnn=บย|paddle=ปย,7000,0.998,เลย,0.836,0.0,car,2,4,True,,318,2,286,150.1
plate_02109.jpg,easyocr+cnn+paddle,บย,0.736,True,per-letter,easyocr=บย|cnn=บย|paddle=ปย,7000,0.998,เลย,0.836,0.0,car,2,4,True,,318,2,286,414.6
plate_02109.jpg,easyocr+cnn+tesseract+paddle,บย,0.7628,True,per-letter,easyocr=บย|cnn=บย|tesseract=บย|paddle=ปย,7000,0.998,เลย,0.836,0.0,car,2,4,True,,318,2,286,583.1
plate_02196.jpg,group,ซ,0.5213,True,whole crop,,2939,0.995,กรุงเทพมหานคร,1.0,0.769,car,1,4,True,,111,1,263,73.0
plate_02196.jpg,easyocr,ฮ,0.9624,True,per-letter,,2939,0.995,กรุงเทพมหานคร,1.0,0.769,car,1,4,False,,111,1,263,101.5
plate_02196.jpg,cnn,ฮ,0.998,True,per-letter,,2939,0.995,กรุงเทพมหานคร,1.0,0.769,car,1,4,False,,111,1,263,1.2
plate_02196.jpg,tesseract,ย,0.8133,True,per-letter,,2939,0.995,กรุงเทพมหานคร,1.0,0.769,car,1,4,False,,111,1,263,101.7
plate_02196.jpg,paddle,ซ,0.7195,True,per-letter,,2939,0.995,กรุงเทพมหานคร,1.0,0.769,car,1,4,False,,111,1,263,73.8
plate_02196.jpg,easyocr+cnn,ฮ,0.9853,True,per-letter,easyocr=ฮ|cnn=ฮ,2939,0.995,กรุงเทพมหานคร,1.0,0.769,car,1,4,False,,111,1,263,102.6
plate_02196.jpg,cnn+paddle,ฮ,0.703,True,per-letter,cnn=ฮ|paddle=ซ,2939,0.995,กรุงเทพมหานคร,1.0,0.769,car,1,4,False,,111,1,263,75.0
plate_02196.jpg,easyocr+cnn+paddle,ฮ,0.7654,True,per-letter,easyocr=ฮ|cnn=ฮ|paddle=ซ,2939,0.995,กรุงเทพมหานคร,1.0,0.769,car,1,4,False,,111,1,263,176.5
plate_02196.jpg,easyocr+cnn+tesseract+paddle,ฮ,0.7616,True,per-letter,easyocr=ฮ|cnn=ฮ|tesseract=ย|paddle=ซ,2939,0.995,กรุงเทพมหานคร,1.0,0.769,car,1,4,False,,111,1,263,278.2
plate_02254.jpg,group,ทพ,0.2729,True,whole crop,,9925,0.999,กรุงเทพมหานคร,1.0,0.923,car,2,4,True,,337,2,294,73.7
plate_02254.jpg,easyocr,ทฟ,0.611,True,per-letter,,9925,0.999,กรุงเทพมหานคร,1.0,0.923,car,2,4,True,,337,2,294,498.7
plate_02254.jpg,cnn,ทฬ,0.9827,True,per-letter,,9925,0.999,กรุงเทพมหานคร,1.0,0.923,car,2,4,False,,337,2,294,1.8
plate_02254.jpg,tesseract,ทพ,0.9665,True,per-letter,,9925,0.999,กรุงเทพมหานคร,1.0,0.923,car,2,4,False,,337,2,294,210.1
plate_02254.jpg,paddle,ทพ,0.7567,True,per-letter,,9925,0.999,กรุงเทพมหานคร,1.0,0.923,car,2,4,False,,337,2,294,158.2
plate_02254.jpg,easyocr+cnn,ทฬ,0.7252,True,per-letter,easyocr=ทฟ|cnn=ทฬ,9925,0.999,กรุงเทพมหานคร,1.0,0.923,car,2,4,False,,337,2,294,500.5
plate_02254.jpg,cnn+paddle,ทฬ,0.6403,True,per-letter,cnn=ทฬ|paddle=ทพ,9925,0.999,กรุงเทพมหานคร,1.0,0.923,car,2,4,True,,337,2,294,160.0
plate_02254.jpg,easyocr+cnn+paddle,ทฬ,0.5174,True,per-letter,easyocr=ทฟ|cnn=ทฬ|paddle=ทพ,9925,0.999,กรุงเทพมหานคร,1.0,0.923,car,2,4,True,,337,2,294,658.7
plate_02254.jpg,easyocr+cnn+tesseract+paddle,ทฬ,0.4872,True,per-letter,easyocr=ทฟ|cnn=ทฬ|tesseract=ทพ|paddle=ทพ,9925,0.999,กรุงเทพมหานคร,1.0,0.923,car,2,4,True,,337,2,294,868.8
plate_02255.jpg,group,7กฏ,0.1448,True,whole crop,,1000,0.983,กรุงเทพมหานคร,1.0,0.833,car,2,4,True,,239,1,259,76.7
plate_02255.jpg,easyocr,7กฏ,0.1448,True,"whole crop, fallback",,1000,0.983,กรุงเทพมหานคร,1.0,0.833,car,2,4,True,,239,1,259,76.7
plate_02255.jpg,cnn,7กฏ,0.1448,True,"whole crop, fallback",,1000,0.983,กรุงเทพมหานคร,1.0,0.833,car,2,4,True,,239,1,259,76.7
plate_02255.jpg,tesseract,7กฏ,0.1448,True,"whole crop, fallback",,1000,0.983,กรุงเทพมหานคร,1.0,0.833,car,2,4,True,,239,1,259,76.7
plate_02255.jpg,paddle,7กฏ,0.1448,True,"whole crop, fallback",,1000,0.983,กรุงเทพมหานคร,1.0,0.833,car,2,4,True,,239,1,259,76.7
plate_02255.jpg,easyocr+cnn,7กฏ,0.1448,True,"whole crop, fallback",,1000,0.983,กรุงเทพมหานคร,1.0,0.833,car,2,4,True,,239,1,259,76.7
plate_02255.jpg,cnn+paddle,7กฏ,0.1448,True,"whole crop, fallback",,1000,0.983,กรุงเทพมหานคร,1.0,0.833,car,2,4,True,,239,1,259,76.7
plate_02255.jpg,easyocr+cnn+paddle,7กฏ,0.1448,True,"whole crop, fallback",,1000,0.983,กรุงเทพมหานคร,1.0,0.833,car,2,4,True,,239,1,259,76.7
plate_02255.jpg,easyocr+cnn+tesseract+paddle,7กฏ,0.1448,True,"whole crop, fallback",,1000,0.983,กรุงเทพมหานคร,1.0,0.833,car,2,4,True,,239,1,259,76.7
plate_02305.jpg,group,ขอ,0.2355,True,whole crop,,2121,0.539,ภูเก็ต,0.661,0.444,car,2,4,True,,274,1,302,84.0
plate_02305.jpg,easyocr,ขฉ,0.9913,True,per-letter,,2121,0.539,ภูเก็ต,0.661,0.444,car,2,4,True,,274,1,302,394.4
plate_02305.jpg,cnn,ขฉ,0.9926,True,per-letter,,2121,0.539,ภูเก็ต,0.661,0.444,car,2,4,True,,274,1,302,1.9
plate_02305.jpg,tesseract,ขฉ,0.9958,True,per-letter,,2121,0.539,ภูเก็ต,0.661,0.444,car,2,4,True,,274,1,302,177.7
plate_02305.jpg,paddle,ซฉ,0.6201,True,per-letter,,2121,0.539,ภูเก็ต,0.661,0.444,car,2,4,True,,274,1,302,150.0
plate_02305.jpg,easyocr+cnn,ขฉ,0.9922,True,per-letter,easyocr=ขฉ|cnn=ขฉ,2121,0.539,ภูเก็ต,0.661,0.444,car,2,4,True,,274,1,302,396.3
plate_02305.jpg,cnn+paddle,ขฉ,0.8299,True,per-letter,cnn=ขฉ|paddle=ซฉ,2121,0.539,ภูเก็ต,0.661,0.444,car,2,4,True,,274,1,302,151.8
plate_02305.jpg,easyocr+cnn+paddle,ขฉ,0.8772,True,per-letter,easyocr=ขฉ|cnn=ขฉ|paddle=ซฉ,2121,0.539,ภูเก็ต,0.661,0.444,car,2,4,True,,274,1,302,546.2
plate_02305.jpg,easyocr+cnn+tesseract+paddle,ขฉ,0.89,True,per-letter,easyocr=ขฉ|cnn=ขฉ|tesseract=ขฉ|paddle=ซฉ,2121,0.539,ภูเก็ต,0.661,0.444,car,2,4,True,,274,1,302,723.9
plate_02368.jpg,group,จต,0.8469,True,whole crop,,2857,1.0,นครนายก,0.176,0.0,car,2,4,True,,295,2,338,75.3
plate_02368.jpg,easyocr,จต,0.9999,True,per-letter,,2857,1.0,นครนายก,0.176,0.0,car,2,4,True,,295,2,338,428.2
plate_02368.jpg,cnn,จต,0.978,True,per-letter,,2857,1.0,นครนายก,0.176,0.0,car,2,4,True,,295,2,338,3.5
plate_02368.jpg,tesseract,จต,0.9991,True,per-letter,,2857,1.0,นครนายก,0.176,0.0,car,2,4,True,,295,2,338,191.3
plate_02368.jpg,paddle,จต,0.7807,True,per-letter,,2857,1.0,นครนายก,0.176,0.0,car,2,4,True,,295,2,338,146.5
plate_02368.jpg,easyocr+cnn,จต,0.9854,True,per-letter,easyocr=จต|cnn=จต,2857,1.0,นครนายก,0.176,0.0,car,2,4,True,,295,2,338,431.7
plate_02368.jpg,cnn+paddle,จต,0.9156,True,per-letter,cnn=จต|paddle=จต,2857,1.0,นครนายก,0.176,0.0,car,2,4,True,,295,2,338,150.1
plate_02368.jpg,easyocr+cnn+paddle,จต,0.9373,True,per-letter,easyocr=จต|cnn=จต|paddle=จต,2857,1.0,นครนายก,0.176,0.0,car,2,4,True,,295,2,338,578.2
plate_02368.jpg,easyocr+cnn+tesseract+paddle,จต,0.944,True,per-letter,easyocr=จต|cnn=จต|tesseract=จต|paddle=จต,2857,1.0,นครนายก,0.176,0.0,car,2,4,True,,295,2,338,769.5
plate_02388.jpg,group,3ขม,0.2832,True,whole crop,,1552,0.603,กรุงเทพมหานคร,1.0,0.88,car,3,4,True,,264,20,262,75.3
plate_02388.jpg,easyocr,3ขฆ,0.8077,True,per-letter,,1552,0.603,กรุงเทพมหานคร,1.0,0.88,car,3,4,True,,264,20,262,329.3
plate_02388.jpg,cnn,3ขฆ,0.9762,True,per-letter,,1552,0.603,กรุงเทพมหานคร,1.0,0.88,car,3,4,True,,264,20,262,3.4
plate_02388.jpg,tesseract,3ข?,0.0,False,per-letter,,1552,0.603,กรุงเทพมหานคร,1.0,0.88,car,3,4,True,,264,20,262,379.6
plate_02388.jpg,paddle,3ซม,0.3291,True,per-letter,,1552,0.603,กรุงเทพมหานคร,1.0,0.88,car,3,4,True,,264,20,262,222.9
plate_02388.jpg,easyocr+cnn,3ขฆ,0.9324,True,per-letter,easyocr=3ขฆ|cnn=3ขฆ,1552,0.603,กรุงเทพมหานคร,1.0,0.88,car,3,4,True,,264,20,262,332.8
plate_02388.jpg,cnn+paddle,3ขฆ,0.6767,True,per-letter,cnn=3ขฆ|paddle=3ซม,1552,0.603,กรุงเทพมหานคร,1.0,0.88,car,3,4,True,,264,20,262,226.3
plate_02388.jpg,easyocr+cnn+paddle,3ขฆ,0.7546,True,per-letter,easyocr=3ขฆ|cnn=3ขฆ|paddle=3ซม,1552,0.603,กรุงเทพมหานคร,1.0,0.88,car,3,4,True,,264,20,262,555.7
plate_02388.jpg,easyocr+cnn+tesseract+paddle,3ขฆ,0.7503,True,per-letter,easyocr=3ขฆ|cnn=3ขฆ|tesseract=3ขก|paddle=3ซม,1552,0.603,กรุงเทพมหานคร,1.0,0.88,car,3,4,True,,264,20,262,935.3
plate_02393.jpg,group,6กณ,0.2383,True,whole crop,,789,0.999,กรุงเทพมหานคร,1.0,0.88,car,3,3,True,,305,1,235,81.3
plate_02393.jpg,easyocr,6กก,0.9825,True,per-letter,,789,0.999,กรุงเทพมหานคร,1.0,0.88,car,3,3,False,,305,1,235,344.3
plate_02393.jpg,cnn,6กณ,0.9862,True,per-letter,,789,0.999,กรุงเทพมหานคร,1.0,0.88,car,3,3,False,,305,1,235,2.4
plate_02393.jpg,tesseract,6กณ,0.9917,True,per-letter,,789,0.999,กรุงเทพมหานคร,1.0,0.88,car,3,3,False,,305,1,235,370.6
plate_02393.jpg,paddle,6กณ,0.9844,True,per-letter,,789,0.999,กรุงเทพมหานคร,1.0,0.88,car,3,3,False,,305,1,235,256.0
plate_02393.jpg,easyocr+cnn,6กณ,0.793,True,per-letter,easyocr=6กก|cnn=6กณ,789,0.999,กรุงเทพมหานคร,1.0,0.88,car,3,3,False,,305,1,235,346.7
plate_02393.jpg,cnn+paddle,6กณ,0.986,True,per-letter,cnn=6กณ|paddle=6กณ,789,0.999,กรุงเทพมหานคร,1.0,0.88,car,3,3,False,,305,1,235,258.5
plate_02393.jpg,easyocr+cnn+paddle,6กณ,0.8488,True,per-letter,easyocr=6กก|cnn=6กณ|paddle=6กณ,789,0.999,กรุงเทพมหานคร,1.0,0.88,car,3,3,False,,305,1,235,602.7
plate_02393.jpg,easyocr+cnn+tesseract+paddle,6กณ,0.864,True,per-letter,easyocr=6กก|cnn=6กณ|tesseract=6กณ|paddle=6กณ,789,0.999,กรุงเทพมหานคร,1.0,0.88,car,3,3,False,,305,1,235,973.4
plate_02483.jpg,group,5ชฒ,0.407,True,whole crop,,8449,0.92,กรุงเทพมหานคร,1.0,1.0,car,3,4,True,,250,6,258,73.4
plate_02483.jpg,easyocr,5ขฆ,0.674,True,per-letter,,8449,0.92,กรุงเทพมหานคร,1.0,1.0,car,3,4,True,,250,6,258,333.0
plate_02483.jpg,cnn,5ขฒ,0.9809,True,per-letter,,8449,0.92,กรุงเทพมหานคร,1.0,1.0,car,3,4,False,,250,6,258,2.3
plate_02483.jpg,tesseract,5ขผ,0.9613,True,per-letter,,8449,0.92,กรุงเทพมหานคร,1.0,1.0,car,3,4,False,,250,6,258,380.1
plate_02483.jpg,paddle,5ซศ,0.3342,True,per-letter,,8449,0.92,กรุงเทพมหานคร,1.0,1.0,car,3,4,True,,250,6,258,239.2
plate_02483.jpg,easyocr+cnn,5ขฒ,0.7776,True,per-letter,easyocr=5ขฆ|cnn=5ขฒ,8449,0.92,กรุงเทพมหานคร,1.0,1.0,car,3,4,False,,250,6,258,335.3
plate_02483.jpg,cnn+paddle,5ขฒ,0.5959,True,per-letter,cnn=5ขฒ|paddle=5ซศ,8449,0.92,กรุงเทพมหานคร,1.0,1.0,car,3,4,True,,250,6,258,241.4
plate_02483.jpg,easyocr+cnn+paddle,5ขฒ,0.5731,True,per-letter,easyocr=5ขฆ|cnn=5ขฒ|paddle=5ซศ,8449,0.92,กรุงเทพมหานคร,1.0,1.0,car,3,4,True,,250,6,258,574.4
plate_02483.jpg,easyocr+cnn+tesseract+paddle,5ขฒ,0.5925,True,per-letter,easyocr=5ขฆ|cnn=5ขฒ|tesseract=5ขผ|paddle=5ซศ,8449,0.92,กรุงเทพมหานคร,1.0,1.0,car,3,4,True,,250,6,258,954.6
plate_02485.jpg,group,2ตฏ,0.1643,True,whole crop,,722,0.997,กรุงเทพมหานคร,1.0,0.846,car,3,3,True,,345,1,251,78.5
plate_02485.jpg,easyocr,2คฎ,0.5793,True,per-letter,,722,0.997,กรุงเทพมหานคร,1.0,0.846,car,3,3,True,,345,1,251,459.6
plate_02485.jpg,cnn,2ฒฎ,0.9936,True,per-letter,,722,0.997,กรุงเทพมหานคร,1.0,0.846,car,3,3,False,,345,1,251,4.0
plate_02485.jpg,tesseract,2ฒฎ,0.904,True,per-letter,,722,0.997,กรุงเทพมหานคร,1.0,0.846,car,3,3,False,,345,1,251,275.3
plate_02485.jpg,paddle,2ดก,0.7024,True,per-letter,,722,0.997,กรุงเทพมหานคร,1.0,0.846,car,3,3,False,,345,1,251,234.0
plate_02485.jpg,easyocr+cnn,2ฒฎ,0.7602,True,per-letter,easyocr=2คฎ|cnn=2ฒฎ,722,0.997,กรุงเทพมหานคร,1.0,0.846,car,3,3,False,,345,1,251,463.5
plate_02485.jpg,cnn+paddle,2ฒฎ,0.6024,True,per-letter,cnn=2ฒฎ|paddle=2ดก,722,0.997,กรุงเทพมหานคร,1.0,0.846,car,3,3,True,,345,1,251,237.9
plate_02485.jpg,easyocr+cnn+paddle,2ฒฎ,0.5271,True,per-letter,easyocr=2คฎ|cnn=2ฒฎ|paddle=2ดก,722,0.997,กรุงเทพมหานคร,1.0,0.846,car,3,3,True,,345,1,251,697.5
plate_02485.jpg,easyocr+cnn+tesseract+paddle,2ฒฎ,0.549,True,per-letter,easyocr=2คฎ|cnn=2ฒฎ|tesseract=2ฒฎ|paddle=2ดก,722,0.997,กรุงเทพมหานคร,1.0,0.846,car,3,3,True,,345,1,251,972.8
plate_02506.jpg,group,ขช,0.1047,True,whole crop,,4488,0.999,ลพบุรี,0.763,0.25,car,2,4,True,,278,1,309,74.8
plate_02506.jpg,easyocr,ขข,0.7231,True,per-letter,,4488,0.999,ลพบุรี,0.763,0.25,car,2,4,True,,278,1,309,518.3
plate_02506.jpg,cnn,ขข,0.9748,True,per-letter,,4488,0.999,ลพบุรี,0.763,0.25,car,2,4,True,,278,1,309,3.3
plate_02506.jpg,tesseract,ขข,0.9953,True,per-letter,,4488,0.999,ลพบุรี,0.763,0.25,car,2,4,True,,278,1,309,163.5
plate_02506.jpg,paddle,ซซ,0.6353,True,per-letter,,4488,0.999,ลพบุรี,0.763,0.25,car,2,4,True,,278,1,309,149.1
plate_02506.jpg,easyocr+cnn,ขข,0.9044,True,per-letter,easyocr=ขข|cnn=ขข,4488,0.999,ลพบุรี,0.763,0.25,car,2,4,True,,278,1,309,521.6
plate_02506.jpg,cnn+paddle,ขข,0.496,True,per-letter,cnn=ขข|paddle=ซซ,4488,0.999,ลพบุรี,0.763,0.25,car,2,4,True,,278,1,309,152.4
plate_02506.jpg,easyocr+cnn+paddle,ขข,0.5556,True,per-letter,easyocr=ขข|cnn=ขข|paddle=ซซ,4488,0.999,ลพบุรี,0.763,0.25,car,2,4,True,,278,1,309,670.7
plate_02506.jpg,easyocr+cnn+tesseract+paddle,ขข,0.5965,True,per-letter,easyocr=ขข|cnn=ขข|tesseract=ขข|paddle=ซซ,4488,0.999,ลพบุรี,0.763,0.25,car,2,4,True,,278,1,309,834.2
plate_02565.jpg,group,5กข,0.5387,True,whole crop,,2491,0.649,กรุงเทพมหานคร,1.0,0.88,car,3,4,True,,208,6,271,73.1
plate_02565.jpg,easyocr,5กข,0.7822,True,per-letter,,2491,0.649,กรุงเทพมหานคร,1.0,0.88,car,3,4,True,,208,6,271,434.8
plate_02565.jpg,cnn,5กข,0.9919,True,per-letter,,2491,0.649,กรุงเทพมหานคร,1.0,0.88,car,3,4,True,,208,6,271,3.5
plate_02565.jpg,tesseract,5กข,0.9793,True,per-letter,,2491,0.649,กรุงเทพมหานคร,1.0,0.88,car,3,4,True,,208,6,271,249.5
plate_02565.jpg,paddle,5กข,0.5078,True,per-letter,,2491,0.649,กรุงเทพมหานคร,1.0,0.88,car,3,4,True,,208,6,271,231.6
plate_02565.jpg,easyocr+cnn,5กข,0.9329,True,per-letter,easyocr=5กข|cnn=5กข,2491,0.649,กรุงเทพมหานคร,1.0,0.88,car,3,4,True,,208,6,271,438.3
plate_02565.jpg,cnn+paddle,5กข,0.8548,True,per-letter,cnn=5กข|paddle=5กซ,2491,0.649,กรุงเทพมหานคร,1.0,0.88,car,3,4,True,,208,6,271,235.2
plate_02565.jpg,easyocr+cnn+paddle,5กข,0.8565,True,per-letter,easyocr=5กข|cnn=5กข|paddle=5กซ,2491,0.649,กรุงเทพมหานคร,1.0,0.88,car,3,4,True,,208,6,271,670.0
plate_02565.jpg,easyocr+cnn+tesseract+paddle,5กข,0.87,True,per-letter,easyocr=5กข|cnn=5กข|tesseract=5กข|paddle=5กซ,2491,0.649,กรุงเทพมหานคร,1.0,0.88,car,3,4,True,,208,6,271,919.4
plate_02617.jpg,group,1มค,0.5354,True,whole crop,,5086,0.994,กรุงเทพมหานคร,1.0,0.917,car,3,4,True,,211,1,311,77.3
plate_02617.jpg,easyocr,1มค,0.9937,True,per-letter,,5086,0.994,กรุงเทพมหานคร,1.0,0.917,car,3,4,False,,211,1,311,432.7
plate_02617.jpg,cnn,1มค,0.9924,True,per-letter,,5086,0.994,กรุงเทพมหานคร,1.0,0.917,car,3,4,False,,211,1,311,2.5
plate_02617.jpg,tesseract,1มด,0.8344,True,per-letter,,5086,0.994,กรุงเทพมหานคร,1.0,0.917,car,3,4,False,,211,1,311,307.7
plate_02617.jpg,paddle,1มค,0.7685,True,per-letter,,5086,0.994,กรุงเทพมหานคร,1.0,0.917,car,3,4,False,,211,1,311,314.6
plate_02617.jpg,easyocr+cnn,1มค,0.9947,True,per-letter,easyocr=1มค|cnn=1มค,5086,0.994,กรุงเทพมหานคร,1.0,0.917,car,3,4,False,,211,1,311,435.2
plate_02617.jpg,cnn+paddle,1มค,0.9085,True,per-letter,cnn=1มค|paddle=1มค,5086,0.994,กรุงเทพมหานคร,1.0,0.917,car,3,4,False,,211,1,311,317.1
plate_02617.jpg,easyocr+cnn+paddle,1มค,0.9348,True,per-letter,easyocr=1มค|cnn=1มค|paddle=1มค,5086,0.994,กรุงเทพมหานคร,1.0,0.917,car,3,4,False,,211,1,311,749.8
plate_02617.jpg,easyocr+cnn+tesseract+paddle,1มค,0.8735,True,per-letter,easyocr=1มค|cnn=1มค|tesseract=1มด|paddle=1มค,5086,0.994,กรุงเทพมหานคร,1.0,0.917,car,3,4,False,,211,1,311,1057.5
plate_02622.jpg,group,1ม,0.2361,True,whole crop,,6717,0.577,กรุงเทพมหานคร,1.0,0.696,car,2,4,True,,293,19,309,77.4
plate_02622.jpg,easyocr,1บ,0.6088,True,per-letter,,6717,0.577,กรุงเทพมหานคร,1.0,0.696,car,2,4,True,,293,19,309,322.1
plate_02622.jpg,cnn,1ม,0.9271,True,per-letter,,6717,0.577,กรุงเทพมหานคร,1.0,0.696,car,2,4,True,,293,19,309,6.1
plate_02622.jpg,tesseract,1ม,0.9935,True,per-letter,,6717,0.577,กรุงเทพมหานคร,1.0,0.696,car,2,4,True,,293,19,309,169.5
plate_02622.jpg,paddle,1ม,0.799,True,per-letter,,6717,0.577,กรุงเทพมหานคร,1.0,0.696,car,2,4,True,,293,19,309,148.8
plate_02622.jpg,easyocr+cnn,1ม,0.7726,True,per-letter,easyocr=1บ|cnn=1ม,6717,0.577,กรุงเทพมหานคร,1.0,0.696,car,2,4,True,,293,19,309,328.3
plate_02622.jpg,cnn+paddle,1ม,0.9188,True,per-letter,cnn=1ม|paddle=1ม,6717,0.577,กรุงเทพมหานคร,1.0,0.696,car,2,4,True,,293,19,309,155.0
plate_02622.jpg,easyocr+cnn+paddle,1ม,0.8258,True,per-letter,easyocr=1บ|cnn=1ม|paddle=1ม,6717,0.577,กรุงเทพมหานคร,1.0,0.696,car,2,4,True,,293,19,309,477.1
plate_02622.jpg,easyocr+cnn+tesseract+paddle,1ม,0.8488,True,per-letter,easyocr=1บ|cnn=1ม|tesseract=1ม|paddle=1ม,6717,0.577,กรุงเทพมหานคร,1.0,0.696,car,2,4,True,,293,19,309,646.6
plate_02652.jpg,group,2กณ,0.6552,True,whole crop,,224,1.0,กรุงเทพมหานคร,1.0,0.889,car,3,3,True,,297,1,237,77.2
plate_02652.jpg,easyocr,2กณ,0.9463,True,per-letter,,224,1.0,กรุงเทพมหานคร,1.0,0.889,car,3,3,False,,297,1,237,623.0
plate_02652.jpg,cnn,2กณ,0.9875,True,per-letter,,224,1.0,กรุงเทพมหานคร,1.0,0.889,car,3,3,False,,297,1,237,4.8
plate_02652.jpg,tesseract,2กณ,0.9845,True,per-letter,,224,1.0,กรุงเทพมหานคร,1.0,0.889,car,3,3,False,,297,1,237,233.1
plate_02652.jpg,paddle,2กณ,0.9348,True,per-letter,,224,1.0,กรุงเทพมหานคร,1.0,0.889,car,3,3,False,,297,1,237,219.7
plate_02652.jpg,easyocr+cnn,2กณ,0.9745,True,per-letter,easyocr=2กณ|cnn=2กณ,224,1.0,กรุงเทพมหานคร,1.0,0.889,car,3,3,False,,297,1,237,627.8
plate_02652.jpg,cnn+paddle,2กณ,0.9758,True,per-letter,cnn=2กณ|paddle=2กณ,224,1.0,กรุงเทพมหานคร,1.0,0.889,car,3,3,False,,297,1,237,224.5
plate_02652.jpg,easyocr+cnn+paddle,2กณ,0.9741,True,per-letter,easyocr=2กณ|cnn=2กณ|paddle=2กณ,224,1.0,กรุงเทพมหานคร,1.0,0.889,car,3,3,False,,297,1,237,847.5
plate_02652.jpg,easyocr+cnn+tesseract+paddle,2กณ,0.9745,True,per-letter,easyocr=2กณ|cnn=2กณ|tesseract=2กณ|paddle=2กณ,224,1.0,กรุงเทพมหานคร,1.0,0.889,car,3,3,False,,297,1,237,1080.6
plate_02695.jpg,group,,0.0,False,whole crop,,1,0.443,ระนอง,0.212,0.0,car,2,2,True,,283,1,261,75.4
plate_02695.jpg,easyocr,ภอ,0.2507,True,per-letter,,1,0.443,ระนอง,0.212,0.0,car,2,2,True,,283,1,261,301.1
plate_02695.jpg,cnn,56,0.4383,True,per-letter,,1,0.443,ระนอง,0.212,0.0,car,2,2,True,,283,1,261,4.9
plate_02695.jpg,tesseract,จง,0.8131,True,per-letter,,1,0.443,ระนอง,0.212,0.0,car,2,2,True,,283,1,261,183.4
plate_02695.jpg,paddle,1ก,0.1682,True,per-letter,,1,0.443,ระนอง,0.212,0.0,car,2,2,True,,283,1,261,144.7
plate_02695.jpg,easyocr+cnn,56,0.3327,True,per-letter,easyocr=ภภ|cnn=56,1,0.443,ระนอง,0.212,0.0,car,2,2,True,,283,1,261,306.0
plate_02695.jpg,cnn+paddle,56,0.2653,True,per-letter,cnn=56|paddle=1ก,1,0.443,ระนอง,0.212,0.0,car,2,2,True,,283,1,261,149.6
plate_02695.jpg,easyocr+cnn+paddle,56,0.2821,True,per-letter,easyocr=ภภ|cnn=56|paddle=1ก,1,0.443,ระนอง,0.212,0.0,car,2,2,True,,283,1,261,450.7
plate_02695.jpg,easyocr+cnn+tesseract+paddle,56,0.2805,True,per-letter,easyocr=ภภ|cnn=56|tesseract=จง|paddle=1ก,1,0.443,ระนอง,0.212,0.0,car,2,2,True,,283,1,261,634.1
plate_02704.jpg,group,ศท,0.0611,True,whole crop,,31,0.557,กรุงเทพมหานคร,1.0,1.0,car,2,4,True,,372,6,301,76.2
plate_02704.jpg,easyocr,ศห,0.5038,True,per-letter,,31,0.557,กรุงเทพมหานคร,1.0,1.0,car,2,4,True,,372,6,301,397.6
plate_02704.jpg,cnn,6ห,0.4686,True,per-letter,,31,0.557,กรุงเทพมหานคร,1.0,1.0,car,2,4,True,,372,6,301,3.8
plate_02704.jpg,tesseract,กท,0.6139,True,per-letter,,31,0.557,กรุงเทพมหานคร,1.0,1.0,car,2,4,True,,372,6,301,174.9
plate_02704.jpg,paddle,คพ,0.7939,True,per-letter,,31,0.557,กรุงเทพมหานคร,1.0,1.0,car,2,4,True,,372,6,301,161.7
plate_02704.jpg,easyocr+cnn,ศห,0.4931,True,per-letter,easyocr=ศห|cnn=6ห,31,0.557,กรุงเทพมหานคร,1.0,1.0,car,2,4,True,,372,6,301,401.3
plate_02704.jpg,cnn+paddle,คห,0.3544,True,per-letter,cnn=6ห|paddle=คพ,31,0.557,กรุงเทพมหานคร,1.0,1.0,car,2,4,True,,372,6,301,165.4
plate_02704.jpg,easyocr+cnn+paddle,ศห,0.2835,True,per-letter,easyocr=ศห|cnn=6ห|paddle=คพ,31,0.557,กรุงเทพมหานคร,1.0,1.0,car,2,4,True,,372,6,301,563.0
plate_02704.jpg,easyocr+cnn+tesseract+paddle,ศห,0.2805,True,per-letter,easyocr=ศห|cnn=6ห|tesseract=กท|paddle=คพ,31,0.557,กรุงเทพมหานคร,1.0,1.0,car,2,4,True,,372,6,301,737.9
plate_02739.jpg,group,กพ,0.7773,True,whole crop,,1515,0.999,ราชบุรี,0.243,0.0,car,2,4,True,,303,5,256,73.3
plate_02739.jpg,easyocr,กพ,0.6005,True,per-letter,,1515,0.999,ราชบุรี,0.243,0.0,car,2,4,True,,303,5,256,280.0
plate_02739.jpg,cnn,กพ,0.9959,True,per-letter,,1515,0.999,ราชบุรี,0.243,0.0,car,2,4,True,,303,5,256,2.1
plate_02739.jpg,tesseract,กพ,0.9936,True,per-letter,,1515,0.999,ราชบุรี,0.243,0.0,car,2,4,True,,303,5,256,242.4
plate_02739.jpg,paddle,กพ,0.9971,True,per-letter,,1515,0.999,ราชบุรี,0.243,0.0,car,2,4,True,,303,5,256,145.8
plate_02739.jpg,easyocr+cnn,กพ,0.9508,True,per-letter,easyocr=กพ|cnn=กพ,1515,0.999,ราชบุรี,0.243,0.0,car,2,4,True,,303,5,256,282.1
plate_02739.jpg,cnn+paddle,กพ,0.9963,True,per-letter,cnn=กพ|paddle=กพ,1515,0.999,ราชบุรี,0.243,0.0,car,2,4,True,,303,5,256,147.9
plate_02739.jpg,easyocr+cnn+paddle,กพ,0.9652,True,per-letter,easyocr=กพ|cnn=กพ|paddle=กพ,1515,0.999,ราชบุรี,0.243,0.0,car,2,4,True,,303,5,256,427.9
plate_02739.jpg,easyocr+cnn+tesseract+paddle,กพ,0.9681,True,per-letter,easyocr=กพ|cnn=กพ|tesseract=กพ|paddle=กพ,1515,0.999,ราชบุรี,0.243,0.0,car,2,4,True,,303,5,256,670.3
plate_02759.jpg,group,กย,0.872,True,whole crop,,9555,0.524,ชลบุรี,1.0,0.545,car,2,4,True,,337,5,256,82.7
plate_02759.jpg,easyocr,กย,0.9997,True,per-letter,,9555,0.524,ชลบุรี,1.0,0.545,car,2,4,True,,337,5,256,252.2
plate_02759.jpg,cnn,กย,0.9948,True,per-letter,,9555,0.524,ชลบุรี,1.0,0.545,car,2,4,True,,337,5,256,1.9
plate_02759.jpg,tesseract,กย,0.9923,True,per-letter,,9555,0.524,ชลบุรี,1.0,0.545,car,2,4,True,,337,5,256,244.5
plate_02759.jpg,paddle,กย,0.9952,True,per-letter,,9555,0.524,ชลบุรี,1.0,0.545,car,2,4,True,,337,5,256,147.4
plate_02759.jpg,easyocr+cnn,กย,0.9966,True,per-letter,easyocr=กย|cnn=กย,9555,0.524,ชลบุรี,1.0,0.545,car,2,4,True,,337,5,256,254.0
plate_02759.jpg,cnn+paddle,กย,0.9966,True,per-letter,cnn=กย|paddle=กย,9555,0.524,ชลบุรี,1.0,0.545,car,2,4,True,,337,5,256,149.3
plate_02759.jpg,easyocr+cnn+paddle,กย,0.9974,True,per-letter,easyocr=กย|cnn=กย|paddle=กย,9555,0.524,ชลบุรี,1.0,0.545,car,2,4,True,,337,5,256,401.5
plate_02759.jpg,easyocr+cnn+tesseract+paddle,กย,0.9971,True,per-letter,easyocr=กย|cnn=กย|tesseract=กย|paddle=กย,9555,0.524,ชลบุรี,1.0,0.545,car,2,4,True,,337,5,256,646.0
plate_02768.jpg,group,3กท,0.3411,True,whole crop,,7589,0.98,กรุงเทพมหานคร,1.0,0.923,car,3,4,True,,296,8,258,86.9
plate_02768.jpg,easyocr,3กท,0.369,True,per-letter,,7589,0.98,กรุงเทพมหานคร,1.0,0.923,car,3,4,True,,296,8,258,334.7
plate_02768.jpg,cnn,3กท,0.995,True,per-letter,,7589,0.98,กรุงเทพมหานคร,1.0,0.923,car,3,4,False,,296,8,258,2.3
plate_02768.jpg,tesseract,?กท,0.0,False,per-letter,,7589,0.98,กรุงเทพมหานคร,1.0,0.923,car,3,4,True,,296,8,258,365.9
plate_02768.jpg,paddle,3กท,0.9804,True,per-letter,,7589,0.98,กรุงเทพมหานคร,1.0,0.923,car,3,4,False,,296,8,258,226.9
plate_02768.jpg,easyocr+cnn,3กท,0.9395,True,per-letter,easyocr=3กต|cnn=3กท,7589,0.98,กรุงเทพมหานคร,1.0,0.923,car,3,4,False,,296,8,258,337.0
plate_02768.jpg,cnn+paddle,3กท,0.9918,True,per-letter,cnn=3กท|paddle=3กท,7589,0.98,กรุงเทพมหานคร,1.0,0.923,car,3,4,False,,296,8,258,229.2
plate_02768.jpg,easyocr+cnn+paddle,3กท,0.9576,True,per-letter,easyocr=3กต|cnn=3กท|paddle=3กท,7589,0.98,กรุงเทพมหานคร,1.0,0.923,car,3,4,False,,296,8,258,563.9
plate_02768.jpg,easyocr+cnn+tesseract+paddle,3กท,0.9473,True,per-letter,easyocr=3กต|cnn=3กท|tesseract=1กท|paddle=3กท,7589,0.98,กรุงเทพมหานคร,1.0,0.923,car,3,4,False,,296,8,258,929.8
plate_02788.jpg,group,1มช,0.1699,True,whole crop,,5939,0.999,กรุงเทพมหานคร,0.998,0.111,car,3,4,True,,266,1,261,72.1
plate_02788.jpg,easyocr,1มข,0.9128,True,per-letter,,5939,0.999,กรุงเทพมหานคร,0.998,0.111,car,3,4,True,,266,1,261,324.6
plate_02788.jpg,cnn,1มข,0.9792,True,per-letter,,5939,0.999,กรุงเทพมหานคร,0.998,0.111,car,3,4,True,,266,1,261,2.1
plate_02788.jpg,tesseract,1มซ,0.9616,True,per-letter,,5939,0.999,กรุงเทพมหานคร,0.998,0.111,car,3,4,True,,266,1,261,420.5
plate_02788.jpg,paddle,1มซ,0.9222,True,per-letter,,5939,0.999,กรุงเทพมหานคร,0.998,0.111,car,3,4,True,,266,1,261,237.5
plate_02788.jpg,easyocr+cnn,1มข,0.9609,True,per-letter,easyocr=1มข|cnn=1มข,5939,0.999,กรุงเทพมหานคร,0.998,0.111,car,3,4,True,,266,1,261,326.6
plate_02788.jpg,cnn+paddle,1มข,0.6418,True,per-letter,cnn=1มข|paddle=1มซ,5939,0.999,กรุงเทพมหานคร,0.998,0.111,car,3,4,True,,266,1,261,239.6
plate_02788.jpg,easyocr+cnn+paddle,1มข,0.7184,True,per-letter,easyocr=1มข|cnn=1มข|paddle=1มซ,5939,0.999,กรุงเทพมหานคร,0.998,0.111,car,3,4,True,,266,1,261,564.1
plate_02788.jpg,easyocr+cnn+tesseract+paddle,1มข,0.6821,True,per-letter,easyocr=1มข|cnn=1มข|tesseract=1มซ|paddle=1มซ,5939,0.999,กรุงเทพมหานคร,0.998,0.111,car,3,4,True,,266,1,261,984.7
plate_02918.jpg,group,มศ,0.8945,True,whole crop,,2255,0.877,กรุงเทพมหานคร,1.0,0.889,car,2,4,False,,270,1,261,73.9
plate_02918.jpg,easyocr,ฆศ,0.9953,True,per-letter,,2255,0.877,กรุงเทพมหานคร,1.0,0.889,car,2,4,False,,270,1,261,369.7
plate_02918.jpg,cnn,ฆศ,0.9928,True,per-letter,,2255,0.877,กรุงเทพมหานคร,1.0,0.889,car,2,4,False,,270,1,261,2.1
plate_02918.jpg,tesseract,?ศ,0.0,False,per-letter,,2255,0.877,กรุงเทพมหานคร,1.0,0.889,car,2,4,True,,270,1,261,214.2
plate_02918.jpg,paddle,มศ,0.5527,True,per-letter,,2255,0.877,กรุงเทพมหานคร,1.0,0.889,car,2,4,True,,270,1,261,162.4
plate_02918.jpg,easyocr+cnn,ฆศ,0.9952,True,per-letter,easyocr=ฆศ|cnn=ฆศ,2255,0.877,กรุงเทพมหานคร,1.0,0.889,car,2,4,False,,270,1,261,371.8
plate_02918.jpg,cnn+paddle,ฆศ,0.663,True,per-letter,cnn=ฆศ|paddle=มศ,2255,0.877,กรุงเทพมหานคร,1.0,0.889,car,2,4,True,,270,1,261,164.5
plate_02918.jpg,easyocr+cnn+paddle,ฆศ,0.7466,True,per-letter,easyocr=ฆศ|cnn=ฆศ|paddle=มศ,2255,0.877,กรุงเทพมหานคร,1.0,0.889,car,2,4,False,,270,1,261,534.2
plate_02918.jpg,easyocr+cnn+tesseract+paddle,ฆศ,0.7423,True,per-letter,easyocr=ฆศ|cnn=ฆศ|tesseract=กศ|paddle=มศ,2255,0.877,กรุงเทพมหานคร,1.0,0.889,car,2,4,False,,270,1,261,748.4
plate_02944.jpg,group,พค,0.354,True,whole crop,,6888,0.902,กรุงเทพมหานคร,1.0,0.923,car,2,4,True,,282,1,317,73.0
plate_02944.jpg,easyocr,พค,0.7815,True,per-letter,,6888,0.902,กรุงเทพมหานคร,1.0,0.923,car,2,4,False,,282,1,317,522.1
plate_02944.jpg,cnn,พค,0.9871,True,per-letter,,6888,0.902,กรุงเทพมหานคร,1.0,0.923,car,2,4,False,,282,1,317,2.0
plate_02944.jpg,tesseract,?ด,0.0,False,per-letter,,6888,0.902,กรุงเทพมหานคร,1.0,0.923,car,2,4,True,,282,1,317,187.9
plate_02944.jpg,paddle,พค,0.9916,True,per-letter,,6888,0.902,กรุงเทพมหานคร,1.0,0.923,car,2,4,False,,282,1,317,138.0
plate_02944.jpg,easyocr+cnn,พค,0.9357,True,per-letter,easyocr=พค|cnn=พค,6888,0.902,กรุงเทพมหานคร,1.0,0.923,car,2,4,False,,282,1,317,524.1
plate_02944.jpg,cnn+paddle,พค,0.9886,True,per-letter,cnn=พค|paddle=พค,6888,0.902,กรุงเทพมหานคร,1.0,0.923,car,2,4,False,,282,1,317,140.0
plate_02944.jpg,easyocr+cnn+paddle,พค,0.951,True,per-letter,easyocr=พค|cnn=พค|paddle=พค,6888,0.902,กรุงเทพมหานคร,1.0,0.923,car,2,4,False,,282,1,317,662.1
plate_02944.jpg,easyocr+cnn+tesseract+paddle,พค,0.8826,True,per-letter,easyocr=พค|cnn=พค|tesseract=กด|paddle=พค,6888,0.902,กรุงเทพมหานคร,1.0,0.923,car,2,4,False,,282,1,317,850.0
plate_02971.jpg,group,ก,0.2475,True,whole crop,,4988,0.7,ภูเก็ต,0.975,0.2,car,1,4,True,,349,8,323,75.2
plate_02971.jpg,easyocr,ก,0.9979,True,per-letter,,4988,0.7,ภูเก็ต,0.975,0.2,car,1,4,True,,349,8,323,223.5
plate_02971.jpg,cnn,ก,0.9087,True,per-letter,,4988,0.7,ภูเก็ต,0.975,0.2,car,1,4,True,,349,8,323,4.3
plate_02971.jpg,tesseract,ฑ,0.9584,True,per-letter,,4988,0.7,ภูเก็ต,0.975,0.2,car,1,4,True,,349,8,323,168.7
plate_02971.jpg,paddle,ก,0.4416,True,per-letter,,4988,0.7,ภูเก็ต,0.975,0.2,car,1,4,True,,349,8,323,113.7
plate_02971.jpg,easyocr+cnn,ก,0.9471,True,per-letter,easyocr=ก|cnn=ก,4988,0.7,ภูเก็ต,0.975,0.2,car,1,4,True,,349,8,323,227.7
plate_02971.jpg,cnn+paddle,ก,0.7805,True,per-letter,cnn=ก|paddle=ก,4988,0.7,ภูเก็ต,0.975,0.2,car,1,4,True,,349,8,323,117.9
plate_02971.jpg,easyocr+cnn+paddle,ก,0.8557,True,per-letter,easyocr=ก|cnn=ก|paddle=ก,4988,0.7,ภูเก็ต,0.975,0.2,car,1,4,True,,349,8,323,341.4
plate_02971.jpg,easyocr+cnn+tesseract+paddle,ก,0.8423,True,per-letter,easyocr=ก|cnn=ก|tesseract=ฑ|paddle=ก,4988,0.7,ภูเก็ต,0.975,0.2,car,1,4,True,,349,8,323,510.1
plate_02974.jpg,group,ณช,0.5887,True,whole crop,,3704,1.0,กรุงเทพมหานคร,1.0,0.692,car,2,4,True,,309,1,260,75.2
plate_02974.jpg,easyocr,กข,0.7007,True,per-letter,,3704,1.0,กรุงเทพมหานคร,1.0,0.692,car,2,4,False,,309,1,260,612.0
plate_02974.jpg,cnn,ฌข,0.9319,True,per-letter,,3704,1.0,กรุงเทพมหานคร,1.0,0.692,car,2,4,False,,309,1,260,2.5
plate_02974.jpg,tesseract,ณก,0.976,True,per-letter,,3704,1.0,กรุงเทพมหานคร,1.0,0.692,car,2,4,False,,309,1,260,232.9
plate_02974.jpg,paddle,ณซ,0.4976,True,per-letter,,3704,1.0,กรุงเทพมหานคร,1.0,0.692,car,2,4,True,,309,1,260,154.2
plate_02974.jpg,easyocr+cnn,ฌข,0.6296,True,per-letter,easyocr=กข|cnn=ฌข,3704,1.0,กรุงเทพมหานคร,1.0,0.692,car,2,4,True,,309,1,260,614.5
plate_02974.jpg,cnn+paddle,ฌข,0.4209,True,per-letter,cnn=ฌข|paddle=ปซ,3704,1.0,กรุงเทพมหานคร,1.0,0.692,car,2,4,True,,309,1,260,156.7
plate_02974.jpg,easyocr+cnn+paddle,ฌข,0.4006,True,per-letter,easyocr=กข|cnn=ฌข|paddle=ปซ,3704,1.0,กรุงเทพมหานคร,1.0,0.692,car,2,4,True,,309,1,260,768.7
plate_02974.jpg,easyocr+cnn+tesseract+paddle,ฌข,0.3429,True,per-letter,easyocr=กข|cnn=ฌข|tesseract=ณก|paddle=ปซ,3704,1.0,กรุงเทพมหานคร,1.0,0.692,car,2,4,True,,309,1,260,1001.6
plate_03065.jpg,group,ณข,0.554,True,whole crop,,3822,0.987,ภูเก็ต,0.998,0.909,car,2,4,True,,378,1,278,76.4
plate_03065.jpg,easyocr,ญข,0.7846,True,per-letter,,3822,0.987,ภูเก็ต,0.998,0.909,car,2,4,False,,378,1,278,354.0
plate_03065.jpg,cnn,ฌข,0.9926,True,per-letter,,3822,0.987,ภูเก็ต,0.998,0.909,car,2,4,False,,378,1,278,2.4
plate_03065.jpg,tesseract,ณข,0.984,True,per-letter,,3822,0.987,ภูเก็ต,0.998,0.909,car,2,4,False,,378,1,278,176.0
plate_03065.jpg,paddle,ณข,0.2433,True,per-letter,,3822,0.987,ภูเก็ต,0.998,0.909,car,2,4,True,,378,1,278,165.6
plate_03065.jpg,easyocr+cnn,ฌข,0.7049,True,per-letter,easyocr=ญข|cnn=ฌข,3822,0.987,ภูเก็ต,0.998,0.909,car,2,4,False,,378,1,278,356.4
plate_03065.jpg,cnn+paddle,ฌข,0.5436,True,per-letter,cnn=ฌข|paddle=ญซ,3822,0.987,ภูเก็ต,0.998,0.909,car,2,4,True,,378,1,278,168.0
plate_03065.jpg,easyocr+cnn+paddle,ฌข,0.4393,True,per-letter,easyocr=ญข|cnn=ฌข|paddle=ญซ,3822,0.987,ภูเก็ต,0.998,0.909,car,2,4,True,,378,1,278,522.0
plate_03065.jpg,easyocr+cnn+tesseract+paddle,ฌข,0.3997,True,per-letter,easyocr=ญข|cnn=ฌข|tesseract=ณข|paddle=ญซ,3822,0.987,ภูเก็ต,0.998,0.909,car,2,4,True,,378,1,278,698.0
plate_03078.jpg,group,ปซ,0.0359,True,whole crop,,4603,0.985,สกลนคร,0.268,0.0,car,2,4,True,,254,1,278,77.0
plate_03078.jpg,easyocr,กบ,0.8914,True,per-letter,,4603,0.985,สกลนคร,0.268,0.0,car,2,4,True,,254,1,278,466.5
plate_03078.jpg,cnn,ฌข,0.9684,True,per-letter,,4603,0.985,สกลนคร,0.268,0.0,car,2,4,True,,254,1,278,2.6
plate_03078.jpg,tesseract,?ข,0.0,False,per-letter,,4603,0.985,สกลนคร,0.268,0.0,car,2,4,True,,254,1,278,176.5
plate_03078.jpg,paddle,ปซ,0.8405,True,per-letter,,4603,0.985,สกลนคร,0.268,0.0,car,2,4,True,,254,1,278,197.5
plate_03078.jpg,easyocr+cnn,ฌข,0.3895,True,per-letter,easyocr=กบ|cnn=ฌข,4603,0.985,สกลนคร,0.268,0.0,car,2,4,True,,254,1,278,469.1
plate_03078.jpg,cnn+paddle,ฌข,0.3462,True,per-letter,cnn=ฌข|paddle=ปซ,4603,0.985,สกลนคร,0.268,0.0,car,2,4,True,,254,1,278,200.1
plate_03078.jpg,easyocr+cnn+paddle,ฌข,0.1964,True,per-letter,easyocr=กบ|cnn=ฌข|paddle=ปซ,4603,0.985,สกลนคร,0.268,0.0,car,2,4,True,,254,1,278,666.6
plate_03078.jpg,easyocr+cnn+tesseract+paddle,ฌข,0.2142,True,per-letter,easyocr=กบ|cnn=ฌข|tesseract=กข|paddle=ปซ,4603,0.985,สกลนคร,0.268,0.0,car,2,4,True,,254,1,278,843.1
plate_03193.jpg,group,ขท,0.4289,True,whole crop,,678,0.992,ระยอง,0.995,0.6,car,2,3,True,,344,7,239,76.8
plate_03193.jpg,easyocr,ขท,0.7134,True,per-letter,,678,0.992,ระยอง,0.995,0.6,car,2,3,False,,344,7,239,422.0
plate_03193.jpg,cnn,ขท,0.9906,True,per-letter,,678,0.992,ระยอง,0.995,0.6,car,2,3,False,,344,7,239,3.6
plate_03193.jpg,tesseract,ปท,0.95,True,per-letter,,678,0.992,ระยอง,0.995,0.6,car,2,3,False,,344,7,239,157.0
plate_03193.jpg,paddle,ขท,0.6202,True,per-letter,,678,0.992,ระยอง,0.995,0.6,car,2,3,True,,344,7,239,166.5
plate_03193.jpg,easyocr+cnn,ขท,0.9228,True,per-letter,easyocr=ขท|cnn=ขท,678,0.992,ระยอง,0.995,0.6,car,2,3,False,,344,7,239,425.7
plate_03193.jpg,cnn+paddle,ขท,0.8894,True,per-letter,cnn=ขท|paddle=ขท,678,0.992,ระยอง,0.995,0.6,car,2,3,False,,344,7,239,170.1
plate_03193.jpg,easyocr+cnn+paddle,ขท,0.8773,True,per-letter,easyocr=ขท|cnn=ขท|paddle=ขท,678,0.992,ระยอง,0.995,0.6,car,2,3,False,,344,7,239,592.1
plate_03193.jpg,easyocr+cnn+tesseract+paddle,ขท,0.8752,True,per-letter,easyocr=ขท|cnn=ขท|tesseract=ปท|paddle=ขท,678,0.992,ระยอง,0.995,0.6,car,2,3,False,,344,7,239,749.2
plate_03194.jpg,group,น,0.5029,True,whole crop,,324,0.833,นครนายก,0.379,0.182,car,2,4,True,,302,9,286,75.8
plate_03194.jpg,easyocr,นบ,0.2825,True,per-letter,,324,0.833,นครนายก,0.379,0.182,car,2,4,True,,302,9,286,455.9
plate_03194.jpg,cnn,1ข,0.4254,True,per-letter,,324,0.833,นครนายก,0.379,0.182,car,2,4,True,,302,9,286,3.7
plate_03194.jpg,tesseract,น?,0.0,False,per-letter,,324,0.833,นครนายก,0.379,0.182,car,2,4,True,,302,9,286,180.1
plate_03194.jpg,paddle,นซ,0.4864,True,per-letter,,324,0.833,นครนายก,0.379,0.182,car,2,4,True,,302,9,286,163.2
plate_03194.jpg,easyocr+cnn,นข,0.341,True,per-letter,easyocr=งบ|cnn=ฎข,324,0.833,นครนายก,0.379,0.182,car,2,4,True,,302,9,286,459.7
plate_03194.jpg,cnn+paddle,นข,0.3956,True,per-letter,cnn=ฎข|paddle=นซ,324,0.833,นครนายก,0.379,0.182,car,2,4,True,,302,9,286,166.9
plate_03194.jpg,easyocr+cnn+paddle,นข,0.3628,True,per-letter,easyocr=งบ|cnn=ฎข|paddle=นซ,324,0.833,นครนายก,0.379,0.182,car,2,4,True,,302,9,286,622.8
plate_03194.jpg,easyocr+cnn+tesseract+paddle,นข,0.4261,True,per-letter,easyocr=งบ|cnn=ฎข|tesseract=นก|paddle=นซ,324,0.833,นครนายก,0.379,0.182,car,2,4,True,,302,9,286,802.9
plate_03237.jpg,group,4ชร,0.3184,True,whole crop,,9939,0.999,ตราด,0.647,0.667,car,3,4,True,,241,6,258,74.5
plate_03237.jpg,easyocr,4ยร,0.9318,True,per-letter,,9939,0.999,ตราด,0.647,0.667,car,3,4,True,,241,6,258,395.1
plate_03237.jpg,cnn,4ขร,0.9489,True,per-letter,,9939,0.999,ตราด,0.647,0.667,car,3,4,True,,241,6,258,2.5
plate_03237.jpg,tesseract,?ขร,0.0,False,per-letter,,9939,0.999,ตราด,0.647,0.667,car,3,4,True,,241,6,258,398.6
plate_03237.jpg,paddle,4ซร,0.5442,True,per-letter,,9939,0.999,ตราด,0.647,0.667,car,3,4,True,,241,6,258,231.6
plate_03237.jpg,easyocr+cnn,4ขร,0.7155,True,per-letter,easyocr=4ยร|cnn=4ขร,9939,0.999,ตราด,0.647,0.667,car,3,4,True,,241,6,258,397.6
plate_03237.jpg,cnn+paddle,4ขร,0.6322,True,per-letter,cnn=4ขร|paddle=4ซร,9939,0.999,ตราด,0.647,0.667,car,3,4,True,,241,6,258,234.1
plate_03237.jpg,easyocr+cnn+paddle,4ขร,0.5964,True,per-letter,easyocr=4ยร|cnn=4ขร|paddle=4ซร,9939,0.999,ตราด,0.647,0.667,car,3,4,True,,241,6,258,629.1
plate_03237.jpg,easyocr+cnn+tesseract+paddle,4ขร,0.6135,True,per-letter,easyocr=4ยร|cnn=4ขร|tesseract=1ขร|paddle=4ซร,9939,0.999,ตราด,0.647,0.667,car,3,4,True,,241,6,258,1027.8
plate_03307.jpg,group,,0.0,False,whole crop,,1,0.821,เลย,0.871,0.0,car,2,1,True,,345,1,233,74.4
plate_03307.jpg,easyocr,2ร,0.3003,True,per-letter,,1,0.821,เลย,0.871,0.0,car,2,1,True,,345,1,233,590.0
plate_03307.jpg,cnn,11,0.4208,True,per-letter,,1,0.821,เลย,0.871,0.0,car,2,1,True,,345,1,233,1.9
plate_03307.jpg,tesseract,??,0.0,False,per-letter,,1,0.821,เลย,0.871,0.0,car,2,1,True,,345,1,233,253.4
plate_03307.jpg,paddle,12,0.3571,True,per-letter,,1,0.821,เลย,0.871,0.0,car,2,1,True,,345,1,233,159.7
plate_03307.jpg,easyocr+cnn,11,0.3913,True,per-letter,easyocr=2ร|cnn=11,1,0.821,เลย,0.871,0.0,car,2,1,True,,345,1,233,592.0
plate_03307.jpg,cnn+paddle,11,0.5024,True,per-letter,cnn=11|paddle=12,1,0.821,เลย,0.871,0.0,car,2,1,True,,345,1,233,161.6
plate_03307.jpg,easyocr+cnn+paddle,11,0.4411,True,per-letter,easyocr=2ร|cnn=11|paddle=12,1,0.821,เลย,0.871,0.0,car,2,1,True,,345,1,233,751.7
plate_03307.jpg,easyocr+cnn+tesseract+paddle,11,0.4352,True,per-letter,easyocr=2ร|cnn=11|tesseract=กก|paddle=12,1,0.821,เลย,0.871,0.0,car,2,1,True,,345,1,233,1005.0
plate_03342.jpg,group,ณช,0.9526,True,whole crop,,4545,1.0,กรุงเทพมหานคร,1.0,1.0,car,2,4,False,,400,1,278,75.1
plate_03342.jpg,easyocr,ณข,0.8398,True,per-letter,,4545,1.0,กรุงเทพมหานคร,1.0,1.0,car,2,4,False,,400,1,278,446.2
plate_03342.jpg,cnn,ณข,0.8613,True,per-letter,,4545,1.0,กรุงเทพมหานคร,1.0,1.0,car,2,4,False,,400,1,278,3.7
plate_03342.jpg,tesseract,ณข,0.9943,True,per-letter,,4545,1.0,กรุงเทพมหานคร,1.0,1.0,car,2,4,False,,400,1,278,210.1
plate_03342.jpg,paddle,ณซ,0.8728,True,per-letter,,4545,1.0,กรุงเทพมหานคร,1.0,1.0,car,2,4,False,,400,1,278,195.7
plate_03342.jpg,easyocr+cnn,ณข,0.8808,True,per-letter,easyocr=ณข|cnn=ณข,4545,1.0,กรุงเทพมหานคร,1.0,1.0,car,2,4,False,,400,1,278,449.9
plate_03342.jpg,cnn+paddle,ณข,0.5129,True,per-letter,cnn=ณข|paddle=ณซ,4545,1.0,กรุงเทพมหานคร,1.0,1.0,car,2,4,True,,400,1,278,199.4
plate_03342.jpg,easyocr+cnn+paddle,ณข,0.6046,True,per-letter,easyocr=ณข|cnn=ณข|paddle=ณซ,4545,1.0,กรุงเทพมหานคร,1.0,1.0,car,2,4,True,,400,1,278,645.6
plate_03342.jpg,easyocr+cnn+tesseract+paddle,ณข,0.6381,True,per-letter,easyocr=ณข|cnn=ณข|tesseract=ณข|paddle=ณซ,4545,1.0,กรุงเทพมหานคร,1.0,1.0,car,2,4,True,,400,1,278,855.7
plate_03448.jpg,group,ณช,0.3334,True,whole crop,,3473,1.0,ร้อยเอ็ด,0.512,0.5,car,2,4,True,,287,1,276,76.6
plate_03448.jpg,easyocr,ณข,0.8019,True,per-letter,,3473,1.0,ร้อยเอ็ด,0.512,0.5,car,2,4,True,,287,1,276,449.2
plate_03448.jpg,cnn,ณข,0.863,True,per-letter,,3473,1.0,ร้อยเอ็ด,0.512,0.5,car,2,4,True,,287,1,276,3.1
plate_03448.jpg,tesseract,ณข,0.9885,True,per-letter,,3473,1.0,ร้อยเอ็ด,0.512,0.5,car,2,4,True,,287,1,276,163.2
plate_03448.jpg,paddle,ณซ,0.5544,True,per-letter,,3473,1.0,ร้อยเอ็ด,0.512,0.5,car,2,4,True,,287,1,276,148.3
plate_03448.jpg,easyocr+cnn,ณข,0.8504,True,per-letter,easyocr=ณข|cnn=ณข,3473,1.0,ร้อยเอ็ด,0.512,0.5,car,2,4,True,,287,1,276,452.3
plate_03448.jpg,cnn+paddle,ณข,0.5884,True,per-letter,cnn=ณข|paddle=ณซ,3473,1.0,ร้อยเอ็ด,0.512,0.5,car,2,4,True,,287,1,276,151.5
plate_03448.jpg,easyocr+cnn+paddle,ณข,0.6735,True,per-letter,easyocr=ณข|cnn=ณข|paddle=ณซ,3473,1.0,ร้อยเอ็ด,0.512,0.5,car,2,4,True,,287,1,276,600.6
plate_03448.jpg,easyocr+cnn+tesseract+paddle,ณข,0.7041,True,per-letter,easyocr=ณข|cnn=ณข|tesseract=ณข|paddle=ณซ,3473,1.0,ร้อยเอ็ด,0.512,0.5,car,2,4,True,,287,1,276,763.8
plate_03459.jpg,group,ณช,0.5119,True,whole crop,,5297,0.595,ภูเก็ต,0.997,0.545,car,2,4,True,,284,1,258,73.0
plate_03459.jpg,easyocr,กข,0.6556,True,per-letter,,5297,0.595,ภูเก็ต,0.997,0.545,car,2,4,True,,284,1,258,476.5
plate_03459.jpg,cnn,ฌข,0.9507,True,per-letter,,5297,0.595,ภูเก็ต,0.997,0.545,car,2,4,True,,284,1,258,1.7
plate_03459.jpg,tesseract,ณข,0.9937,True,per-letter,,5297,0.595,ภูเก็ต,0.997,0.545,car,2,4,True,,284,1,258,259.7
plate_03459.jpg,paddle,ญซ,0.4621,True,per-letter,,5297,0.595,ภูเก็ต,0.997,0.545,car,2,4,True,,284,1,258,151.1
plate_03459.jpg,easyocr+cnn,ฌข,0.6449,True,per-letter,easyocr=กข|cnn=ฌข,5297,0.595,ภูเก็ต,0.997,0.545,car,2,4,True,,284,1,258,478.2
plate_03459.jpg,cnn+paddle,ฌข,0.4038,True,per-letter,cnn=ฌข|paddle=ญซ,5297,0.595,ภูเก็ต,0.997,0.545,car,2,4,True,,284,1,258,152.9
plate_03459.jpg,easyocr+cnn+paddle,ฌข,0.401,True,per-letter,easyocr=กข|cnn=ฌข|paddle=ญซ,5297,0.595,ภูเก็ต,0.997,0.545,car,2,4,True,,284,1,258,629.4
plate_03459.jpg,easyocr+cnn+tesseract+paddle,ฌข,0.3417,True,per-letter,easyocr=กข|cnn=ฌข|tesseract=ณข|paddle=ญซ,5297,0.595,ภูเก็ต,0.997,0.545,car,2,4,True,,284,1,258,889.1
plate_03499.jpg,group,มส,0.9502,True,whole crop,,1000,0.943,กรุงเทพมหานคร,1.0,0.381,car,2,4,True,,270,5,262,76.4
plate_03499.jpg,easyocr,ฆส,0.9789,True,per-letter,,1000,0.943,กรุงเทพมหานคร,1.0,0.381,car,2,4,True,,270,5,262,440.1
plate_03499.jpg,cnn,ฆส,0.9816,True,per-letter,,1000,0.943,กรุงเทพมหานคร,1.0,0.381,car,2,4,True,,270,5,262,1.8
plate_03499.jpg,tesseract,??,0.0,False,per-letter,,1000,0.943,กรุงเทพมหานคร,1.0,0.381,car,2,4,True,,270,5,262,153.5
plate_03499.jpg,paddle,มส,0.6448,True,per-letter,,1000,0.943,กรุงเทพมหานคร,1.0,0.381,car,2,4,True,,270,5,262,170.2
plate_03499.jpg,easyocr+cnn,ฆส,0.9828,True,per-letter,easyocr=ฆส|cnn=ฆส,1000,0.943,กรุงเทพมหานคร,1.0,0.381,car,2,4,True,,270,5,262,441.9
plate_03499.jpg,cnn+paddle,ฆส,0.5617,True,per-letter,cnn=ฆส|paddle=มส,1000,0.943,กรุงเทพมหานคร,1.0,0.381,car,2,4,True,,270,5,262,172.0
plate_03499.jpg,easyocr+cnn+paddle,ฆส,0.6616,True,per-letter,easyocr=ฆส|cnn=ฆส|paddle=มส,1000,0.943,กรุงเทพมหานคร,1.0,0.381,car,2,4,True,,270,5,262,612.1
plate_03499.jpg,easyocr+cnn+tesseract+paddle,ฆส,0.6554,True,per-letter,easyocr=ฆส|cnn=ฆส|tesseract=กก|paddle=มส,1000,0.943,กรุงเทพมหานคร,1.0,0.381,car,2,4,True,,270,5,262,765.6
plate_03502.jpg,group,ดก,0.0718,True,whole crop,,7000,0.805,กรุงเทพมหานคร,1.0,0.783,car,3,4,True,,399,8,275,75.6
plate_03502.jpg,easyocr,6กก,0.3539,True,per-letter,,7000,0.805,กรุงเทพมหานคร,1.0,0.783,car,3,4,True,,399,8,275,700.5
plate_03502.jpg,cnn,6กว,0.9454,True,per-letter,,7000,0.805,กรุงเทพมหานคร,1.0,0.783,car,3,4,False,,399,8,275,3.3
plate_03502.jpg,tesseract,8ก?,0.0,False,per-letter,,7000,0.805,กรุงเทพมหานคร,1.0,0.783,car,3,4,True,,399,8,275,293.0
plate_03502.jpg,paddle,6กว,0.7652,True,per-letter,,7000,0.805,กรุงเทพมหานคร,1.0,0.783,car,3,4,False,,399,8,275,305.7
plate_03502.jpg,easyocr+cnn,6กว,0.7507,True,per-letter,easyocr=6กก|cnn=6กว,7000,0.805,กรุงเทพมหานคร,1.0,0.783,car,3,4,False,,399,8,275,703.7
plate_03502.jpg,cnn+paddle,6กว,0.9163,True,per-letter,cnn=6กว|paddle=6กว,7000,0.805,กรุงเทพมหานคร,1.0,0.783,car,3,4,False,,399,8,275,308.9
plate_03502.jpg,easyocr+cnn+paddle,6กว,0.7682,True,per-letter,easyocr=6กก|cnn=6กว|paddle=6กว,7000,0.805,กรุงเทพมหานคร,1.0,0.783,car,3,4,False,,399,8,275,1009.4
plate_03502.jpg,easyocr+cnn+tesseract+paddle,6กว,0.7379,True,per-letter,easyocr=6กก|cnn=6กว|tesseract=8กก|paddle=6กว,7000,0.805,กรุงเทพมหานคร,1.0,0.783,car,3,4,False,,399,8,275,1302.4
plate_03574.jpg,group,ดซ,0.2554,True,whole crop,,3066,0.934,พิจิตร,0.641,0.0,car,2,4,True,,331,20,292,75.9
plate_03574.jpg,easyocr,กย,0.5559,True,per-letter,,3066,0.934,พิจิตร,0.641,0.0,car,2,4,True,,331,20,292,601.2
plate_03574.jpg,cnn,ฌข,0.5396,True,per-letter,,3066,0.934,พิจิตร,0.641,0.0,car,2,4,True,,331,20,292,1.9
plate_03574.jpg,tesseract,?ข,0.0,False,per-letter,,3066,0.934,พิจิตร,0.641,0.0,car,2,4,True,,331,20,292,252.9
plate_03574.jpg,paddle,ดซ,0.4725,True,per-letter,,3066,0.934,พิจิตร,0.641,0.0,car,2,4,True,,331,20,292,168.0
plate_03574.jpg,easyocr+cnn,กข,0.4488,True,per-letter,easyocr=กย|cnn=ฌข,3066,0.934,พิจิตร,0.641,0.0,car,2,4,True,,331,20,292,603.1
plate_03574.jpg,cnn+paddle,ดข,0.2254,True,per-letter,cnn=ฌข|paddle=ดซ,3066,0.934,พิจิตร,0.641,0.0,car,2,4,True,,331,20,292,169.9
plate_03574.jpg,easyocr+cnn+paddle,กข,0.258,True,per-letter,easyocr=กย|cnn=ฌข|paddle=ดซ,3066,0.934,พิจิตร,0.641,0.0,car,2,4,True,,331,20,292,771.0
plate_03574.jpg,easyocr+cnn+tesseract+paddle,กข,0.2817,True,per-letter,easyocr=กย|cnn=ฌข|tesseract=กข|paddle=ดซ,3066,0.934,พิจิตร,0.641,0.0,car,2,4,True,,331,20,292,1023.9
plate_03591.jpg,group,ณผ,0.252,True,whole crop,,4141,0.975,กรุงเทพมหานคร,1.0,1.0,car,2,4,True,,272,1,266,73.8
plate_03591.jpg,easyocr,ญผ,0.7658,True,per-letter,,4141,0.975,กรุงเทพมหานคร,1.0,1.0,car,2,4,False,,272,1,266,478.8
plate_03591.jpg,cnn,ฌผ,0.9657,True,per-letter,,4141,0.975,กรุงเทพมหานคร,1.0,1.0,car,2,4,False,,272,1,266,6.9
plate_03591.jpg,tesseract,ณฝ,0.9749,True,per-letter,,4141,0.975,กรุงเทพมหานคร,1.0,1.0,car,2,4,False,,272,1,266,219.3
plate_03591.jpg,paddle,ณผ,0.3092,True,per-letter,,4141,0.975,กรุงเทพมหานคร,1.0,1.0,car,2,4,True,,272,1,266,228.1
plate_03591.jpg,easyocr+cnn,ฌผ,0.6446,True,per-letter,easyocr=ญผ|cnn=ฌผ,4141,0.975,กรุงเทพมหานคร,1.0,1.0,car,2,4,True,,272,1,266,485.8
plate_03591.jpg,cnn+paddle,ฌผ,0.6526,True,per-letter,cnn=ฌผ|paddle=ญผ,4141,0.975,กรุงเทพมหานคร,1.0,1.0,car,2,4,True,,272,1,266,235.1
plate_03591.jpg,easyocr+cnn+paddle,ฌผ,0.484,True,per-letter,easyocr=ญผ|cnn=ฌผ|paddle=ญผ,4141,0.975,กรุงเทพมหานคร,1.0,1.0,car,2,4,True,,272,1,266,713.9
plate_03591.jpg,easyocr+cnn+tesseract+paddle,ฌผ,0.4041,True,per-letter,easyocr=ญผ|cnn=ฌผ|tesseract=ณฝ|paddle=ญผ,4141,0.975,กรุงเทพมหานคร,1.0,1.0,car,2,4,True,,272,1,266,933.2
plate_03638.jpg,group,อ,0.0754,True,whole crop,,5555,0.458,กรุงเทพมหานคร,1.0,0.8,car,1,4,True,,227,1,268,73.6
plate_03638.jpg,easyocr,ธ,0.9935,True,per-letter,,5555,0.458,กรุงเทพมหานคร,1.0,0.8,car,1,4,True,,227,1,268,302.6
plate_03638.jpg,cnn,ธ,0.9973,True,per-letter,,5555,0.458,กรุงเทพมหานคร,1.0,0.8,car,1,4,True,,227,1,268,3.8
plate_03638.jpg,tesseract,?,0.0,False,per-letter,,5555,0.458,กรุงเทพมหานคร,1.0,0.8,car,1,4,True,,227,1,268,156.7
plate_03638.jpg,paddle,ธ,0.6976,True,per-letter,,5555,0.458,กรุงเทพมหานคร,1.0,0.8,car,1,4,True,,227,1,268,94.2
plate_03638.jpg,easyocr+cnn,ธ,0.9973,True,per-letter,easyocr=ธ|cnn=ธ,5555,0.458,กรุงเทพมหานคร,1.0,0.8,car,1,4,True,,227,1,268,306.4
plate_03638.jpg,cnn+paddle,ธ,0.9019,True,per-letter,cnn=ธ|paddle=ธ,5555,0.458,กรุงเทพมหานคร,1.0,0.8,car,1,4,True,,227,1,268,98.0
plate_03638.jpg,easyocr+cnn+paddle,ธ,0.9265,True,per-letter,easyocr=ธ|cnn=ธ|paddle=ธ,5555,0.458,กรุงเทพมหานคร,1.0,0.8,car,1,4,True,,227,1,268,400.6
plate_03638.jpg,easyocr+cnn+tesseract+paddle,ธ,0.921,True,per-letter,easyocr=ธ|cnn=ธ|tesseract=ก|paddle=ธ,5555,0.458,กรุงเทพมหานคร,1.0,0.8,car,1,4,True,,227,1,268,557.3
plate_03653.jpg,group,2ชย,0.568,True,whole crop,,8118,1.0,กรุงเทพมหานคร,1.0,0.846,car,3,4,True,,341,1,268,77.7
plate_03653.jpg,easyocr,2ขย,0.9903,True,per-letter,,8118,1.0,กรุงเทพมหานคร,1.0,0.846,car,3,4,False,,341,1,268,481.5
plate_03653.jpg,cnn,2ขย,0.9821,True,per-letter,,8118,1.0,กรุงเทพมหานคร,1.0,0.846,car,3,4,False,,341,1,268,2.3
plate_03653.jpg,tesseract,2ขย,0.9883,True,per-letter,,8118,1.0,กรุงเทพมหานคร,1.0,0.846,car,3,4,False,,341,1,268,369.6
plate_03653.jpg,paddle,2ซย,0.8716,True,per-letter,,8118,1.0,กรุงเทพมหานคร,1.0,0.846,car,3,4,False,,341,1,268,300.2
plate_03653.jpg,easyocr+cnn,2ขย,0.9855,True,per-letter,easyocr=2ขย|cnn=2ขย,8118,1.0,กรุงเทพมหานคร,1.0,0.846,car,3,4,False,,341,1,268,483.8
plate_03653.jpg,cnn+paddle,2ขย,0.7228,True,per-letter,cnn=2ขย|paddle=2ซย,8118,1.0,กรุงเทพมหานคร,1.0,0.846,car,3,4,False,,341,1,268,302.5
plate_03653.jpg,easyocr+cnn+paddle,2ขย,0.7948,True,per-letter,easyocr=2ขย|cnn=2ขย|paddle=2ซย,8118,1.0,กรุงเทพมหานคร,1.0,0.846,car,3,4,False,,341,1,268,784.0
plate_03653.jpg,easyocr+cnn+tesseract+paddle,2ขย,0.8125,True,per-letter,easyocr=2ขย|cnn=2ขย|tesseract=2ขย|paddle=2ซย,8118,1.0,กรุงเทพมหานคร,1.0,0.846,car,3,4,False,,341,1,268,1153.6
plate_03674.jpg,group,2กณ,0.486,True,whole crop,,3773,0.997,อุดรธานี,0.326,0.333,car,3,4,True,,236,1,263,71.9
plate_03674.jpg,easyocr,2กณ,0.8756,True,per-letter,,3773,0.997,อุดรธานี,0.326,0.333,car,3,4,True,,236,1,263,388.4
plate_03674.jpg,cnn,2กฌ,0.6357,True,per-letter,,3773,0.997,อุดรธานี,0.326,0.333,car,3,4,True,,236,1,263,2.2
plate_03674.jpg,tesseract,2กก,0.9786,True,per-letter,,3773,0.997,อุดรธานี,0.326,0.333,car,3,4,True,,236,1,263,440.9
plate_03674.jpg,paddle,2กณ,0.54,True,per-letter,,3773,0.997,อุดรธานี,0.326,0.333,car,3,4,True,,236,1,263,239.3
plate_03674.jpg,easyocr+cnn,2กณ,0.5652,True,per-letter,easyocr=2กณ|cnn=2กฌ,3773,0.997,อุดรธานี,0.326,0.333,car,3,4,True,,236,1,263,390.7
plate_03674.jpg,cnn+paddle,2กฌ,0.4164,True,per-letter,cnn=2กฌ|paddle=2กป,3773,0.997,อุดรธานี,0.326,0.333,car,3,4,True,,236,1,263,241.6
plate_03674.jpg,easyocr+cnn+paddle,2กณ,0.5726,True,per-letter,easyocr=2กณ|cnn=2กฌ|paddle=2กป,3773,0.997,อุดรธานี,0.326,0.333,car,3,4,True,,236,1,263,630.0
plate_03674.jpg,easyocr+cnn+tesseract+paddle,2กณ,0.59,True,per-letter,easyocr=2กณ|cnn=2กฌ|tesseract=2กก|paddle=2กป,3773,0.997,อุดรธานี,0.326,0.333,car,3,4,True,,236,1,263,1070.9
plate_03700.jpg,group,กบ,0.0163,True,whole crop,,3881,0.994,เลย,0.894,0.0,car,3,4,True,,333,1,284,76.4
plate_03700.jpg,easyocr,3นบ,0.1109,True,per-letter,,3881,0.994,เลย,0.894,0.0,car,3,4,True,,333,1,284,662.6
plate_03700.jpg,cnn,1ณข,0.5653,True,per-letter,,3881,0.994,เลย,0.894,0.0,car,3,4,True,,333,1,284,3.1
plate_03700.jpg,tesseract,7ฆซ,0.716,True,per-letter,,3881,0.994,เลย,0.894,0.0,car,3,4,True,,333,1,284,313.7
plate_03700.jpg,paddle,7นซ,0.2451,True,per-letter,,3881,0.994,เลย,0.894,0.0,car,3,4,True,,333,1,284,217.8
plate_03700.jpg,easyocr+cnn,1ณข,0.2768,True,per-letter,easyocr=3บบ|cnn=1ณข,3881,0.994,เลย,0.894,0.0,car,3,4,True,,333,1,284,665.7
plate_03700.jpg,cnn+paddle,1ณข,0.2335,True,per-letter,cnn=1ณข|paddle=7นซ,3881,0.994,เลย,0.894,0.0,car,3,4,True,,333,1,284,220.9
plate_03700.jpg,easyocr+cnn+paddle,1ณข,0.1715,True,per-letter,easyocr=3บบ|cnn=1ณข|paddle=7นซ,3881,0.994,เลย,0.894,0.0,car,3,4,True,,333,1,284,883.5
plate_03700.jpg,easyocr+cnn+tesseract+paddle,7ณข,0.1511,True,per-letter,easyocr=3บบ|cnn=1ณข|tesseract=7ฆซ|paddle=7นซ,3881,0.994,เลย,0.894,0.0,car,3,4,True,,333,1,284,1197.2
plate_03837.jpg,group,16,0.978,True,whole crop,,5123,0.997,กรุงเทพมหานคร,1.0,0.889,car,2,4,False,,417,10,304,75.9
plate_03837.jpg,easyocr,ก6,0.0,False,per-letter,,5123,0.997,กรุงเทพมหานคร,1.0,0.889,car,2,4,True,,417,10,304,497.2
plate_03837.jpg,cnn,16,0.9938,True,per-letter,,5123,0.997,กรุงเทพมหานคร,1.0,0.889,car,2,4,False,,417,10,304,3.8
plate_03837.jpg,tesseract,16,0.999,True,per-letter,,5123,0.997,กรุงเทพมหานคร,1.0,0.889,car,2,4,False,,417,10,304,261.8
plate_03837.jpg,paddle,16,0.9729,True,per-letter,,5123,0.997,กรุงเทพมหานคร,1.0,0.889,car,2,4,False,,417,10,304,142.5
plate_03837.jpg,easyocr+cnn,16,0.9945,True,per-letter,easyocr=ก6|cnn=16,5123,0.997,กรุงเทพมหานคร,1.0,0.889,car,2,4,False,,417,10,304,501.0
plate_03837.jpg,cnn+paddle,16,0.988,True,per-letter,cnn=16|paddle=16,5123,0.997,กรุงเทพมหานคร,1.0,0.889,car,2,4,False,,417,10,304,146.3
plate_03837.jpg,easyocr+cnn+paddle,16,0.9959,True,per-letter,easyocr=ก6|cnn=16|paddle=16,5123,0.997,กรุงเทพมหานคร,1.0,0.889,car,2,4,False,,417,10,304,643.5
plate_03837.jpg,easyocr+cnn+tesseract+paddle,16,0.9962,True,per-letter,easyocr=ก6|cnn=16|tesseract=16|paddle=16,5123,0.997,กรุงเทพมหานคร,1.0,0.889,car,2,4,False,,417,10,304,905.3
plate_03881.jpg,group,ซ,0.5428,True,whole crop,,22,0.127,กรุงเทพมหานคร,1.0,0.6,car,1,7,True,,200,2,241,80.5
plate_03881.jpg,easyocr,ร,0.3997,True,per-letter,,22,0.127,กรุงเทพมหานคร,1.0,0.6,car,1,7,True,,200,2,241,124.6
plate_03881.jpg,cnn,ส,0.4521,True,per-letter,,22,0.127,กรุงเทพมหานคร,1.0,0.6,car,1,7,True,,200,2,241,1.2
plate_03881.jpg,tesseract,ฐ,0.6507,True,per-letter,,22,0.127,กรุงเทพมหานคร,1.0,0.6,car,1,7,True,,200,2,241,84.7
plate_03881.jpg,paddle,ซ,0.921,True,per-letter,,22,0.127,กรุงเทพมหานคร,1.0,0.6,car,1,7,True,,200,2,241,74.5
plate_03881.jpg,easyocr+cnn,ส,0.4584,True,per-letter,easyocr=ถ|cnn=ฐ,22,0.127,กรุงเทพมหานคร,1.0,0.6,car,1,7,True,,200,2,241,125.8
plate_03881.jpg,cnn+paddle,ซ,0.5674,True,per-letter,cnn=ฐ|paddle=ซ,22,0.127,กรุงเทพมหานคร,1.0,0.6,car,1,7,True,,200,2,241,75.7
plate_03881.jpg,easyocr+cnn+paddle,ซ,0.5565,True,per-letter,easyocr=ถ|cnn=ฐ|paddle=ซ,22,0.127,กรุงเทพมหานคร,1.0,0.6,car,1,7,True,,200,2,241,200.3
plate_03881.jpg,easyocr+cnn+tesseract+paddle,ซ,0.5486,True,per-letter,easyocr=ถ|cnn=ฐ|tesseract=ฐ|paddle=ซ,22,0.127,กรุงเทพมหานคร,1.0,0.6,car,1,7,True,,200,2,241,285.0
plate_03925.jpg,group,กค,0.0565,True,whole crop,,9292,0.959,อุบลราชธานี,0.462,0.0,car,2,4,True,,214,1,321,79.3
plate_03925.jpg,easyocr,กส,0.9967,True,per-letter,,9292,0.959,อุบลราชธานี,0.462,0.0,car,2,4,True,,214,1,321,346.6
plate_03925.jpg,cnn,กค,0.8128,True,per-letter,,9292,0.959,อุบลราชธานี,0.462,0.0,car,2,4,True,,214,1,321,4.2
plate_03925.jpg,tesseract,ฏพ,0.5832,True,per-letter,,9292,0.959,อุบลราชธานี,0.462,0.0,car,2,4,True,,214,1,321,155.9
plate_03925.jpg,paddle,กซ,0.6122,True,per-letter,,9292,0.959,อุบลราชธานี,0.462,0.0,car,2,4,True,,214,1,321,150.8
plate_03925.jpg,easyocr+cnn,กค,0.6377,True,per-letter,easyocr=กส|cnn=กค,9292,0.959,อุบลราชธานี,0.462,0.0,car,2,4,True,,214,1,321,350.8
plate_03925.jpg,cnn+paddle,กค,0.5557,True,per-letter,cnn=กค|paddle=กซ,9292,0.959,อุบลราชธานี,0.462,0.0,car,2,4,True,,214,1,321,155.0
plate_03925.jpg,easyocr+cnn+paddle,กค,0.4895,True,per-letter,easyocr=กส|cnn=กค|paddle=กซ,9292,0.959,อุบลราชธานี,0.462,0.0,car,2,4,True,,214,1,321,501.6
plate_03925.jpg,easyocr+cnn+tesseract+paddle,กค,0.4788,True,per-letter,easyocr=กส|cnn=กค|tesseract=ฏ8|paddle=กซ,9292,0.959,อุบลราชธานี,0.462,0.0,car,2,4,True,,214,1,321,657.5
plate_03927.jpg,group,ท,0.0851,True,whole crop,,3281,0.549,กระบี่,0.306,0.25,car,1,4,True,,307,8,261,79.7
plate_03927.jpg,easyocr,ช,0.4724,True,per-letter,,3281,0.549,กระบี่,0.306,0.25,car,1,4,True,,307,8,261,137.4
plate_03927.jpg,cnn,ท,0.9177,True,per-letter,,3281,0.549,กระบี่,0.306,0.25,car,1,4,True,,307,8,261,1.2
plate_03927.jpg,tesseract,ท,0.9814,True,per-letter,,3281,0.549,กระบี่,0.306,0.25,car,1,4,True,,307,8,261,101.8
plate_03927.jpg,paddle,ท,0.4963,True,per-letter,,3281,0.549,กระบี่,0.306,0.25,car,1,4,True,,307,8,261,76.9
plate_03927.jpg,easyocr+cnn,ท,0.8754,True,per-letter,easyocr=ช|cnn=ท,3281,0.549,กระบี่,0.306,0.25,car,1,4,True,,307,8,261,138.6
plate_03927.jpg,cnn+paddle,ท,0.7836,True,per-letter,cnn=ท|paddle=ท,3281,0.549,กระบี่,0.306,0.25,car,1,4,True,,307,8,261,78.2
plate_03927.jpg,easyocr+cnn+paddle,ท,0.7979,True,per-letter,easyocr=ช|cnn=ท|paddle=ท,3281,0.549,กระบี่,0.306,0.25,car,1,4,True,,307,8,261,215.6
plate_03927.jpg,easyocr+cnn+tesseract+paddle,ท,0.8238,True,per-letter,easyocr=ช|cnn=ท|tesseract=ท|paddle=ท,3281,0.549,กระบี่,0.306,0.25,car,1,4,True,,307,8,261,317.3
plate_03928.jpg,group,ซง,0.2766,True,whole crop,,5,0.996,สกลนคร,0.737,0.0,car,2,1,True,,219,1,234,76.7
plate_03928.jpg,easyocr,ขง,0.9986,True,per-letter,,5,0.996,สกลนคร,0.737,0.0,car,2,1,True,,219,1,234,240.9
plate_03928.jpg,cnn,ขง,0.9593,True,per-letter,,5,0.996,สกลนคร,0.737,0.0,car,2,1,True,,219,1,234,3.9
plate_03928.jpg,tesseract,ซง,0.9801,True,per-letter,,5,0.996,สกลนคร,0.737,0.0,car,2,1,True,,219,1,234,282.5
plate_03928.jpg,paddle,ซซ,0.5655,True,per-letter,,5,0.996,สกลนคร,0.737,0.0,car,2,1,True,,219,1,234,154.3
plate_03928.jpg,easyocr+cnn,ขง,0.9734,True,per-letter,easyocr=ขง|cnn=ขง,5,0.996,สกลนคร,0.737,0.0,car,2,1,True,,219,1,234,244.8
plate_03928.jpg,cnn+paddle,ขง,0.5173,True,per-letter,cnn=ขง|paddle=ซซ,5,0.996,สกลนคร,0.737,0.0,car,2,1,True,,219,1,234,158.2
plate_03928.jpg,easyocr+cnn+paddle,ขง,0.6336,True,per-letter,easyocr=ขง|cnn=ขง|paddle=ซซ,5,0.996,สกลนคร,0.737,0.0,car,2,1,True,,219,1,234,399.1
plate_03928.jpg,easyocr+cnn+tesseract+paddle,ขง,0.5901,True,per-letter,easyocr=ขง|cnn=ขง|tesseract=ซง|paddle=ซซ,5,0.996,สกลนคร,0.737,0.0,car,2,1,True,,219,1,234,681.6
plate_03938.jpg,group,ซ,0.1563,True,whole crop,,3666,0.261,เลย,0.996,0.0,car,1,4,True,,516,6,262,78.2
plate_03938.jpg,easyocr,ซ,0.6542,True,per-letter,,3666,0.261,เลย,0.996,0.0,car,1,4,True,,516,6,262,246.9
plate_03938.jpg,cnn,พ,0.4821,True,per-letter,,3666,0.261,เลย,0.996,0.0,car,1,4,True,,516,6,262,1.2
plate_03938.jpg,tesseract,?,0.0,False,per-letter,,3666,0.261,เลย,0.996,0.0,car,1,4,True,,516,6,262,213.7
plate_03938.jpg,paddle,น,0.5211,True,per-letter,,3666,0.261,เลย,0.996,0.0,car,1,4,True,,516,6,262,146.2
plate_03938.jpg,easyocr+cnn,พ,0.4162,True,per-letter,easyocr=ซ|cnn=พ,3666,0.261,เลย,0.996,0.0,car,1,4,True,,516,6,262,248.2
plate_03938.jpg,cnn+paddle,พ,0.4804,True,per-letter,cnn=พ|paddle=น,3666,0.261,เลย,0.996,0.0,car,1,4,True,,516,6,262,147.4
plate_03938.jpg,easyocr+cnn+paddle,พ,0.3917,True,per-letter,easyocr=ซ|cnn=พ|paddle=น,3666,0.261,เลย,0.996,0.0,car,1,4,True,,516,6,262,394.4
plate_03938.jpg,easyocr+cnn+tesseract+paddle,พ,0.3901,True,per-letter,easyocr=ซ|cnn=พ|tesseract=ก|paddle=น,3666,0.261,เลย,0.996,0.0,car,1,4,True,,516,6,262,608.1
plate_03995.jpg,group,กธ,0.8066,True,whole crop,,5858,0.999,เลย,0.183,0.0,car,2,4,True,,268,1,269,76.7
plate_03995.jpg,easyocr,กธ,0.9979,True,per-letter,,5858,0.999,เลย,0.183,0.0,car,2,4,True,,268,1,269,406.4
plate_03995.jpg,cnn,กธ,0.9798,True,per-letter,,5858,0.999,เลย,0.183,0.0,car,2,4,True,,268,1,269,2.7
plate_03995.jpg,tesseract,กอ,0.9263,True,per-letter,,5858,0.999,เลย,0.183,0.0,car,2,4,True,,268,1,269,189.6
plate_03995.jpg,paddle,กธ,0.9076,True,per-letter,,5858,0.999,เลย,0.183,0.0,car,2,4,True,,268,1,269,153.6
plate_03995.jpg,easyocr+cnn,กธ,0.9869,True,per-letter,easyocr=กธ|cnn=กธ,5858,0.999,เลย,0.183,0.0,car,2,4,True,,268,1,269,409.1
plate_03995.jpg,cnn+paddle,กธ,0.9686,True,per-letter,cnn=กธ|paddle=กธ,5858,0.999,เลย,0.183,0.0,car,2,4,True,,268,1,269,156.4
plate_03995.jpg,easyocr+cnn+paddle,กธ,0.9769,True,per-letter,easyocr=กธ|cnn=กธ|paddle=กธ,5858,0.999,เลย,0.183,0.0,car,2,4,True,,268,1,269,562.7
plate_03995.jpg,easyocr+cnn+tesseract+paddle,กธ,0.9583,True,per-letter,easyocr=กธ|cnn=กธ|tesseract=กอ|paddle=กธ,5858,0.999,เลย,0.183,0.0,car,2,4,True,,268,1,269,752.3
plate_03998.jpg,group,ขง,0.5761,True,whole crop,,7799,0.973,พิจิตร,0.493,0.222,car,2,4,True,,342,9,309,77.4
plate_03998.jpg,easyocr,ขง,0.5887,True,per-letter,,7799,0.973,พิจิตร,0.493,0.222,car,2,4,True,,342,9,309,266.6
plate_03998.jpg,cnn,ขง,0.9933,True,per-letter,,7799,0.973,พิจิตร,0.493,0.222,car,2,4,True,,342,9,309,4.5
plate_03998.jpg,tesseract,ขง,0.9709,True,per-letter,,7799,0.973,พิจิตร,0.493,0.222,car,2,4,True,,342,9,309,180.2
plate_03998.jpg,paddle,ขง,0.3906,True,per-letter,,7799,0.973,พิจิตร,0.493,0.222,car,2,4,True,,342,9,309,148.5
plate_03998.jpg,easyocr+cnn,ขง,0.9291,True,per-letter,easyocr=ขง|cnn=ขง,7799,0.973,พิจิตร,0.493,0.222,car,2,4,True,,342,9,309,271.0
plate_03998.jpg,cnn+paddle,ขง,0.8179,True,per-letter,cnn=ขง|paddle=ซง,7799,0.973,พิจิตร,0.493,0.222,car,2,4,True,,342,9,309,152.9
plate_03998.jpg,easyocr+cnn+paddle,ขง,0.8175,True,per-letter,easyocr=ขง|cnn=ขง|paddle=ซง,7799,0.973,พิจิตร,0.493,0.222,car,2,4,True,,342,9,309,419.5
plate_03998.jpg,easyocr+cnn+tesseract+paddle,ขง,0.8263,True,per-letter,easyocr=ขง|cnn=ขง|tesseract=ขง|paddle=ซง,7799,0.973,พิจิตร,0.493,0.222,car,2,4,True,,342,9,309,599.6
plate_04016.jpg,group,สส,0.998,True,whole crop,,1100,0.55,กรุงเทพมหานคร,1.0,0.6,car,2,4,True,,450,1,263,76.5
plate_04016.jpg,easyocr,สส,0.9995,True,per-letter,,1100,0.55,กรุงเทพมหานคร,1.0,0.6,car,2,4,True,,450,1,263,254.2
plate_04016.jpg,cnn,สส,0.9927,True,per-letter,,1100,0.55,กรุงเทพมหานคร,1.0,0.6,car,2,4,True,,450,1,263,2.0
plate_04016.jpg,tesseract,สส,0.9538,True,per-letter,,1100,0.55,กรุงเทพมหานคร,1.0,0.6,car,2,4,True,,450,1,263,234.0
plate_04016.jpg,paddle,สส,0.9978,True,per-letter,,1100,0.55,กรุงเทพมหานคร,1.0,0.6,car,2,4,True,,450,1,263,152.1
plate_04016.jpg,easyocr+cnn,สส,0.9951,True,per-letter,easyocr=สส|cnn=สส,1100,0.55,กรุงเทพมหานคร,1.0,0.6,car,2,4,True,,450,1,263,256.2
plate_04016.jpg,cnn+paddle,สส,0.9952,True,per-letter,cnn=สส|paddle=สส,1100,0.55,กรุงเทพมหานคร,1.0,0.6,car,2,4,True,,450,1,263,154.1
plate_04016.jpg,easyocr+cnn+paddle,สส,0.9963,True,per-letter,easyocr=สส|cnn=สส|paddle=สส,1100,0.55,กรุงเทพมหานคร,1.0,0.6,car,2,4,True,,450,1,263,408.3
plate_04016.jpg,easyocr+cnn+tesseract+paddle,สส,0.9939,True,per-letter,easyocr=สส|cnn=สส|tesseract=สส|paddle=สส,1100,0.55,กรุงเทพมหานคร,1.0,0.6,car,2,4,True,,450,1,263,642.2
plate_04039.jpg,group,71,0.7693,True,whole crop,,6738,0.997,ปทุมธานี,0.998,0.667,car,2,4,False,,371,5,262,79.3
plate_04039.jpg,easyocr,7ก,0.7805,True,per-letter,,6738,0.997,ปทุมธานี,0.998,0.667,car,2,4,False,,371,5,262,268.1
plate_04039.jpg,cnn,71,0.9656,True,per-letter,,6738,0.997,ปทุมธานี,0.998,0.667,car,2,4,False,,371,5,262,1.7
plate_04039.jpg,tesseract,7?,0.0,False,per-letter,,6738,0.997,ปทุมธานี,0.998,0.667,car,2,4,True,,371,5,262,164.0
plate_04039.jpg,paddle,71,0.8619,True,per-letter,,6738,0.997,ปทุมธานี,0.998,0.667,car,2,4,False,,371,5,262,151.4
plate_04039.jpg,easyocr+cnn,71,0.8558,True,per-letter,easyocr=7ก|cnn=71,6738,0.997,ปทุมธานี,0.998,0.667,car,2,4,False,,371,5,262,269.8
plate_04039.jpg,cnn+paddle,71,0.9515,True,per-letter,cnn=71|paddle=71,6738,0.997,ปทุมธานี,0.998,0.667,car,2,4,False,,371,5,262,153.1
plate_04039.jpg,easyocr+cnn+paddle,71,0.8758,True,per-letter,easyocr=7ก|cnn=71|paddle=71,6738,0.997,ปทุมธานี,0.998,0.667,car,2,4,False,,371,5,262,421.1
plate_04039.jpg,easyocr+cnn+tesseract+paddle,71,0.875,True,per-letter,easyocr=7ก|cnn=71|tesseract=7ก|paddle=71,6738,0.997,ปทุมธานี,0.998,0.667,car,2,4,False,,371,5,262,585.2
plate_04048.jpg,group,ณช,0.1462,True,whole crop,,1026,1.0,ภูเก็ต,0.999,0.6,car,2,4,True,,298,1,263,77.8
plate_04048.jpg,easyocr,ณข,0.755,True,per-letter,,1026,1.0,ภูเก็ต,0.999,0.6,car,2,4,False,,298,1,263,279.8
plate_04048.jpg,cnn,ณข,0.9782,True,per-letter,,1026,1.0,ภูเก็ต,0.999,0.6,car,2,4,False,,298,1,263,2.7
plate_04048.jpg,tesseract,?ข,0.0,False,per-letter,,1026,1.0,ภูเก็ต,0.999,0.6,car,2,4,True,,298,1,263,174.0
plate_04048.jpg,paddle,ณซ,0.8455,True,per-letter,,1026,1.0,ภูเก็ต,0.999,0.6,car,2,4,False,,298,1,263,150.1
plate_04048.jpg,easyocr+cnn,ณข,0.9203,True,per-letter,easyocr=ณข|cnn=ณข,1026,1.0,ภูเก็ต,0.999,0.6,car,2,4,False,,298,1,263,282.6
plate_04048.jpg,cnn+paddle,ณข,0.686,True,per-letter,cnn=ณข|paddle=ณซ,1026,1.0,ภูเก็ต,0.999,0.6,car,2,4,True,,298,1,263,152.8
plate_04048.jpg,easyocr+cnn+paddle,ณข,0.7275,True,per-letter,easyocr=ณข|cnn=ณข|paddle=ณซ,1026,1.0,ภูเก็ต,0.999,0.6,car,2,4,False,,298,1,263,432.6
plate_04048.jpg,easyocr+cnn+tesseract+paddle,ณข,0.7492,True,per-letter,easyocr=ณข|cnn=ณข|tesseract=กข|paddle=ณซ,1026,1.0,ภูเก็ต,0.999,0.6,car,2,4,False,,298,1,263,606.6
plate_04139.jpg,group,ชส,0.5474,True,whole crop,,1199,1.0,กรุงเทพมหานคร,1.0,0.96,car,2,4,True,,251,1,269,78.1
plate_04139.jpg,easyocr,ชส,0.912,True,per-letter,,1199,1.0,กรุงเทพมหานคร,1.0,0.96,car,2,4,False,,251,1,269,277.9
plate_04139.jpg,cnn,ชส,0.97,True,per-letter,,1199,1.0,กรุงเทพมหานคร,1.0,0.96,car,2,4,False,,251,1,269,2.7
plate_04139.jpg,tesseract,ชส,0.9908,True,per-letter,,1199,1.0,กรุงเทพมหานคร,1.0,0.96,car,2,4,False,,251,1,269,223.8
plate_04139.jpg,paddle,ซส,0.4961,True,per-letter,,1199,1.0,กรุงเทพมหานคร,1.0,0.96,car,2,4,True,,251,1,269,147.7
plate_04139.jpg,easyocr+cnn,ชส,0.9717,True,per-letter,easyocr=ชส|cnn=ชส,1199,1.0,กรุงเทพมหานคร,1.0,0.96,car,2,4,False,,251,1,269,280.5
plate_04139.jpg,cnn+paddle,ชส,0.8106,True,per-letter,cnn=ชส|paddle=ซส,1199,1.0,กรุงเทพมหานคร,1.0,0.96,car,2,4,False,,251,1,269,150.4
plate_04139.jpg,easyocr+cnn+paddle,ชส,0.839,True,per-letter,easyocr=ชส|cnn=ชส|paddle=ซส,1199,1.0,กรุงเทพมหานคร,1.0,0.96,car,2,4,False,,251,1,269,428.2
plate_04139.jpg,easyocr+cnn+tesseract+paddle,ชส,0.8482,True,per-letter,easyocr=ชส|cnn=ชส|tesseract=ชส|paddle=ซส,1199,1.0,กรุงเทพมหานคร,1.0,0.96,car,2,4,False,,251,1,269,652.1
plate_04149.jpg,group,1ชก,0.3513,True,whole crop,,3333,0.69,กรุงเทพมหานคร,0.964,0.333,car,3,4,True,,294,10,274,83.2
plate_04149.jpg,easyocr,1ยก,0.5346,True,per-letter,,3333,0.69,กรุงเทพมหานคร,0.964,0.333,car,3,4,True,,294,10,274,493.1
plate_04149.jpg,cnn,1ขก,0.8892,True,per-letter,,3333,0.69,กรุงเทพมหานคร,0.964,0.333,car,3,4,True,,294,10,274,3.8
plate_04149.jpg,tesseract,1ปก,0.9057,True,per-letter,,3333,0.69,กรุงเทพมหานคร,0.964,0.333,car,3,4,True,,294,10,274,317.6
plate_04149.jpg,paddle,1ซก,0.9789,True,per-letter,,3333,0.69,กรุงเทพมหานคร,0.964,0.333,car,3,4,True,,294,10,274,227.6
plate_04149.jpg,easyocr+cnn,1ขก,0.7819,True,per-letter,easyocr=1ยก|cnn=1ขก,3333,0.69,กรุงเทพมหานคร,0.964,0.333,car,3,4,True,,294,10,274,496.8
plate_04149.jpg,cnn+paddle,1ขก,0.579,True,per-letter,cnn=1ขก|paddle=1ซก,3333,0.69,กรุงเทพมหานคร,0.964,0.333,car,3,4,True,,294,10,274,231.4
plate_04149.jpg,easyocr+cnn+paddle,1ขก,0.5709,True,per-letter,easyocr=1ยก|cnn=1ขก|paddle=1ซก,3333,0.69,กรุงเทพมหานคร,0.964,0.333,car,3,4,True,,294,10,274,724.5
plate_04149.jpg,easyocr+cnn+tesseract+paddle,1ขก,0.5686,True,per-letter,easyocr=1ยก|cnn=1ขก|tesseract=1ปก|paddle=1ซก,3333,0.69,กรุงเทพมหานคร,0.964,0.333,car,3,4,True,,294,10,274,1042.0
plate_04170.jpg,group,ขค,0.2676,True,whole crop,,5775,0.543,มุกดาหาร,0.421,0.333,car,2,4,True,,413,1,277,84.2
plate_04170.jpg,easyocr,ขค,0.9948,True,per-letter,,5775,0.543,มุกดาหาร,0.421,0.333,car,2,4,True,,413,1,277,261.9
plate_04170.jpg,cnn,ขค,0.9881,True,per-letter,,5775,0.543,มุกดาหาร,0.421,0.333,car,2,4,True,,413,1,277,2.7
plate_04170.jpg,tesseract,ขค,0.9899,True,per-letter,,5775,0.543,มุกดาหาร,0.421,0.333,car,2,4,True,,413,1,277,226.0
plate_04170.jpg,paddle,ซค,0.5797,True,per-letter,,5775,0.543,มุกดาหาร,0.421,0.333,car,2,4,True,,413,1,277,151.2
plate_04170.jpg,easyocr+cnn,ขค,0.9899,True,per-letter,easyocr=ขค|cnn=ขค,5775,0.543,มุกดาหาร,0.421,0.333,car,2,4,True,,413,1,277,264.6
plate_04170.jpg,cnn+paddle,ขค,0.8127,True,per-letter,cnn=ขค|paddle=ซค,5775,0.543,มุกดาหาร,0.421,0.333,car,2,4,True,,413,1,277,153.9
plate_04170.jpg,easyocr+cnn+paddle,ขค,0.8612,True,per-letter,easyocr=ขค|cnn=ขค|paddle=ซค,5775,0.543,มุกดาหาร,0.421,0.333,car,2,4,True,,413,1,277,415.8
plate_04170.jpg,easyocr+cnn+tesseract+paddle,ขค,0.8719,True,per-letter,easyocr=ขค|cnn=ขค|tesseract=ขค|paddle=ซค,5775,0.543,มุกดาหาร,0.421,0.333,car,2,4,True,,413,1,277,641.8
plate_04199.jpg,group,อ,0.0887,True,whole crop,,357,0.49,นครพนม,0.335,0.0,car,2,3,True,,284,15,259,88.9
plate_04199.jpg,easyocr,กจ,0.2432,True,per-letter,,357,0.49,นครพนม,0.335,0.0,car,2,3,True,,284,15,259,494.9
plate_04199.jpg,cnn,1ข,0.4028,True,per-letter,,357,0.49,นครพนม,0.335,0.0,car,2,3,True,,284,15,259,5.2
plate_04199.jpg,tesseract,งพ,0.8643,True,per-letter,,357,0.49,นครพนม,0.335,0.0,car,2,3,True,,284,15,259,320.5
plate_04199.jpg,paddle,ซซ,0.5309,True,per-letter,,357,0.49,นครพนม,0.335,0.0,car,2,3,True,,284,15,259,178.8
plate_04199.jpg,easyocr+cnn,กข,0.3528,True,per-letter,easyocr=กจ|cnn=1ข,357,0.49,นครพนม,0.335,0.0,car,2,3,True,,284,15,259,500.1
plate_04199.jpg,cnn+paddle,ซข,0.3656,True,per-letter,cnn=1ข|paddle=ซซ,357,0.49,นครพนม,0.335,0.0,car,2,3,True,,284,15,259,184.0
plate_04199.jpg,easyocr+cnn+paddle,ซข,0.3086,True,per-letter,easyocr=กจ|cnn=1ข|paddle=ซซ,357,0.49,นครพนม,0.335,0.0,car,2,3,True,,284,15,259,678.9
plate_04199.jpg,easyocr+cnn+tesseract+paddle,ซข,0.2986,True,per-letter,easyocr=กจ|cnn=1ข|tesseract=งพ|paddle=ซซ,357,0.49,นครพนม,0.335,0.0,car,2,3,True,,284,15,259,999.4
plate_04285.jpg,group,69,0.9973,True,whole crop,,6191,0.922,กรุงเทพมหานคร,1.0,0.833,car,2,4,False,,238,5,261,80.1
plate_04285.jpg,easyocr,69,0.9994,True,per-letter,,6191,0.922,กรุงเทพมหานคร,1.0,0.833,car,2,4,False,,238,5,261,265.4
plate_04285.jpg,cnn,69,0.9982,True,per-letter,,6191,0.922,กรุงเทพมหานคร,1.0,0.833,car,2,4,False,,238,5,261,1.9
plate_04285.jpg,tesseract,60,0.9961,True,per-letter,,6191,0.922,กรุงเทพมหานคร,1.0,0.833,car,2,4,False,,238,5,261,212.2
plate_04285.jpg,paddle,69,0.9996,True,per-letter,,6191,0.922,กรุงเทพมหานคร,1.0,0.833,car,2,4,False,,238,5,261,151.7
plate_04285.jpg,easyocr+cnn,69,0.9988,True,per-letter,easyocr=69|cnn=69,6191,0.922,กรุงเทพมหานคร,1.0,0.833,car,2,4,False,,238,5,261,267.2
plate_04285.jpg,cnn+paddle,69,0.9988,True,per-letter,cnn=69|paddle=69,6191,0.922,กรุงเทพมหานคร,1.0,0.833,car,2,4,False,,238,5,261,153.5
plate_04285.jpg,easyocr+cnn+paddle,69,0.9991,True,per-letter,easyocr=69|cnn=69|paddle=69,6191,0.922,กรุงเทพมหานคร,1.0,0.833,car,2,4,False,,238,5,261,418.9
plate_04285.jpg,easyocr+cnn+tesseract+paddle,69,0.9616,True,per-letter,easyocr=69|cnn=69|tesseract=60|paddle=69,6191,0.922,กรุงเทพมหานคร,1.0,0.833,car,2,4,False,,238,5,261,631.1
plate_04288.jpg,group,83,0.998,True,whole crop,,2695,0.999,สระบุรี,1.0,0.769,car,2,4,False,,302,6,269,94.0
plate_04288.jpg,easyocr,83,0.9999,True,per-letter,,2695,0.999,สระบุรี,1.0,0.769,car,2,4,False,,302,6,269,302.9
plate_04288.jpg,cnn,83,0.9943,True,per-letter,,2695,0.999,สระบุรี,1.0,0.769,car,2,4,False,,302,6,269,1.8
plate_04288.jpg,tesseract,83,0.9998,True,per-letter,,2695,0.999,สระบุรี,1.0,0.769,car,2,4,False,,302,6,269,362.5
plate_04288.jpg,paddle,83,1.0,True,per-letter,,2695,0.999,สระบุรี,1.0,0.769,car,2,4,False,,302,6,269,157.4
plate_04288.jpg,easyocr+cnn,83,0.9962,True,per-letter,easyocr=83|cnn=83,2695,0.999,สระบุรี,1.0,0.769,car,2,4,False,,302,6,269,304.7
plate_04288.jpg,cnn+paddle,83,0.9962,True,per-letter,cnn=83|paddle=83,2695,0.999,สระบุรี,1.0,0.769,car,2,4,False,,302,6,269,159.2
plate_04288.jpg,easyocr+cnn+paddle,83,0.9972,True,per-letter,easyocr=83|cnn=83|paddle=83,2695,0.999,สระบุรี,1.0,0.769,car,2,4,False,,302,6,269,462.0
plate_04288.jpg,easyocr+cnn+tesseract+paddle,83,0.9974,True,per-letter,easyocr=83|cnn=83|tesseract=83|paddle=83,2695,0.999,สระบุรี,1.0,0.769,car,2,4,False,,302,6,269,824.5
plate_04310.jpg,group,ญณ,0.1438,True,whole crop,,9559,0.928,กรุงเทพมหานคร,1.0,1.0,car,2,4,True,,361,1,353,91.9
plate_04310.jpg,easyocr,ฎก,0.8638,True,per-letter,,9559,0.928,กรุงเทพมหานคร,1.0,1.0,car,2,4,False,,361,1,353,360.6
plate_04310.jpg,cnn,ฎณ,0.9728,True,per-letter,,9559,0.928,กรุงเทพมหานคร,1.0,1.0,car,2,4,False,,361,1,353,5.1
plate_04310.jpg,tesseract,ฏณ,0.9818,True,per-letter,,9559,0.928,กรุงเทพมหานคร,1.0,1.0,car,2,4,False,,361,1,353,268.8
plate_04310.jpg,paddle,ญณ,0.56,True,per-letter,,9559,0.928,กรุงเทพมหานคร,1.0,1.0,car,2,4,True,,361,1,353,160.0
plate_04310.jpg,easyocr+cnn,ฎณ,0.7864,True,per-letter,easyocr=ฎก|cnn=ฎณ,9559,0.928,กรุงเทพมหานคร,1.0,1.0,car,2,4,False,,361,1,353,365.8
plate_04310.jpg,cnn+paddle,ฎณ,0.7309,True,per-letter,cnn=ฎณ|paddle=ญณ,9559,0.928,กรุงเทพมหานคร,1.0,1.0,car,2,4,False,,361,1,353,165.2
plate_04310.jpg,easyocr+cnn+paddle,ฎณ,0.6879,True,per-letter,easyocr=ฎก|cnn=ฎณ|paddle=ญณ,9559,0.928,กรุงเทพมหานคร,1.0,1.0,car,2,4,True,,361,1,353,525.8
plate_04310.jpg,easyocr+cnn+tesseract+paddle,ฎณ,0.6755,True,per-letter,easyocr=ฎก|cnn=ฎณ|tesseract=ฏณ|paddle=ญณ,9559,0.928,กรุงเทพมหานคร,1.0,1.0,car,2,4,True,,361,1,353,794.6
plate_04368.jpg,group,1กภ,0.3973,True,whole crop,,4223,1.0,ภูเก็ต,1.0,0.727,motorcycle,3,4,True,,282,1,305,80.1
plate_04368.jpg,easyocr,1กก,0.6021,True,per-letter,,4223,1.0,ภูเก็ต,1.0,0.727,motorcycle,3,4,True,,282,1,305,472.8
plate_04368.jpg,cnn,1กภ,0.994,True,per-letter,,4223,1.0,ภูเก็ต,1.0,0.727,motorcycle,3,4,False,,282,1,305,4.1
plate_04368.jpg,tesseract,1กภ,0.9429,True,per-letter,,4223,1.0,ภูเก็ต,1.0,0.727,motorcycle,3,4,False,,282,1,305,415.2
plate_04368.jpg,paddle,1กก,0.8491,True,per-letter,,4223,1.0,ภูเก็ต,1.0,0.727,motorcycle,3,4,False,,282,1,305,237.8
plate_04368.jpg,easyocr+cnn,1กภ,0.8059,True,per-letter,easyocr=1กก|cnn=1กภ,4223,1.0,ภูเก็ต,1.0,0.727,motorcycle,3,4,False,,282,1,305,476.8
plate_04368.jpg,cnn+paddle,1กภ,0.7482,True,per-letter,cnn=1กภ|paddle=1กก,4223,1.0,ภูเก็ต,1.0,0.727,motorcycle,3,4,False,,282,1,305,241.9
plate_04368.jpg,easyocr+cnn+paddle,1กภ,0.6615,True,per-letter,easyocr=1กก|cnn=1กภ|paddle=1กก,4223,1.0,ภูเก็ต,1.0,0.727,motorcycle,3,4,True,,282,1,305,714.7
plate_04368.jpg,easyocr+cnn+tesseract+paddle,1กภ,0.6959,True,per-letter,easyocr=1กก|cnn=1กภ|tesseract=1กภ|paddle=1กก,4223,1.0,ภูเก็ต,1.0,0.727,motorcycle,3,4,True,,282,1,305,1129.8
plate_04380.jpg,group,10,0.8968,True,whole crop,,2371,0.981,สุพรรณบุรี,1.0,0.706,car,2,4,False,,455,9,276,78.4
plate_04380.jpg,easyocr,กอ,0.3622,True,per-letter,,2371,0.981,สุพรรณบุรี,1.0,0.706,car,2,4,True,,455,9,276,298.6
plate_04380.jpg,cnn,10,0.9925,True,per-letter,,2371,0.981,สุพรรณบุรี,1.0,0.706,car,2,4,False,,455,9,276,2.6
plate_04380.jpg,tesseract,10,0.9967,True,per-letter,,2371,0.981,สุพรรณบุรี,1.0,0.706,car,2,4,False,,455,9,276,213.1
plate_04380.jpg,paddle,10,0.9981,True,per-letter,,2371,0.981,สุพรรณบุรี,1.0,0.706,car,2,4,False,,455,9,276,161.4
plate_04380.jpg,easyocr+cnn,10,0.9787,True,per-letter,easyocr=ก0|cnn=10,2371,0.981,สุพรรณบุรี,1.0,0.706,car,2,4,False,,455,9,276,301.1
plate_04380.jpg,cnn+paddle,10,0.9963,True,per-letter,cnn=10|paddle=10,2371,0.981,สุพรรณบุรี,1.0,0.706,car,2,4,False,,455,9,276,163.9
plate_04380.jpg,easyocr+cnn+paddle,10,0.9849,True,per-letter,easyocr=ก0|cnn=10|paddle=10,2371,0.981,สุพรรณบุรี,1.0,0.706,car,2,4,False,,455,9,276,462.5
plate_04380.jpg,easyocr+cnn+tesseract+paddle,10,0.986,True,per-letter,easyocr=ก0|cnn=10|tesseract=10|paddle=10,2371,0.981,สุพรรณบุรี,1.0,0.706,car,2,4,False,,455,9,276,675.6
plate_04422.jpg,group,3กด,0.8546,True,whole crop,,130,0.999,ชลบุรี,0.879,0.364,motorcycle,3,3,True,,370,3,327,84.6
plate_04422.jpg,easyocr,3กด,0.9967,True,per-letter,,130,0.999,ชลบุรี,0.879,0.364,motorcycle,3,3,True,,370,3,327,583.5
plate_04422.jpg,cnn,3กด,0.9521,True,per-letter,,130,0.999,ชลบุรี,0.879,0.364,motorcycle,3,3,True,,370,3,327,12.6
plate_04422.jpg,tesseract,3กด,0.998,True,per-letter,,130,0.999,ชลบุรี,0.879,0.364,motorcycle,3,3,True,,370,3,327,421.0
plate_04422.jpg,paddle,3กด,0.9976,True,per-letter,,130,0.999,ชลบุรี,0.879,0.364,motorcycle,3,3,True,,370,3,327,317.0
plate_04422.jpg,easyocr+cnn,3กด,0.9674,True,per-letter,easyocr=3กด|cnn=3กด,130,0.999,ชลบุรี,0.879,0.364,motorcycle,3,3,True,,370,3,327,596.2
plate_04422.jpg,cnn+paddle,3กด,0.9678,True,per-letter,cnn=3กด|paddle=3กด,130,0.999,ชลบุรี,0.879,0.364,motorcycle,3,3,True,,370,3,327,329.6
plate_04422.jpg,easyocr+cnn+paddle,3กด,0.9752,True,per-letter,easyocr=3กด|cnn=3กด|paddle=3กด,130,0.999,ชลบุรี,0.879,0.364,motorcycle,3,3,True,,370,3,327,913.2
plate_04422.jpg,easyocr+cnn+tesseract+paddle,3กด,0.9776,True,per-letter,easyocr=3กด|cnn=3กด|tesseract=3กด|paddle=3กด,130,0.999,ชลบุรี,0.879,0.364,motorcycle,3,3,True,,370,3,327,1334.1
plate_04423.jpg,group,ณช,0.2237,True,whole crop,,188,0.999,สุราษฎร์ธานี,1.0,0.818,car,2,3,True,,426,2,246,83.4
plate_04423.jpg,easyocr,กข,0.7475,True,per-letter,,188,0.999,สุราษฎร์ธานี,1.0,0.818,car,2,3,False,,426,2,246,290.5
plate_04423.jpg,cnn,ฌข,0.9792,True,per-letter,,188,0.999,สุราษฎร์ธานี,1.0,0.818,car,2,3,False,,426,2,246,1.8
plate_04423.jpg,tesseract,ญข,0.9775,True,per-letter,,188,0.999,สุราษฎร์ธานี,1.0,0.818,car,2,3,False,,426,2,246,340.1
plate_04423.jpg,paddle,ณซ,0.598,True,per-letter,,188,0.999,สุราษฎร์ธานี,1.0,0.818,car,2,3,True,,426,2,246,159.5
plate_04423.jpg,easyocr+cnn,ฌข,0.7456,True,per-letter,easyocr=กข|cnn=ฌข,188,0.999,สุราษฎร์ธานี,1.0,0.818,car,2,3,False,,426,2,246,292.3
plate_04423.jpg,cnn+paddle,ฌข,0.4328,True,per-letter,cnn=ฌข|paddle=ณซ,188,0.999,สุราษฎร์ธานี,1.0,0.818,car,2,3,True,,426,2,246,161.4
plate_04423.jpg,easyocr+cnn+paddle,ฌข,0.4355,True,per-letter,easyocr=กข|cnn=ฌข|paddle=ณซ,188,0.999,สุราษฎร์ธานี,1.0,0.818,car,2,3,True,,426,2,246,451.8
plate_04423.jpg,easyocr+cnn+tesseract+paddle,ฌข,0.4701,True,per-letter,easyocr=กข|cnn=ฌข|tesseract=ญข|paddle=ณซ,188,0.999,สุราษฎร์ธานี,1.0,0.818,car,2,3,True,,426,2,246,792.0
plate_04458.jpg,group,61,0.6749,True,whole crop,,8668,0.998,กรุงเทพมหานคร,1.0,0.815,car,2,4,True,,424,7,270,82.0
plate_04458.jpg,easyocr,6ก,0.5318,True,per-letter,,8668,0.998,กรุงเทพมหานคร,1.0,0.815,car,2,4,True,,424,7,270,275.0
plate_04458.jpg,cnn,61,0.9916,True,per-letter,,8668,0.998,กรุงเทพมหานคร,1.0,0.815,car,2,4,False,,424,7,270,1.9
plate_04458.jpg,tesseract,6?,0.0,False,per-letter,,8668,0.998,กรุงเทพมหานคร,1.0,0.815,car,2,4,True,,424,7,270,221.3
plate_04458.jpg,paddle,61,0.9931,True,per-letter,,8668,0.998,กรุงเทพมหานคร,1.0,0.815,car,2,4,False,,424,7,270,157.6
plate_04458.jpg,easyocr+cnn,61,0.9532,True,per-letter,easyocr=6ก|cnn=61,8668,0.998,กรุงเทพมหานคร,1.0,0.815,car,2,4,False,,424,7,270,276.9
plate_04458.jpg,cnn+paddle,61,0.994,True,per-letter,cnn=61|paddle=61,8668,0.998,กรุงเทพมหานคร,1.0,0.815,car,2,4,False,,424,7,270,159.5
plate_04458.jpg,easyocr+cnn+paddle,61,0.9687,True,per-letter,easyocr=6ก|cnn=61|paddle=61,8668,0.998,กรุงเทพมหานคร,1.0,0.815,car,2,4,False,,424,7,270,434.5
plate_04458.jpg,easyocr+cnn+tesseract+paddle,61,0.9658,True,per-letter,easyocr=6ก|cnn=61|tesseract=6ก|paddle=61,8668,0.998,กรุงเทพมหานคร,1.0,0.815,car,2,4,False,,424,7,270,655.8
plate_04469.jpg,group,1ซ,0.1554,True,whole crop,,2683,0.145,สุพรรณบุรี,1.0,0.947,car,2,4,True,,374,6,327,80.1
plate_04469.jpg,easyocr,7ร,0.3302,True,per-letter,,2683,0.145,สุพรรณบุรี,1.0,0.947,car,2,4,True,,374,6,327,347.7
plate_04469.jpg,cnn,10,0.754,True,per-letter,,2683,0.145,สุพรรณบุรี,1.0,0.947,car,2,4,True,,374,6,327,2.5
plate_04469.jpg,tesseract,?อ,0.0,False,per-letter,,2683,0.145,สุพรรณบุรี,1.0,0.947,car,2,4,True,,374,6,327,230.4
plate_04469.jpg,paddle,ปซ,0.4578,True,per-letter,,2683,0.145,สุพรรณบุรี,1.0,0.947,car,2,4,True,,374,6,327,161.3
plate_04469.jpg,easyocr+cnn,10,0.5056,True,per-letter,easyocr=7ร|cnn=10,2683,0.145,สุพรรณบุรี,1.0,0.947,car,2,4,True,,374,6,327,350.2
plate_04469.jpg,cnn+paddle,10,0.7948,True,per-letter,cnn=10|paddle=ป0,2683,0.145,สุพรรณบุรี,1.0,0.947,car,2,4,True,,374,6,327,163.8
plate_04469.jpg,easyocr+cnn+paddle,10,0.4988,True,per-letter,easyocr=7ร|cnn=10|paddle=ป0,2683,0.145,สุพรรณบุรี,1.0,0.947,car,2,4,True,,374,6,327,511.5
plate_04469.jpg,easyocr+cnn+tesseract+paddle,10,0.4471,True,per-letter,easyocr=7ร|cnn=10|tesseract=กอ|paddle=ป0,2683,0.145,สุพรรณบุรี,1.0,0.947,car,2,4,True,,374,6,327,741.9
plate_04498.jpg,group,30,0.9979,True,whole crop,,7267,0.999,เลย,0.517,0.0,car,2,4,True,,278,16,274,80.1
plate_04498.jpg,easyocr,30,0.9952,True,per-letter,,7267,0.999,เลย,0.517,0.0,car,2,4,True,,278,16,274,403.5
plate_04498.jpg,cnn,30,0.9953,True,per-letter,,7267,0.999,เลย,0.517,0.0,car,2,4,True,,278,16,274,3.4
plate_04498.jpg,tesseract,30,0.9996,True,per-letter,,7267,0.999,เลย,0.517,0.0,car,2,4,True,,278,16,274,178.4
plate_04498.jpg,paddle,30,0.9999,True,per-letter,,7267,0.999,เลย,0.517,0.0,car,2,4,True,,278,16,274,154.8
plate_04498.jpg,easyocr+cnn,30,0.9957,True,per-letter,easyocr=30|cnn=30,7267,0.999,เลย,0.517,0.0,car,2,4,True,,278,16,274,406.9
plate_04498.jpg,cnn+paddle,30,0.9969,True,per-letter,cnn=30|paddle=30,7267,0.999,เลย,0.517,0.0,car,2,4,True,,278,16,274,158.2
plate_04498.jpg,easyocr+cnn+paddle,30,0.9968,True,per-letter,easyocr=30|cnn=30|paddle=30,7267,0.999,เลย,0.517,0.0,car,2,4,True,,278,16,274,561.7
plate_04498.jpg,easyocr+cnn+tesseract+paddle,30,0.997,True,per-letter,easyocr=30|cnn=30|tesseract=30|paddle=30,7267,0.999,เลย,0.517,0.0,car,2,4,True,,278,16,274,740.1
plate_04500.jpg,group,36,0.9977,True,whole crop,,0050,0.778,พัทลุง,1.0,0.8,car,2,4,True,,505,8,282,80.5
plate_04500.jpg,easyocr,36,0.9999,True,per-letter,,0050,0.778,พัทลุง,1.0,0.8,car,2,4,True,,505,8,282,269.1
plate_04500.jpg,cnn,36,0.9928,True,per-letter,,0050,0.778,พัทลุง,1.0,0.8,car,2,4,True,,505,8,282,2.4
plate_04500.jpg,tesseract,3จ,0.9517,True,per-letter,,0050,0.778,พัทลุง,1.0,0.8,car,2,4,True,,505,8,282,189.4
plate_04500.jpg,paddle,36,0.9998,True,per-letter,,0050,0.778,พัทลุง,1.0,0.8,car,2,4,True,,505,8,282,157.8
plate_04500.jpg,easyocr+cnn,36,0.9953,True,per-letter,easyocr=36|cnn=36,0050,0.778,พัทลุง,1.0,0.8,car,2,4,True,,505,8,282,271.5
plate_04500.jpg,cnn+paddle,36,0.9953,True,per-letter,cnn=36|paddle=36,0050,0.778,พัทลุง,1.0,0.8,car,2,4,True,,505,8,282,160.2
plate_04500.jpg,easyocr+cnn+paddle,36,0.9965,True,per-letter,easyocr=36|cnn=36|paddle=36,0050,0.778,พัทลุง,1.0,0.8,car,2,4,True,,505,8,282,429.3
plate_04500.jpg,easyocr+cnn+tesseract+paddle,36,0.9862,True,per-letter,easyocr=36|cnn=36|tesseract=3จ|paddle=36,0050,0.778,พัทลุง,1.0,0.8,car,2,4,True,,505,8,282,618.7
plate_04506.jpg,group,น,0.1833,True,whole crop,,1,0.247,เลย,0.368,0.0,motorcycle,2,1,True,,146,10,249,78.8
plate_04506.jpg,easyocr,11,0.7704,True,per-letter,,1,0.247,เลย,0.368,0.0,motorcycle,2,1,True,,146,10,249,367.2
plate_04506.jpg,cnn,11,0.7485,True,per-letter,,1,0.247,เลย,0.368,0.0,motorcycle,2,1,True,,146,10,249,1.8
plate_04506.jpg,tesseract,1ย,0.9858,True,per-letter,,1,0.247,เลย,0.368,0.0,motorcycle,2,1,True,,146,10,249,155.3
plate_04506.jpg,paddle,11,0.7944,True,per-letter,,1,0.247,เลย,0.368,0.0,motorcycle,2,1,True,,146,10,249,149.5
plate_04506.jpg,easyocr+cnn,11,0.7907,True,per-letter,easyocr=11|cnn=11,1,0.247,เลย,0.368,0.0,motorcycle,2,1,True,,146,10,249,369.0
plate_04506.jpg,cnn+paddle,11,0.8236,True,per-letter,cnn=11|paddle=11,1,0.247,เลย,0.368,0.0,motorcycle,2,1,True,,146,10,249,151.3
plate_04506.jpg,easyocr+cnn+paddle,11,0.8523,True,per-letter,easyocr=11|cnn=11|paddle=11,1,0.247,เลย,0.368,0.0,motorcycle,2,1,True,,146,10,249,518.5
plate_04506.jpg,easyocr+cnn+tesseract+paddle,11,0.7899,True,per-letter,easyocr=11|cnn=11|tesseract=1ย|paddle=11,1,0.247,เลย,0.368,0.0,motorcycle,2,1,True,,146,10,249,673.9
plate_04526.jpg,group,16,0.6892,True,whole crop,,8375,0.651,กรุงเทพมหานคร,1.0,1.0,car,2,4,True,,286,10,283,81.1
plate_04526.jpg,easyocr,36,0.9997,True,per-letter,,8375,0.651,กรุงเทพมหานคร,1.0,1.0,car,2,4,True,,286,10,283,261.7
plate_04526.jpg,cnn,16,0.9885,True,per-letter,,8375,0.651,กรุงเทพมหานคร,1.0,1.0,car,2,4,True,,286,10,283,1.9
plate_04526.jpg,tesseract,?ก,0.0,False,per-letter,,8375,0.651,กรุงเทพมหานคร,1.0,1.0,car,2,4,True,,286,10,283,219.1
plate_04526.jpg,paddle,16,0.9996,True,per-letter,,8375,0.651,กรุงเทพมหานคร,1.0,1.0,car,2,4,True,,286,10,283,159.5
plate_04526.jpg,easyocr+cnn,16,0.9988,True,per-letter,easyocr=ล6|cnn=16,8375,0.651,กรุงเทพมหานคร,1.0,1.0,car,2,4,True,,286,10,283,263.6
plate_04526.jpg,cnn+paddle,16,0.9953,True,per-letter,cnn=16|paddle=16,8375,0.651,กรุงเทพมหานคร,1.0,1.0,car,2,4,True,,286,10,283,161.4
plate_04526.jpg,easyocr+cnn+paddle,16,0.9991,True,per-letter,easyocr=ล6|cnn=16|paddle=16,8375,0.651,กรุงเทพมหานคร,1.0,1.0,car,2,4,True,,286,10,283,423.2
plate_04526.jpg,easyocr+cnn+tesseract+paddle,16,0.9988,True,per-letter,easyocr=ล6|cnn=16|tesseract=ก6|paddle=16,8375,0.651,กรุงเทพมหานคร,1.0,1.0,car,2,4,True,,286,10,283,642.3
plate_04534.jpg,group,51,0.9533,True,whole crop,,7197,0.516,กรุงเทพมหานคร,1.0,0.769,car,2,4,True,,377,4,274,76.3
plate_04534.jpg,easyocr,5ก,0.4449,True,per-letter,,7197,0.516,กรุงเทพมหานคร,1.0,0.769,car,2,4,True,,377,4,274,287.6
plate_04534.jpg,cnn,51,0.9508,True,per-letter,,7197,0.516,กรุงเทพมหานคร,1.0,0.769,car,2,4,True,,377,4,274,2.2
plate_04534.jpg,tesseract,5?,0.0,False,per-letter,,7197,0.516,กรุงเทพมหานคร,1.0,0.769,car,2,4,True,,377,4,274,319.7
plate_04534.jpg,paddle,51,0.991,True,per-letter,,7197,0.516,กรุงเทพมหานคร,1.0,0.769,car,2,4,True,,377,4,274,150.7
plate_04534.jpg,easyocr+cnn,51,0.9198,True,per-letter,easyocr=5ก|cnn=51,7197,0.516,กรุงเทพมหานคร,1.0,0.769,car,2,4,True,,377,4,274,289.8
plate_04534.jpg,cnn+paddle,51,0.9698,True,per-letter,cnn=51|paddle=51,7197,0.516,กรุงเทพมหานคร,1.0,0.769,car,2,4,True,,377,4,274,152.9
plate_04534.jpg,easyocr+cnn+paddle,51,0.9496,True,per-letter,easyocr=5ก|cnn=51|paddle=51,7197,0.516,กรุงเทพมหานคร,1.0,0.769,car,2,4,True,,377,4,274,440.5
plate_04534.jpg,easyocr+cnn+tesseract+paddle,51,0.9469,True,per-letter,easyocr=5ก|cnn=51|tesseract=5ก|paddle=51,7197,0.516,กรุงเทพมหานคร,1.0,0.769,car,2,4,True,,377,4,274,760.1
plate_04597.jpg,group,ณช,0.2792,True,whole crop,,3169,1.0,ภูเก็ต,0.538,0.5,car,2,4,True,,359,1,270,76.7
plate_04597.jpg,easyocr,นข,0.7638,True,per-letter,,3169,1.0,ภูเก็ต,0.538,0.5,car,2,4,True,,359,1,270,457.0
plate_04597.jpg,cnn,ณข,0.9447,True,per-letter,,3169,1.0,ภูเก็ต,0.538,0.5,car,2,4,True,,359,1,270,2.4
plate_04597.jpg,tesseract,ณข,0.7739,True,per-letter,,3169,1.0,ภูเก็ต,0.538,0.5,car,2,4,True,,359,1,270,287.1
plate_04597.jpg,paddle,นซ,0.6035,True,per-letter,,3169,1.0,ภูเก็ต,0.538,0.5,car,2,4,True,,359,1,270,151.4
plate_04597.jpg,easyocr+cnn,ณข,0.6919,True,per-letter,easyocr=นข|cnn=ณข,3169,1.0,ภูเก็ต,0.538,0.5,car,2,4,True,,359,1,270,459.4
plate_04597.jpg,cnn+paddle,ณข,0.4723,True,per-letter,cnn=ณข|paddle=นซ,3169,1.0,ภูเก็ต,0.538,0.5,car,2,4,True,,359,1,270,153.8
plate_04597.jpg,easyocr+cnn+paddle,ณข,0.4237,True,per-letter,easyocr=นข|cnn=ณข|paddle=นซ,3169,1.0,ภูเก็ต,0.538,0.5,car,2,4,True,,359,1,270,610.8
plate_04597.jpg,easyocr+cnn+tesseract+paddle,ณข,0.4313,True,per-letter,easyocr=นข|cnn=ณข|tesseract=ณข|paddle=นซ,3169,1.0,ภูเก็ต,0.538,0.5,car,2,4,True,,359,1,270,897.9
plate_04649.jpg,group,ณป,0.0809,True,whole crop,,5170,0.999,อ่างทอง,0.958,0.462,car,2,4,True,,279,1,267,74.3
plate_04649.jpg,easyocr,กข,0.6805,True,per-letter,,5170,0.999,อ่างทอง,0.958,0.462,car,2,4,True,,279,1,267,279.9
plate_04649.jpg,cnn,ฌข,0.9603,True,per-letter,,5170,0.999,อ่างทอง,0.958,0.462,car,2,4,True,,279,1,267,1.9
plate_04649.jpg,tesseract,ณข,0.9754,True,per-letter,,5170,0.999,อ่างทอง,0.958,0.462,car,2,4,True,,279,1,267,272.1
plate_04649.jpg,paddle,ณข,0.4292,True,per-letter,,5170,0.999,อ่างทอง,0.958,0.462,car,2,4,True,,279,1,267,161.2
plate_04649.jpg,easyocr+cnn,ฌข,0.5577,True,per-letter,easyocr=กข|cnn=ฌข,5170,0.999,อ่างทอง,0.958,0.462,car,2,4,True,,279,1,267,281.8
plate_04649.jpg,cnn+paddle,ฌข,0.4895,True,per-letter,cnn=ฌข|paddle=ณข,5170,0.999,อ่างทอง,0.958,0.462,car,2,4,True,,279,1,267,163.1
plate_04649.jpg,easyocr+cnn+paddle,ฌข,0.397,True,per-letter,easyocr=กข|cnn=ฌข|paddle=ณข,5170,0.999,อ่างทอง,0.958,0.462,car,2,4,True,,279,1,267,443.0
plate_04649.jpg,easyocr+cnn+tesseract+paddle,ณข,0.3635,True,per-letter,easyocr=กข|cnn=ฌข|tesseract=ณข|paddle=ณข,5170,0.999,อ่างทอง,0.958,0.462,car,2,4,True,,279,1,267,715.0
plate_04696.jpg,group,1กด,0.2063,True,whole crop,,5528,0.974,พระนครศรีอยุธยา,1.0,0.64,motorcycle,5,4,True,,201,1,267,78.9
plate_04696.jpg,easyocr,1กด,0.2063,True,"whole crop, fallback",,5528,0.974,พระนครศรีอยุธยา,1.0,0.64,motorcycle,5,4,True,,201,1,267,78.9
plate_04696.jpg,cnn,1กด,0.2063,True,"whole crop, fallback",,5528,0.974,พระนครศรีอยุธยา,1.0,0.64,motorcycle,5,4,True,,201,1,267,78.9
plate_04696.jpg,tesseract,1กด,0.2063,True,"whole crop, fallback",,5528,0.974,พระนครศรีอยุธยา,1.0,0.64,motorcycle,5,4,True,,201,1,267,78.9
plate_04696.jpg,paddle,1กด,0.2063,True,"whole crop, fallback",,5528,0.974,พระนครศรีอยุธยา,1.0,0.64,motorcycle,5,4,True,,201,1,267,78.9
plate_04696.jpg,easyocr+cnn,1กด,0.2063,True,"whole crop, fallback",,5528,0.974,พระนครศรีอยุธยา,1.0,0.64,motorcycle,5,4,True,,201,1,267,78.9
plate_04696.jpg,cnn+paddle,1กด,0.2063,True,"whole crop, fallback",,5528,0.974,พระนครศรีอยุธยา,1.0,0.64,motorcycle,5,4,True,,201,1,267,78.9
plate_04696.jpg,easyocr+cnn+paddle,1กด,0.2063,True,"whole crop, fallback",,5528,0.974,พระนครศรีอยุธยา,1.0,0.64,motorcycle,5,4,True,,201,1,267,78.9
plate_04696.jpg,easyocr+cnn+tesseract+paddle,1กด,0.2063,True,"whole crop, fallback",,5528,0.974,พระนครศรีอยุธยา,1.0,0.64,motorcycle,5,4,True,,201,1,267,78.9
plate_04714.jpg,group,สหร,0.3167,True,whole crop,,88,0.574,กรุงเทพมหานคร,1.0,0.75,motorcycle,2,2,True,,298,9,234,78.3
plate_04714.jpg,easyocr,สท,0.9038,True,per-letter,,88,0.574,กรุงเทพมหานคร,1.0,0.75,motorcycle,2,2,True,,298,9,234,358.5
plate_04714.jpg,cnn,สท,0.9288,True,per-letter,,88,0.574,กรุงเทพมหานคร,1.0,0.75,motorcycle,2,2,True,,298,9,234,1.7
plate_04714.jpg,tesseract,?ห,0.0,False,per-letter,,88,0.574,กรุงเทพมหานคร,1.0,0.75,motorcycle,2,2,True,,298,9,234,328.2
plate_04714.jpg,paddle,สด,0.46,True,per-letter,,88,0.574,กรุงเทพมหานคร,1.0,0.75,motorcycle,2,2,True,,298,9,234,224.7
plate_04714.jpg,easyocr+cnn,สท,0.948,True,per-letter,easyocr=สท|cnn=สท,88,0.574,กรุงเทพมหานคร,1.0,0.75,motorcycle,2,2,True,,298,9,234,360.2
plate_04714.jpg,cnn+paddle,สท,0.6664,True,per-letter,cnn=สท|paddle=สด,88,0.574,กรุงเทพมหานคร,1.0,0.75,motorcycle,2,2,True,,298,9,234,226.4
plate_04714.jpg,easyocr+cnn+paddle,สท,0.7291,True,per-letter,easyocr=สท|cnn=สท|paddle=สด,88,0.574,กรุงเทพมหานคร,1.0,0.75,motorcycle,2,2,True,,298,9,234,584.9
plate_04714.jpg,easyocr+cnn+tesseract+paddle,สท,0.7144,True,per-letter,easyocr=สท|cnn=สท|tesseract=กห|paddle=สด,88,0.574,กรุงเทพมหานคร,1.0,0.75,motorcycle,2,2,True,,298,9,234,913.1
plate_04716.jpg,group,หวข,0.088,True,whole crop,,882,0.949,กรุงเทพมหานคร,1.0,0.818,motorcycle,3,3,True,,294,1,240,77.7
plate_04716.jpg,easyocr,มงข,0.4978,True,per-letter,,882,0.949,กรุงเทพมหานคร,1.0,0.818,motorcycle,3,3,True,,294,1,240,455.1
plate_04716.jpg,cnn,ฬวข,0.8732,True,per-letter,,882,0.949,กรุงเทพมหานคร,1.0,0.818,motorcycle,3,3,False,,294,1,240,2.9
plate_04716.jpg,tesseract,หวข,0.9633,True,per-letter,,882,0.949,กรุงเทพมหานคร,1.0,0.818,motorcycle,3,3,False,,294,1,240,375.2
plate_04716.jpg,paddle,พ7ซ,0.0,False,per-letter,,882,0.949,กรุงเทพมหานคร,1.0,0.818,motorcycle,3,3,True,,294,1,240,236.7
plate_04716.jpg,easyocr+cnn,ฬวข,0.4288,True,per-letter,easyocr=มงข|cnn=ฬวข,882,0.949,กรุงเทพมหานคร,1.0,0.818,motorcycle,3,3,True,,294,1,240,458.1
plate_04716.jpg,cnn+paddle,พวข,0.4303,True,per-letter,cnn=ฬวข|paddle=พ7ซ,882,0.949,กรุงเทพมหานคร,1.0,0.818,motorcycle,3,3,True,,294,1,240,239.6
plate_04716.jpg,easyocr+cnn+paddle,พวข,0.3637,True,per-letter,easyocr=มงข|cnn=ฬวข|paddle=พ7ซ,882,0.949,กรุงเทพมหานคร,1.0,0.818,motorcycle,3,3,True,,294,1,240,694.7
plate_04716.jpg,easyocr+cnn+tesseract+paddle,พวข,0.3671,True,per-letter,easyocr=มงข|cnn=ฬวข|tesseract=หวข|paddle=พ7ซ,882,0.949,กรุงเทพมหานคร,1.0,0.818,motorcycle,3,3,True,,294,1,240,1070.0
plate_04737.jpg,group,ณข,0.1772,True,whole crop,,3224,0.998,ภูเก็ต,0.965,0.364,car,2,4,True,,389,1,324,76.7
plate_04737.jpg,easyocr,กข,0.5411,True,per-letter,,3224,0.998,ภูเก็ต,0.965,0.364,car,2,4,True,,389,1,324,424.3
plate_04737.jpg,cnn,ฌข,0.9805,True,per-letter,,3224,0.998,ภูเก็ต,0.965,0.364,car,2,4,True,,389,1,324,2.0
plate_04737.jpg,tesseract,ณข,0.993,True,per-letter,,3224,0.998,ภูเก็ต,0.965,0.364,car,2,4,True,,389,1,324,220.8
plate_04737.jpg,paddle,ณซ,0.5167,True,per-letter,,3224,0.998,ภูเก็ต,0.965,0.364,car,2,4,True,,389,1,324,226.3
plate_04737.jpg,easyocr+cnn,ฌข,0.666,True,per-letter,easyocr=กข|cnn=ฌข,3224,0.998,ภูเก็ต,0.965,0.364,car,2,4,True,,389,1,324,426.4
plate_04737.jpg,cnn+paddle,ฌข,0.399,True,per-letter,cnn=ฌข|paddle=ณซ,3224,0.998,ภูเก็ต,0.965,0.364,car,2,4,True,,389,1,324,228.3
plate_04737.jpg,easyocr+cnn+paddle,ฌข,0.3888,True,per-letter,easyocr=กข|cnn=ฌข|paddle=ณซ,3224,0.998,ภูเก็ต,0.965,0.364,car,2,4,True,,389,1,324,652.6
plate_04737.jpg,easyocr+cnn+tesseract+paddle,ณข,0.437,True,per-letter,easyocr=กข|cnn=ฌข|tesseract=ณข|paddle=ณซ,3224,0.998,ภูเก็ต,0.965,0.364,car,2,4,True,,389,1,324,873.5
plate_04763.jpg,group,ณช,0.0796,True,whole crop,,4247,1.0,เลย,0.325,0.0,car,2,4,True,,475,2,280,78.5
plate_04763.jpg,easyocr,ญซ,0.512,True,per-letter,,4247,1.0,เลย,0.325,0.0,car,2,4,True,,475,2,280,423.1
plate_04763.jpg,cnn,ณข,0.8963,True,per-letter,,4247,1.0,เลย,0.325,0.0,car,2,4,True,,475,2,280,2.1
plate_04763.jpg,tesseract,ฆซ,0.9263,True,per-letter,,4247,1.0,เลย,0.325,0.0,car,2,4,True,,475,2,280,152.0
plate_04763.jpg,paddle,ณซ,0.4864,True,per-letter,,4247,1.0,เลย,0.325,0.0,car,2,4,True,,475,2,280,150.7
plate_04763.jpg,easyocr+cnn,ณข,0.3414,True,per-letter,easyocr=ญซ|cnn=ณข,4247,1.0,เลย,0.325,0.0,car,2,4,True,,475,2,280,425.2
plate_04763.jpg,cnn+paddle,ณข,0.4419,True,per-letter,cnn=ณข|paddle=ณซ,4247,1.0,เลย,0.325,0.0,car,2,4,True,,475,2,280,152.8
plate_04763.jpg,easyocr+cnn+paddle,ณซ,0.3886,True,per-letter,easyocr=ญซ|cnn=ณข|paddle=ณซ,4247,1.0,เลย,0.325,0.0,car,2,4,True,,475,2,280,575.9
plate_04763.jpg,easyocr+cnn+tesseract+paddle,ณซ,0.406,True,per-letter,easyocr=ญซ|cnn=ณข|tesseract=ฆซ|paddle=ณซ,4247,1.0,เลย,0.325,0.0,car,2,4,True,,475,2,280,728.0
plate_04796.jpg,group,128,0.3299,True,whole crop,,9,0.752,ร้อยเอ็ด,0.522,0.286,car,3,3,True,,279,8,255,77.6
plate_04796.jpg,easyocr,9ออ,0.1805,True,per-letter,,9,0.752,ร้อยเอ็ด,0.522,0.286,car,3,3,True,,279,8,255,565.5
plate_04796.jpg,cnn,823,0.3157,True,per-letter,,9,0.752,ร้อยเอ็ด,0.522,0.286,car,3,3,True,,279,8,255,4.4
plate_04796.jpg,tesseract,?ก?,0.0,False,per-letter,,9,0.752,ร้อยเอ็ด,0.522,0.286,car,3,3,True,,279,8,255,288.6
plate_04796.jpg,paddle,120,0.2381,True,per-letter,,9,0.752,ร้อยเอ็ด,0.522,0.286,car,3,3,True,,279,8,255,220.2
plate_04796.jpg,easyocr+cnn,923,0.3868,True,per-letter,easyocr=92อ|cnn=823,9,0.752,ร้อยเอ็ด,0.522,0.286,car,3,3,True,,279,8,255,569.9
plate_04796.jpg,cnn+paddle,823,0.3276,True,per-letter,cnn=823|paddle=12ซ,9,0.752,ร้อยเอ็ด,0.522,0.286,car,3,3,True,,279,8,255,224.6
plate_04796.jpg,easyocr+cnn+paddle,923,0.365,True,per-letter,easyocr=92อ|cnn=823|paddle=12ซ,9,0.752,ร้อยเอ็ด,0.522,0.286,car,3,3,True,,279,8,255,790.1
plate_04796.jpg,easyocr+cnn+tesseract+paddle,923,0.3617,True,per-letter,easyocr=92อ|cnn=823|tesseract=12ก|paddle=12ซ,9,0.752,ร้อยเอ็ด,0.522,0.286,car,3,3,True,,279,8,255,1078.7
plate_04800.jpg,group,ณช,0.4071,True,whole crop,,3024,1.0,ตราด,0.555,0.286,car,2,4,True,,241,1,324,78.4
plate_04800.jpg,easyocr,กข,0.5608,True,per-letter,,3024,1.0,ตราด,0.555,0.286,car,2,4,True,,241,1,324,283.1
plate_04800.jpg,cnn,ณข,0.8476,True,per-letter,,3024,1.0,ตราด,0.555,0.286,car,2,4,True,,241,1,324,3.6
plate_04800.jpg,tesseract,ณป,0.9623,True,per-letter,,3024,1.0,ตราด,0.555,0.286,car,2,4,True,,241,1,324,188.9
plate_04800.jpg,paddle,ณซ,0.4387,True,per-letter,,3024,1.0,ตราด,0.555,0.286,car,2,4,True,,241,1,324,153.6
plate_04800.jpg,easyocr+cnn,ณข,0.7943,True,per-letter,easyocr=กข|cnn=ณข,3024,1.0,ตราด,0.555,0.286,car,2,4,True,,241,1,324,286.6
plate_04800.jpg,cnn+paddle,ณข,0.7037,True,per-letter,cnn=ณข|paddle=ณข,3024,1.0,ตราด,0.555,0.286,car,2,4,True,,241,1,324,157.2
plate_04800.jpg,easyocr+cnn+paddle,ณข,0.7212,True,per-letter,easyocr=กข|cnn=ณข|paddle=ณข,3024,1.0,ตราด,0.555,0.286,car,2,4,True,,241,1,324,440.3
plate_04800.jpg,easyocr+cnn+tesseract+paddle,ณข,0.6711,True,per-letter,easyocr=กข|cnn=ณข|tesseract=ณป|paddle=ณข,3024,1.0,ตราด,0.555,0.286,car,2,4,True,,241,1,324,629.1
plate_04823.jpg,group,ณช,0.1139,True,whole crop,,4449,0.955,สกลนคร,0.949,0.4,car,2,4,True,,295,2,263,78.1
plate_04823.jpg,easyocr,ณข,0.5099,True,per-letter,,4449,0.955,สกลนคร,0.949,0.4,car,2,4,True,,295,2,263,343.7
plate_04823.jpg,cnn,ฌข,0.9882,True,per-letter,,4449,0.955,สกลนคร,0.949,0.4,car,2,4,True,,295,2,263,3.8
plate_04823.jpg,tesseract,ณข,0.99,True,per-letter,,4449,0.955,สกลนคร,0.949,0.4,car,2,4,True,,295,2,263,171.7
plate_04823.jpg,paddle,พซ,0.5276,True,per-letter,,4449,0.955,สกลนคร,0.949,0.4,car,2,4,True,,295,2,263,150.0
plate_04823.jpg,easyocr+cnn,ฌข,0.5575,True,per-letter,easyocr=ณข|cnn=ฌข,4449,0.955,สกลนคร,0.949,0.4,car,2,4,True,,295,2,263,347.5
plate_04823.jpg,cnn+paddle,ฌข,0.4531,True,per-letter,cnn=ฌข|paddle=พซ,4449,0.955,สกลนคร,0.949,0.4,car,2,4,True,,295,2,263,153.8
plate_04823.jpg,easyocr+cnn+paddle,ฌข,0.3517,True,per-letter,easyocr=ณข|cnn=ฌข|paddle=พซ,4449,0.955,สกลนคร,0.949,0.4,car,2,4,True,,295,2,263,497.5
plate_04823.jpg,easyocr+cnn+tesseract+paddle,ณข,0.3358,True,per-letter,easyocr=ณข|cnn=ฌข|tesseract=ณข|paddle=พซ,4449,0.955,สกลนคร,0.949,0.4,car,2,4,True,,295,2,263,669.2
plate_04869.jpg,group,ณซ,0.2056,True,whole crop,,2730,0.991,ร้อยเอ็ด,0.967,0.333,car,2,4,True,,206,1,269,80.8
plate_04869.jpg,easyocr,กบ,0.6155,True,per-letter,,2730,0.991,ร้อยเอ็ด,0.967,0.333,car,2,4,True,,206,1,269,274.0
plate_04869.jpg,cnn,ณข,0.9063,True,per-letter,,2730,0.991,ร้อยเอ็ด,0.967,0.333,car,2,4,True,,206,1,269,1.7
plate_04869.jpg,tesseract,?ป,0.0,False,per-letter,,2730,0.991,ร้อยเอ็ด,0.967,0.333,car,2,4,True,,206,1,269,230.1
plate_04869.jpg,paddle,นซ,0.8965,True,per-letter,,2730,0.991,ร้อยเอ็ด,0.967,0.333,car,2,4,True,,206,1,269,156.5
plate_04869.jpg,easyocr+cnn,ณข,0.6855,True,per-letter,easyocr=กบ|cnn=ณข,2730,0.991,ร้อยเอ็ด,0.967,0.333,car,2,4,True,,206,1,269,275.7
plate_04869.jpg,cnn+paddle,ณข,0.4286,True,per-letter,cnn=ณข|paddle=นซ,2730,0.991,ร้อยเอ็ด,0.967,0.333,car,2,4,True,,206,1,269,158.2
plate_04869.jpg,easyocr+cnn+paddle,ณข,0.3895,True,per-letter,easyocr=กบ|cnn=ณข|paddle=นซ,2730,0.991,ร้อยเอ็ด,0.967,0.333,car,2,4,True,,206,1,269,432.2
plate_04869.jpg,easyocr+cnn+tesseract+paddle,ณข,0.3878,True,per-letter,easyocr=กบ|cnn=ณข|tesseract=กป|paddle=นซ,2730,0.991,ร้อยเอ็ด,0.967,0.333,car,2,4,True,,206,1,269,662.3
plate_04913.jpg,group,73,0.9982,True,whole crop,,7837,0.998,สมุทรปราการ,1.0,0.952,car,2,4,False,,452,5,270,76.6
plate_04913.jpg,easyocr,73,1.0,True,per-letter,,7837,0.998,สมุทรปราการ,1.0,0.952,car,2,4,False,,452,5,270,429.4
plate_04913.jpg,cnn,73,0.9961,True,per-letter,,7837,0.998,สมุทรปราการ,1.0,0.952,car,2,4,False,,452,5,270,3.4
plate_04913.jpg,tesseract,73,0.9998,True,per-letter,,7837,0.998,สมุทรปราการ,1.0,0.952,car,2,4,False,,452,5,270,193.0
plate_04913.jpg,paddle,73,0.9998,True,per-letter,,7837,0.998,สมุทรปราการ,1.0,0.952,car,2,4,False,,452,5,270,183.8
plate_04913.jpg,easyocr+cnn,73,0.9974,True,per-letter,easyocr=73|cnn=73,7837,0.998,สมุทรปราการ,1.0,0.952,car,2,4,False,,452,5,270,432.8
plate_04913.jpg,cnn+paddle,73,0.9974,True,per-letter,cnn=73|paddle=73,7837,0.998,สมุทรปราการ,1.0,0.952,car,2,4,False,,452,5,270,187.2
plate_04913.jpg,easyocr+cnn+paddle,73,0.9981,True,per-letter,easyocr=73|cnn=73|paddle=73,7837,0.998,สมุทรปราการ,1.0,0.952,car,2,4,False,,452,5,270,616.6
plate_04913.jpg,easyocr+cnn+tesseract+paddle,73,0.9982,True,per-letter,easyocr=73|cnn=73|tesseract=73|paddle=73,7837,0.998,สมุทรปราการ,1.0,0.952,car,2,4,False,,452,5,270,809.6
plate_04915.jpg,group,4ง,0.2642,True,whole crop,,1864,0.829,กรุงเทพมหานคร,1.0,0.8,car,2,1,True,,208,1,237,75.3
plate_04915.jpg,easyocr,4ง,0.6918,True,per-letter,,1864,0.829,กรุงเทพมหานคร,1.0,0.8,car,2,1,True,,208,1,237,332.4
plate_04915.jpg,cnn,4ง,0.6721,True,per-letter,,1864,0.829,กรุงเทพมหานคร,1.0,0.8,car,2,1,True,,208,1,237,1.9
plate_04915.jpg,tesseract,สว,0.9077,True,per-letter,,1864,0.829,กรุงเทพมหานคร,1.0,0.8,car,2,1,True,,208,1,237,221.7
plate_04915.jpg,paddle,4ป,0.9966,True,per-letter,,1864,0.829,กรุงเทพมหานคร,1.0,0.8,car,2,1,True,,208,1,237,158.0
plate_04915.jpg,easyocr+cnn,4ง,0.6805,True,per-letter,easyocr=4ง|cnn=4ง,1864,0.829,กรุงเทพมหานคร,1.0,0.8,car,2,1,True,,208,1,237,334.4
plate_04915.jpg,cnn+paddle,4ป,0.5251,True,per-letter,cnn=4ง|paddle=4ป,1864,0.829,กรุงเทพมหานคร,1.0,0.8,car,2,1,True,,208,1,237,160.0
plate_04915.jpg,easyocr+cnn+paddle,4ง,0.4664,True,per-letter,easyocr=4ง|cnn=4ง|paddle=4ป,1864,0.829,กรุงเทพมหานคร,1.0,0.8,car,2,1,True,,208,1,237,492.4
plate_04915.jpg,easyocr+cnn+tesseract+paddle,4ง,0.4566,True,per-letter,easyocr=4ง|cnn=4ง|tesseract=สว|paddle=4ป,1864,0.829,กรุงเทพมหานคร,1.0,0.8,car,2,1,True,,208,1,237,714.1
plate_04923.jpg,group,น,0.1875,True,whole crop,,3876,0.991,กรุงเทพมหานคร,1.0,0.8,car,1,4,True,,287,1,266,100.9
plate_04923.jpg,easyocr,ถ,0.6834,True,per-letter,,3876,0.991,กรุงเทพมหานคร,1.0,0.8,car,1,4,True,,287,1,266,103.1
plate_04923.jpg,cnn,ณ,0.7549,True,per-letter,,3876,0.991,กรุงเทพมหานคร,1.0,0.8,car,1,4,False,,287,1,266,1.4
plate_04923.jpg,tesseract,ญ,0.5147,True,per-letter,,3876,0.991,กรุงเทพมหานคร,1.0,0.8,car,1,4,True,,287,1,266,156.8
plate_04923.jpg,paddle,ร,0.5374,True,per-letter,,3876,0.991,กรุงเทพมหานคร,1.0,0.8,car,1,4,True,,287,1,266,80.1
plate_04923.jpg,easyocr+cnn,ณ,0.6251,True,per-letter,easyocr=ถ|cnn=ณ,3876,0.991,กรุงเทพมหานคร,1.0,0.8,car,1,4,True,,287,1,266,104.5
plate_04923.jpg,cnn+paddle,ณ,0.6392,True,per-letter,cnn=ณ|paddle=ร,3876,0.991,กรุงเทพมหานคร,1.0,0.8,car,1,4,True,,287,1,266,81.5
plate_04923.jpg,easyocr+cnn+paddle,ณ,0.5467,True,per-letter,easyocr=ถ|cnn=ณ|paddle=ร,3876,0.991,กรุงเทพมหานคร,1.0,0.8,car,1,4,True,,287,1,266,184.6
plate_04923.jpg,easyocr+cnn+tesseract+paddle,ณ,0.5426,True,per-letter,easyocr=ถ|cnn=ณ|tesseract=ญ|paddle=ร,3876,0.991,กรุงเทพมหานคร,1.0,0.8,car,1,4,True,,287,1,266,341.4
plate_04945.jpg,group,ท,0.0858,True,whole crop,,2384,0.246,กรุงเทพมหานคร,0.44,0.375,car,1,3,True,,232,10,245,79.9
plate_04945.jpg,easyocr,ก,0.9801,True,per-letter,,2384,0.246,กรุงเทพมหานคร,0.44,0.375,car,1,3,True,,232,10,245,143.7
plate_04945.jpg,cnn,ก,0.9957,True,per-letter,,2384,0.246,กรุงเทพมหานคร,0.44,0.375,car,1,3,True,,232,10,245,1.4
plate_04945.jpg,tesseract,ถ,0.94,True,per-letter,,2384,0.246,กรุงเทพมหานคร,0.44,0.375,car,1,3,True,,232,10,245,91.7
plate_04945.jpg,paddle,ก,0.7107,True,per-letter,,2384,0.246,กรุงเทพมหานคร,0.44,0.375,car,1,3,True,,232,10,245,71.6
plate_04945.jpg,easyocr+cnn,ก,0.9932,True,per-letter,easyocr=ก|cnn=ก,2384,0.246,กรุงเทพมหานคร,0.44,0.375,car,1,3,True,,232,10,245,145.0
plate_04945.jpg,cnn+paddle,ก,0.9175,True,per-letter,cnn=ก|paddle=ก,2384,0.246,กรุงเทพมหานคร,0.44,0.375,car,1,3,True,,232,10,245,72.9
plate_04945.jpg,easyocr+cnn+paddle,ก,0.937,True,per-letter,easyocr=ก|cnn=ก|paddle=ก,2384,0.246,กรุงเทพมหานคร,0.44,0.375,car,1,3,True,,232,10,245,216.6
plate_04945.jpg,easyocr+cnn+tesseract+paddle,ก,0.9248,True,per-letter,easyocr=ก|cnn=ก|tesseract=ถ|paddle=ก,2384,0.246,กรุงเทพมหานคร,0.44,0.375,car,1,3,True,,232,10,245,308.3
plate_04952.jpg,group,50,0.9949,True,whole crop,,8889,0.953,กรุงเทพมหานคร,1.0,0.857,car,2,4,False,,340,5,267,83.4
plate_04952.jpg,easyocr,50,0.8618,True,per-letter,,8889,0.953,กรุงเทพมหานคร,1.0,0.857,car,2,4,False,,340,5,267,356.6
plate_04952.jpg,cnn,50,0.9967,True,per-letter,,8889,0.953,กรุงเทพมหานคร,1.0,0.857,car,2,4,False,,340,5,267,2.0
plate_04952.jpg,tesseract,50,0.9996,True,per-letter,,8889,0.953,กรุงเทพมหานคร,1.0,0.857,car,2,4,False,,340,5,267,276.0
plate_04952.jpg,paddle,50,0.9999,True,per-letter,,8889,0.953,กรุงเทพมหานคร,1.0,0.857,car,2,4,False,,340,5,267,147.6
plate_04952.jpg,easyocr+cnn,50,0.9648,True,per-letter,easyocr=50|cnn=50,8889,0.953,กรุงเทพมหานคร,1.0,0.857,car,2,4,False,,340,5,267,358.6
plate_04952.jpg,cnn+paddle,50,0.9978,True,per-letter,cnn=50|paddle=50,8889,0.953,กรุงเทพมหานคร,1.0,0.857,car,2,4,False,,340,5,267,149.6
plate_04952.jpg,easyocr+cnn+paddle,50,0.9747,True,per-letter,easyocr=50|cnn=50|paddle=50,8889,0.953,กรุงเทพมหานคร,1.0,0.857,car,2,4,False,,340,5,267,506.2
plate_04952.jpg,easyocr+cnn+tesseract+paddle,50,0.9776,True,per-letter,easyocr=50|cnn=50|tesseract=50|paddle=50,8889,0.953,กรุงเทพมหานคร,1.0,0.857,car,2,4,False,,340,5,267,782.2
plate_04992.jpg,group,1กผ,0.6899,True,whole crop,,6437,0.604,ภูเก็ต,1.0,0.727,motorcycle,3,4,True,,305,1,269,77.7
plate_04992.jpg,easyocr,1กผ,0.9955,True,per-letter,,6437,0.604,ภูเก็ต,1.0,0.727,motorcycle,3,4,True,,305,1,269,664.4
plate_04992.jpg,cnn,1กผ,0.9926,True,per-letter,,6437,0.604,ภูเก็ต,1.0,0.727,motorcycle,3,4,True,,305,1,269,3.1
plate_04992.jpg,tesseract,1กผ,0.9959,True,per-letter,,6437,0.604,ภูเก็ต,1.0,0.727,motorcycle,3,4,True,,305,1,269,237.4
plate_04992.jpg,paddle,1กผ,0.5468,True,per-letter,,6437,0.604,ภูเก็ต,1.0,0.727,motorcycle,3,4,True,,305,1,269,223.2
plate_04992.jpg,easyocr+cnn,1กผ,0.9938,True,per-letter,easyocr=1กผ|cnn=1กผ,6437,0.604,ภูเก็ต,1.0,0.727,motorcycle,3,4,True,,305,1,269,667.4
plate_04992.jpg,cnn+paddle,1กผ,0.8718,True,per-letter,cnn=1กผ|paddle=1กฝ,6437,0.604,ภูเก็ต,1.0,0.727,motorcycle,3,4,True,,305,1,269,226.2
plate_04992.jpg,easyocr+cnn+paddle,1กผ,0.9053,True,per-letter,easyocr=1กผ|cnn=1กผ|paddle=1กฝ,6437,0.604,ภูเก็ต,1.0,0.727,motorcycle,3,4,True,,305,1,269,890.6
plate_04992.jpg,easyocr+cnn+tesseract+paddle,1กผ,0.9148,True,per-letter,easyocr=1กผ|cnn=1กผ|tesseract=1กผ|paddle=1กฝ,6437,0.604,ภูเก็ต,1.0,0.727,motorcycle,3,4,True,,305,1,269,1128.0
plate_05001.jpg,group,ณข,0.4516,True,whole crop,,2789,0.923,กรุงเทพมหานคร,1.0,0.769,car,2,4,True,,354,1,254,78.1
plate_05001.jpg,easyocr,ณข,0.9027,True,per-letter,,2789,0.923,กรุงเทพมหานคร,1.0,0.769,car,2,4,False,,354,1,254,261.4
plate_05001.jpg,cnn,ฌข,0.988,True,per-letter,,2789,0.923,กรุงเทพมหานคร,1.0,0.769,car,2,4,False,,354,1,254,1.9
plate_05001.jpg,tesseract,ณข,0.9952,True,per-letter,,2789,0.923,กรุงเทพมหานคร,1.0,0.769,car,2,4,False,,354,1,254,184.9
plate_05001.jpg,paddle,ณข,0.2699,True,per-letter,,2789,0.923,กรุงเทพมหานคร,1.0,0.769,car,2,4,True,,354,1,254,153.9
plate_05001.jpg,easyocr+cnn,ฌข,0.5834,True,per-letter,easyocr=ณข|cnn=ฌข,2789,0.923,กรุงเทพมหานคร,1.0,0.769,car,2,4,True,,354,1,254,263.3
plate_05001.jpg,cnn+paddle,ฌข,0.552,True,per-letter,cnn=ฌข|paddle=ณซ,2789,0.923,กรุงเทพมหานคร,1.0,0.769,car,2,4,True,,354,1,254,155.7
plate_05001.jpg,easyocr+cnn+paddle,ฌข,0.4081,True,per-letter,easyocr=ณข|cnn=ฌข|paddle=ณซ,2789,0.923,กรุงเทพมหานคร,1.0,0.769,car,2,4,True,,354,1,254,417.2
plate_05001.jpg,easyocr+cnn+tesseract+paddle,ณข,0.4647,True,per-letter,easyocr=ณข|cnn=ฌข|tesseract=ณข|paddle=ณซ,2789,0.923,กรุงเทพมหานคร,1.0,0.769,car,2,4,True,,354,1,254,602.1
plate_05017.jpg,group,น,0.8481,True,whole crop,,7188,0.704,กรุงเทพมหานคร,1.0,0.696,car,1,3,True,,254,1,252,111.2
plate_05017.jpg,easyocr,ม,0.6634,True,per-letter,,7188,0.704,กรุงเทพมหานคร,1.0,0.696,car,1,3,True,,254,1,252,201.0
plate_05017.jpg,cnn,ณ,0.8317,True,per-letter,,7188,0.704,กรุงเทพมหานคร,1.0,0.696,car,1,3,True,,254,1,252,1.1
plate_05017.jpg,tesseract,?,0.0,False,per-letter,,7188,0.704,กรุงเทพมหานคร,1.0,0.696,car,1,3,True,,254,1,252,89.6
plate_05017.jpg,paddle,น,0.9207,True,per-letter,,7188,0.704,กรุงเทพมหานคร,1.0,0.696,car,1,3,True,,254,1,252,75.6
plate_05017.jpg,easyocr+cnn,ณ,0.7397,True,per-letter,easyocr=ม|cnn=ณ,7188,0.704,กรุงเทพมหานคร,1.0,0.696,car,1,3,True,,254,1,252,202.1
plate_05017.jpg,cnn+paddle,ณ,0.5082,True,per-letter,cnn=ณ|paddle=น,7188,0.704,กรุงเทพมหานคร,1.0,0.696,car,1,3,True,,254,1,252,76.7
plate_05017.jpg,easyocr+cnn+paddle,ณ,0.4869,True,per-letter,easyocr=ม|cnn=ณ|paddle=น,7188,0.704,กรุงเทพมหานคร,1.0,0.696,car,1,3,True,,254,1,252,277.7
plate_05017.jpg,easyocr+cnn+tesseract+paddle,ณ,0.4852,True,per-letter,easyocr=ม|cnn=ณ|tesseract=ก|paddle=น,7188,0.704,กรุงเทพมหานคร,1.0,0.696,car,1,3,True,,254,1,252,367.3
plate_05063.jpg,group,ซ,0.99,True,whole crop,,6249,0.999,กรุงเทพมหานคร,1.0,0.75,car,1,4,False,,338,1,273,78.1
plate_05063.jpg,easyocr,ห,0.4819,True,per-letter,,6249,0.999,กรุงเทพมหานคร,1.0,0.75,car,1,4,True,,338,1,273,126.0
plate_05063.jpg,cnn,บ,0.3978,True,per-letter,,6249,0.999,กรุงเทพมหานคร,1.0,0.75,car,1,4,True,,338,1,273,1.8
plate_05063.jpg,tesseract,?,0.0,False,per-letter,,6249,0.999,กรุงเทพมหานคร,1.0,0.75,car,1,4,True,,338,1,273,71.5
plate_05063.jpg,paddle,อ,0.4883,True,per-letter,,6249,0.999,กรุงเทพมหานคร,1.0,0.75,car,1,4,True,,338,1,273,71.9
plate_05063.jpg,easyocr+cnn,ห,0.4793,True,per-letter,easyocr=ห|cnn=บ,6249,0.999,กรุงเทพมหานคร,1.0,0.75,car,1,4,True,,338,1,273,127.8
plate_05063.jpg,cnn+paddle,อ,0.5049,True,per-letter,cnn=บ|paddle=อ,6249,0.999,กรุงเทพมหานคร,1.0,0.75,car,1,4,True,,338,1,273,73.7
plate_05063.jpg,easyocr+cnn+paddle,อ,0.4983,True,per-letter,easyocr=ห|cnn=บ|paddle=อ,6249,0.999,กรุงเทพมหานคร,1.0,0.75,car,1,4,True,,338,1,273,199.7
plate_05063.jpg,easyocr+cnn+tesseract+paddle,อ,0.4952,True,per-letter,easyocr=ห|cnn=บ|tesseract=ก|paddle=อ,6249,0.999,กรุงเทพมหานคร,1.0,0.75,car,1,4,True,,338,1,273,271.3
plate_05085.jpg,group,ซ,0.1739,True,whole crop,,7900,0.525,มหาสารคาม,0.314,0.182,car,2,4,True,,491,1,325,81.6
plate_05085.jpg,easyocr,รส,0.4003,True,per-letter,,7900,0.525,มหาสารคาม,0.314,0.182,car,2,4,True,,491,1,325,360.3
plate_05085.jpg,cnn,65,0.3763,True,per-letter,,7900,0.525,มหาสารคาม,0.314,0.182,car,2,4,True,,491,1,325,3.8
plate_05085.jpg,tesseract,?ฬ,0.0,False,per-letter,,7900,0.525,มหาสารคาม,0.314,0.182,car,2,4,True,,491,1,325,237.1
plate_05085.jpg,paddle,61,0.556,True,per-letter,,7900,0.525,มหาสารคาม,0.314,0.182,car,2,4,True,,491,1,325,152.6
plate_05085.jpg,easyocr+cnn,6ส,0.5095,True,per-letter,easyocr=รส|cnn=6ต,7900,0.525,มหาสารคาม,0.314,0.182,car,2,4,True,,491,1,325,364.0
plate_05085.jpg,cnn+paddle,61,0.4126,True,per-letter,cnn=6ต|paddle=ซ1,7900,0.525,มหาสารคาม,0.314,0.182,car,2,4,True,,491,1,325,156.4
plate_05085.jpg,easyocr+cnn+paddle,6ส,0.388,True,per-letter,easyocr=รส|cnn=6ต|paddle=ซ1,7900,0.525,มหาสารคาม,0.314,0.182,car,2,4,True,,491,1,325,516.6
plate_05085.jpg,easyocr+cnn+tesseract+paddle,6ส,0.3624,True,per-letter,easyocr=รส|cnn=6ต|tesseract=กฬ|paddle=ซ1,7900,0.525,มหาสารคาม,0.314,0.182,car,2,4,True,,491,1,325,753.7
plate_05126.jpg,group,7ขค,0.3231,True,whole crop,,31,0.999,กรุงเทพมหานคร,1.0,0.667,motorcycle,3,2,True,,246,1,252,76.5
plate_05126.jpg,easyocr,7ขค,0.909,True,per-letter,,31,0.999,กรุงเทพมหานคร,1.0,0.667,motorcycle,3,2,False,,246,1,252,529.3
plate_05126.jpg,cnn,7ขค,0.9217,True,per-letter,,31,0.999,กรุงเทพมหานคร,1.0,0.667,motorcycle,3,2,False,,246,1,252,5.5
plate_05126.jpg,tesseract,?นว,0.0,False,per-letter,,31,0.999,กรุงเทพมหานคร,1.0,0.667,motorcycle,3,2,True,,246,1,252,352.0
plate_05126.jpg,paddle,7ซค,0.5893,True,per-letter,,31,0.999,กรุงเทพมหานคร,1.0,0.667,motorcycle,3,2,True,,246,1,252,231.3
plate_05126.jpg,easyocr+cnn,7ขค,0.9231,True,per-letter,easyocr=7ขค|cnn=7ขค,31,0.999,กรุงเทพมหานคร,1.0,0.667,motorcycle,3,2,False,,246,1,252,534.8
plate_05126.jpg,cnn+paddle,7ขค,0.6004,True,per-letter,cnn=7ขค|paddle=7ซค,31,0.999,กรุงเทพมหานคร,1.0,0.667,motorcycle,3,2,True,,246,1,252,236.7
plate_05126.jpg,easyocr+cnn+paddle,7ขค,0.6806,True,per-letter,easyocr=7ขค|cnn=7ขค|paddle=7ซค,31,0.999,กรุงเทพมหานคร,1.0,0.667,motorcycle,3,2,True,,246,1,252,766.0
plate_05126.jpg,easyocr+cnn+tesseract+paddle,7ขค,0.6527,True,per-letter,easyocr=7ขค|cnn=7ขค|tesseract=กนว|paddle=7ซค,31,0.999,กรุงเทพมหานคร,1.0,0.667,motorcycle,3,2,True,,246,1,252,1118.0
plate_05157.jpg,group,7ขผ,0.6774,True,whole crop,,9521,0.622,กรุงเทพมหานคร,1.0,0.87,motorcycle,3,4,True,,288,1,268,83.2
plate_05157.jpg,easyocr,7ขผ,0.9987,True,per-letter,,9521,0.622,กรุงเทพมหานคร,1.0,0.87,motorcycle,3,4,True,,288,1,268,333.7
plate_05157.jpg,cnn,7ขผ,0.9865,True,per-letter,,9521,0.622,กรุงเทพมหานคร,1.0,0.87,motorcycle,3,4,True,,288,1,268,2.4
plate_05157.jpg,tesseract,7ขผ,0.9966,True,per-letter,,9521,0.622,กรุงเทพมหานคร,1.0,0.87,motorcycle,3,4,True,,288,1,268,291.0
plate_05157.jpg,paddle,7ซผ,0.5497,True,per-letter,,9521,0.622,กรุงเทพมหานคร,1.0,0.87,motorcycle,3,4,True,,288,1,268,264.1
plate_05157.jpg,easyocr+cnn,7ขผ,0.991,True,per-letter,easyocr=7ขผ|cnn=7ขผ,9521,0.622,กรุงเทพมหานคร,1.0,0.87,motorcycle,3,4,True,,288,1,268,336.1
plate_05157.jpg,cnn+paddle,7ขผ,0.8341,True,per-letter,cnn=7ขผ|paddle=7ซผ,9521,0.622,กรุงเทพมหานคร,1.0,0.87,motorcycle,3,4,True,,288,1,268,266.5
plate_05157.jpg,easyocr+cnn+paddle,7ขผ,0.8797,True,per-letter,easyocr=7ขผ|cnn=7ขผ|paddle=7ซผ,9521,0.622,กรุงเทพมหานคร,1.0,0.87,motorcycle,3,4,True,,288,1,268,600.2
plate_05157.jpg,easyocr+cnn+tesseract+paddle,7ขผ,0.8929,True,per-letter,easyocr=7ขผ|cnn=7ขผ|tesseract=7ขผ|paddle=7ซผ,9521,0.622,กรุงเทพมหานคร,1.0,0.87,motorcycle,3,4,True,,288,1,268,891.2
plate_05189.jpg,group,67,0.9955,True,whole crop,,4841,0.994,น่าน,0.237,0.4,car,2,4,True,,256,4,268,75.4
plate_05189.jpg,easyocr,67,0.9386,True,per-letter,,4841,0.994,น่าน,0.237,0.4,car,2,4,True,,256,4,268,279.9
plate_05189.jpg,cnn,67,0.9981,True,per-letter,,4841,0.994,น่าน,0.237,0.4,car,2,4,True,,256,4,268,2.9
plate_05189.jpg,tesseract,87,0.9997,True,per-letter,,4841,0.994,น่าน,0.237,0.4,car,2,4,True,,256,4,268,247.1
plate_05189.jpg,paddle,67,0.9997,True,per-letter,,4841,0.994,น่าน,0.237,0.4,car,2,4,True,,256,4,268,149.8
plate_05189.jpg,easyocr+cnn,67,0.9799,True,per-letter,easyocr=67|cnn=67,4841,0.994,น่าน,0.237,0.4,car,2,4,True,,256,4,268,282.8
plate_05189.jpg,cnn+paddle,67,0.9986,True,per-letter,cnn=67|paddle=67,4841,0.994,น่าน,0.237,0.4,car,2,4,True,,256,4,268,152.7
plate_05189.jpg,easyocr+cnn+paddle,67,0.9851,True,per-letter,easyocr=67|cnn=67|paddle=67,4841,0.994,น่าน,0.237,0.4,car,2,4,True,,256,4,268,432.6
plate_05189.jpg,easyocr+cnn+tesseract+paddle,67,0.93,True,per-letter,easyocr=67|cnn=67|tesseract=87|paddle=67,4841,0.994,น่าน,0.237,0.4,car,2,4,True,,256,4,268,679.7
plate_05195.jpg,group,64,0.999,True,whole crop,,2972,0.999,กรุงเทพมหานคร,1.0,0.75,car,2,4,False,,339,5,266,85.8
plate_05195.jpg,easyocr,64,0.9981,True,per-letter,,2972,0.999,กรุงเทพมหานคร,1.0,0.75,car,2,4,False,,339,5,266,251.6
plate_05195.jpg,cnn,64,0.9956,True,per-letter,,2972,0.999,กรุงเทพมหานคร,1.0,0.75,car,2,4,False,,339,5,266,1.8
plate_05195.jpg,tesseract,8ส,0.967,True,per-letter,,2972,0.999,กรุงเทพมหานคร,1.0,0.75,car,2,4,False,,339,5,266,190.2
plate_05195.jpg,paddle,64,0.9998,True,per-letter,,2972,0.999,กรุงเทพมหานคร,1.0,0.75,car,2,4,False,,339,5,266,157.4
plate_05195.jpg,easyocr+cnn,64,0.9971,True,per-letter,easyocr=64|cnn=64,2972,0.999,กรุงเทพมหานคร,1.0,0.75,car,2,4,False,,339,5,266,253.4
plate_05195.jpg,cnn+paddle,64,0.9971,True,per-letter,cnn=64|paddle=64,2972,0.999,กรุงเทพมหานคร,1.0,0.75,car,2,4,False,,339,5,266,159.3
plate_05195.jpg,easyocr+cnn+paddle,64,0.9978,True,per-letter,easyocr=64|cnn=64|paddle=64,2972,0.999,กรุงเทพมหานคร,1.0,0.75,car,2,4,False,,339,5,266,410.8
plate_05195.jpg,easyocr+cnn+tesseract+paddle,64,0.9504,True,per-letter,easyocr=64|cnn=64|tesseract=8ส|paddle=64,2972,0.999,กรุงเทพมหานคร,1.0,0.75,car,2,4,False,,339,5,266,601.0
plate_05250.jpg,group,70,0.9872,True,whole crop,,6487,0.879,สมุทรสาคร,0.411,0.333,car,2,4,True,,266,5,263,81.3
plate_05250.jpg,easyocr,10,0.7998,True,per-letter,,6487,0.879,สมุทรสาคร,0.411,0.333,car,2,4,True,,266,5,263,253.4
plate_05250.jpg,cnn,70,0.9853,True,per-letter,,6487,0.879,สมุทรสาคร,0.411,0.333,car,2,4,True,,266,5,263,2.0
plate_05250.jpg,tesseract,70,0.9995,True,per-letter,,6487,0.879,สมุทรสาคร,0.411,0.333,car,2,4,True,,266,5,263,181.1
plate_05250.jpg,paddle,70,0.9996,True,per-letter,,6487,0.879,สมุทรสาคร,0.411,0.333,car,2,4,True,,266,5,263,151.6
plate_05250.jpg,easyocr+cnn,70,0.797,True,per-letter,easyocr=10|cnn=70,6487,0.879,สมุทรสาคร,0.411,0.333,car,2,4,True,,266,5,263,255.4
plate_05250.jpg,cnn+paddle,70,0.9903,True,per-letter,cnn=70|paddle=70,6487,0.879,สมุทรสาคร,0.411,0.333,car,2,4,True,,266,5,263,153.6
plate_05250.jpg,easyocr+cnn+paddle,70,0.8567,True,per-letter,easyocr=10|cnn=70|paddle=70,6487,0.879,สมุทรสาคร,0.411,0.333,car,2,4,True,,266,5,263,407.0
plate_05250.jpg,easyocr+cnn+tesseract+paddle,70,0.8743,True,per-letter,easyocr=10|cnn=70|tesseract=70|paddle=70,6487,0.879,สมุทรสาคร,0.411,0.333,car,2,4,True,,266,5,263,588.2
plate_05257.jpg,group,3กจ,0.9169,True,whole crop,,5069,0.999,ชลบุรี,1.0,0.8,motorcycle,3,4,False,,373,3,277,80.3
plate_05257.jpg,easyocr,3กจ,1.0,True,per-letter,,5069,0.999,ชลบุรี,1.0,0.8,motorcycle,3,4,False,,373,3,277,363.6
plate_05257.jpg,cnn,3กจ,0.9954,True,per-letter,,5069,0.999,ชลบุรี,1.0,0.8,motorcycle,3,4,False,,373,3,277,2.3
plate_05257.jpg,tesseract,3กจ,0.9985,True,per-letter,,5069,0.999,ชลบุรี,1.0,0.8,motorcycle,3,4,False,,373,3,277,260.2
plate_05257.jpg,paddle,3กจ,0.9975,True,per-letter,,5069,0.999,ชลบุรี,1.0,0.8,motorcycle,3,4,False,,373,3,277,235.1
plate_05257.jpg,easyocr+cnn,3กจ,0.997,True,per-letter,easyocr=3กจ|cnn=3กจ,5069,0.999,ชลบุรี,1.0,0.8,motorcycle,3,4,False,,373,3,277,365.9
plate_05257.jpg,cnn+paddle,3กจ,0.9966,True,per-letter,cnn=3กจ|paddle=3กจ,5069,0.999,ชลบุรี,1.0,0.8,motorcycle,3,4,False,,373,3,277,237.4
plate_05257.jpg,easyocr+cnn+paddle,3กจ,0.9974,True,per-letter,easyocr=3กจ|cnn=3กจ|paddle=3กจ,5069,0.999,ชลบุรี,1.0,0.8,motorcycle,3,4,False,,373,3,277,601.0
plate_05257.jpg,easyocr+cnn+tesseract+paddle,3กจ,0.9975,True,per-letter,easyocr=3กจ|cnn=3กจ|tesseract=3กจ|paddle=3กจ,5069,0.999,ชลบุรี,1.0,0.8,motorcycle,3,4,False,,373,3,277,861.3
plate_05311.jpg,group,82,0.9987,True,whole crop,,2775,0.972,นครปฐม,1.0,0.833,car,2,4,False,,321,7,263,78.9
plate_05311.jpg,easyocr,82,0.9982,True,per-letter,,2775,0.972,นครปฐม,1.0,0.833,car,2,4,False,,321,7,263,330.4
plate_05311.jpg,cnn,82,0.9944,True,per-letter,,2775,0.972,นครปฐม,1.0,0.833,car,2,4,False,,321,7,263,2.0
plate_05311.jpg,tesseract,82,0.9998,True,per-letter,,2775,0.972,นครปฐม,1.0,0.833,car,2,4,False,,321,7,263,174.0
plate_05311.jpg,paddle,82,0.9998,True,per-letter,,2775,0.972,นครปฐม,1.0,0.833,car,2,4,False,,321,7,263,152.1
plate_05311.jpg,easyocr+cnn,82,0.9958,True,per-letter,easyocr=82|cnn=82,2775,0.972,นครปฐม,1.0,0.833,car,2,4,False,,321,7,263,332.3
plate_05311.jpg,cnn+paddle,82,0.9963,True,per-letter,cnn=82|paddle=82,2775,0.972,นครปฐม,1.0,0.833,car,2,4,False,,321,7,263,154.0
plate_05311.jpg,easyocr+cnn+paddle,82,0.9968,True,per-letter,easyocr=82|cnn=82|paddle=82,2775,0.972,นครปฐม,1.0,0.833,car,2,4,False,,321,7,263,484.4
plate_05311.jpg,easyocr+cnn+tesseract+paddle,82,0.9962,True,per-letter,easyocr=82|cnn=82|tesseract=82|paddle=82,2775,0.972,นครปฐม,1.0,0.833,car,2,4,False,,321,7,263,658.4
plate_05382.jpg,group,8กว,0.658,True,whole crop,,8336,0.998,กรุงเทพมหานคร,1.0,0.96,motorcycle,3,4,True,,201,1,324,77.8
plate_05382.jpg,easyocr,8กว,0.9733,True,per-letter,,8336,0.998,กรุงเทพมหานคร,1.0,0.96,motorcycle,3,4,False,,201,1,324,395.3
plate_05382.jpg,cnn,8กว,0.9892,True,per-letter,,8336,0.998,กรุงเทพมหานคร,1.0,0.96,motorcycle,3,4,False,,201,1,324,4.3
plate_05382.jpg,tesseract,8กว,0.996,True,per-letter,,8336,0.998,กรุงเทพมหานคร,1.0,0.96,motorcycle,3,4,False,,201,1,324,230.8
plate_05382.jpg,paddle,8กว,0.9991,True,per-letter,,8336,0.998,กรุงเทพมหานคร,1.0,0.96,motorcycle,3,4,False,,201,1,324,220.6
plate_05382.jpg,easyocr+cnn,8กว,0.9847,True,per-letter,easyocr=8กว|cnn=8กว,8336,0.998,กรุงเทพมหานคร,1.0,0.96,motorcycle,3,4,False,,201,1,324,399.7
plate_05382.jpg,cnn+paddle,8กว,0.9957,True,per-letter,cnn=8กว|paddle=8กว,8336,0.998,กรุงเทพมหานคร,1.0,0.96,motorcycle,3,4,False,,201,1,324,225.0
plate_05382.jpg,easyocr+cnn+paddle,8กว,0.9902,True,per-letter,easyocr=8กว|cnn=8กว|paddle=8กว,8336,0.998,กรุงเทพมหานคร,1.0,0.96,motorcycle,3,4,False,,201,1,324,620.3
plate_05382.jpg,easyocr+cnn+tesseract+paddle,8กว,0.9908,True,per-letter,easyocr=8กว|cnn=8กว|tesseract=8กว|paddle=8กว,8336,0.998,กรุงเทพมหานคร,1.0,0.96,motorcycle,3,4,False,,201,1,324,851.0
plate_05411.jpg,group,6กญ,0.1394,True,whole crop,,5422,1.0,กรุงเทพมหานคร,1.0,0.667,car,3,4,True,,294,1,313,79.1
plate_05411.jpg,easyocr,6กญ,0.9518,True,per-letter,,5422,1.0,กรุงเทพมหานคร,1.0,0.667,car,3,4,False,,294,1,313,409.6
plate_05411.jpg,cnn,6กญ,0.9882,True,per-letter,,5422,1.0,กรุงเทพมหานคร,1.0,0.667,car,3,4,False,,294,1,313,3.1
plate_05411.jpg,tesseract,6กญ,0.9685,True,per-letter,,5422,1.0,กรุงเทพมหานคร,1.0,0.667,car,3,4,False,,294,1,313,259.9
plate_05411.jpg,paddle,6กญ,0.5176,True,per-letter,,5422,1.0,กรุงเทพมหานคร,1.0,0.667,car,3,4,True,,294,1,313,236.3
plate_05411.jpg,easyocr+cnn,6กญ,0.9769,True,per-letter,easyocr=6กญ|cnn=6กญ,5422,1.0,กรุงเทพมหานคร,1.0,0.667,car,3,4,False,,294,1,313,412.7
plate_05411.jpg,cnn+paddle,6กญ,0.8413,True,per-letter,cnn=6กญ|paddle=6กญ,5422,1.0,กรุงเทพมหานคร,1.0,0.667,car,3,4,False,,294,1,313,239.4
plate_05411.jpg,easyocr+cnn+paddle,6กญ,0.879,True,per-letter,easyocr=6กญ|cnn=6กญ|paddle=6กญ,5422,1.0,กรุงเทพมหานคร,1.0,0.667,car,3,4,False,,294,1,313,649.0
plate_05411.jpg,easyocr+cnn+tesseract+paddle,6กญ,0.8844,True,per-letter,easyocr=6กญ|cnn=6กญ|tesseract=6กญ|paddle=6กญ,5422,1.0,กรุงเทพมหานคร,1.0,0.667,car,3,4,False,,294,1,313,908.9
plate_05475.jpg,group,74,0.9993,True,whole crop,,5958,0.998,สมุทรปราการ,1.0,1.0,car,2,4,False,,384,4,266,76.7
plate_05475.jpg,easyocr,74,0.9648,True,per-letter,,5958,0.998,สมุทรปราการ,1.0,1.0,car,2,4,False,,384,4,266,259.0
plate_05475.jpg,cnn,74,0.9987,True,per-letter,,5958,0.998,สมุทรปราการ,1.0,1.0,car,2,4,False,,384,4,266,1.9
plate_05475.jpg,tesseract,7?,0.0,False,per-letter,,5958,0.998,สมุทรปราการ,1.0,1.0,car,2,4,True,,384,4,266,237.3
plate_05475.jpg,paddle,74,0.9997,True,per-letter,,5958,0.998,สมุทรปราการ,1.0,1.0,car,2,4,False,,384,4,266,230.5
plate_05475.jpg,easyocr+cnn,74,0.9872,True,per-letter,easyocr=74|cnn=74,5958,0.998,สมุทรปราการ,1.0,1.0,car,2,4,False,,384,4,266,260.9
plate_05475.jpg,cnn+paddle,74,0.9991,True,per-letter,cnn=74|paddle=74,5958,0.998,สมุทรปราการ,1.0,1.0,car,2,4,False,,384,4,266,232.4
plate_05475.jpg,easyocr+cnn+paddle,74,0.9905,True,per-letter,easyocr=74|cnn=74|paddle=74,5958,0.998,สมุทรปราการ,1.0,1.0,car,2,4,False,,384,4,266,491.4
plate_05475.jpg,easyocr+cnn+tesseract+paddle,74,0.9898,True,per-letter,easyocr=74|cnn=74|tesseract=7ก|paddle=74,5958,0.998,สมุทรปราการ,1.0,1.0,car,2,4,False,,384,4,266,728.7
plate_05554.jpg,group,กส,0.9811,True,whole crop,,5149,0.999,นครปฐม,0.882,0.182,motorcycle,2,4,True,,225,11,268,82.7
plate_05554.jpg,easyocr,กส,0.6202,True,per-letter,,5149,0.999,นครปฐม,0.882,0.182,motorcycle,2,4,True,,225,11,268,254.4
plate_05554.jpg,cnn,กส,0.9899,True,per-letter,,5149,0.999,นครปฐม,0.882,0.182,motorcycle,2,4,True,,225,11,268,1.9
plate_05554.jpg,tesseract,ก?,0.0,False,per-letter,,5149,0.999,นครปฐม,0.882,0.182,motorcycle,2,4,True,,225,11,268,266.7
plate_05554.jpg,paddle,กส,0.9954,True,per-letter,,5149,0.999,นครปฐม,0.882,0.182,motorcycle,2,4,True,,225,11,268,156.1
plate_05554.jpg,easyocr+cnn,กส,0.9501,True,per-letter,easyocr=กส|cnn=กส,5149,0.999,นครปฐม,0.882,0.182,motorcycle,2,4,True,,225,11,268,256.3
plate_05554.jpg,cnn+paddle,กส,0.9931,True,per-letter,cnn=กส|paddle=กส,5149,0.999,นครปฐม,0.882,0.182,motorcycle,2,4,True,,225,11,268,158.0
plate_05554.jpg,easyocr+cnn+paddle,กส,0.9655,True,per-letter,easyocr=กส|cnn=กส|paddle=กส,5149,0.999,นครปฐม,0.882,0.182,motorcycle,2,4,True,,225,11,268,412.4
plate_05554.jpg,easyocr+cnn+tesseract+paddle,กส,0.9633,True,per-letter,easyocr=กส|cnn=กส|tesseract=กก|paddle=กส,5149,0.999,นครปฐม,0.882,0.182,motorcycle,2,4,True,,225,11,268,679.1
plate_05561.jpg,group,2น,0.0839,True,whole crop,,1125,0.116,ขอนแก่น,0.317,0.0,car,2,4,True,,271,14,288,82.6
plate_05561.jpg,easyocr,ตป,0.2437,True,per-letter,,1125,0.116,ขอนแก่น,0.317,0.0,car,2,4,True,,271,14,288,267.2
plate_05561.jpg,cnn,4ย,0.5646,True,per-letter,,1125,0.116,ขอนแก่น,0.317,0.0,car,2,4,True,,271,14,288,1.9
plate_05561.jpg,tesseract,ยป,0.7642,True,per-letter,,1125,0.116,ขอนแก่น,0.317,0.0,car,2,4,True,,271,14,288,175.2
plate_05561.jpg,paddle,ซย,0.6389,True,per-letter,,1125,0.116,ขอนแก่น,0.317,0.0,car,2,4,True,,271,14,288,151.1
plate_05561.jpg,easyocr+cnn,4ย,0.4963,True,per-letter,easyocr=ตป|cnn=4ย,1125,0.116,ขอนแก่น,0.317,0.0,car,2,4,True,,271,14,288,269.1
plate_05561.jpg,cnn+paddle,4ย,0.5196,True,per-letter,cnn=4ย|paddle=ซย,1125,0.116,ขอนแก่น,0.317,0.0,car,2,4,True,,271,14,288,153.0
plate_05561.jpg,easyocr+cnn+paddle,4ย,0.4685,True,per-letter,easyocr=ตป|cnn=4ย|paddle=ซย,1125,0.116,ขอนแก่น,0.317,0.0,car,2,4,True,,271,14,288,420.2
plate_05561.jpg,easyocr+cnn+tesseract+paddle,4ย,0.4094,True,per-letter,easyocr=ตป|cnn=4ย|tesseract=ยป|paddle=ซย,1125,0.116,ขอนแก่น,0.317,0.0,car,2,4,True,,271,14,288,595.4
plate_05562.jpg,group,1กย,0.8275,True,whole crop,,7538,0.976,ภูเก็ต,0.629,0.2,motorcycle,5,4,True,,249,1,313,77.6
plate_05562.jpg,easyocr,1กย,0.8275,True,"whole crop, fallback",,7538,0.976,ภูเก็ต,0.629,0.2,motorcycle,5,4,True,,249,1,313,77.6
plate_05562.jpg,cnn,1กย,0.8275,True,"whole crop, fallback",,7538,0.976,ภูเก็ต,0.629,0.2,motorcycle,5,4,True,,249,1,313,77.6
plate_05562.jpg,tesseract,1กย,0.8275,True,"whole crop, fallback",,7538,0.976,ภูเก็ต,0.629,0.2,motorcycle,5,4,True,,249,1,313,77.6
plate_05562.jpg,paddle,1กย,0.8275,True,"whole crop, fallback",,7538,0.976,ภูเก็ต,0.629,0.2,motorcycle,5,4,True,,249,1,313,77.6
plate_05562.jpg,easyocr+cnn,1กย,0.8275,True,"whole crop, fallback",,7538,0.976,ภูเก็ต,0.629,0.2,motorcycle,5,4,True,,249,1,313,77.6
plate_05562.jpg,cnn+paddle,1กย,0.8275,True,"whole crop, fallback",,7538,0.976,ภูเก็ต,0.629,0.2,motorcycle,5,4,True,,249,1,313,77.6
plate_05562.jpg,easyocr+cnn+paddle,1กย,0.8275,True,"whole crop, fallback",,7538,0.976,ภูเก็ต,0.629,0.2,motorcycle,5,4,True,,249,1,313,77.6
plate_05562.jpg,easyocr+cnn+tesseract+paddle,1กย,0.8275,True,"whole crop, fallback",,7538,0.976,ภูเก็ต,0.629,0.2,motorcycle,5,4,True,,249,1,313,77.6
plate_05571.jpg,group,,0.0,False,whole crop,,1,0.196,เลย,0.778,0.667,car,2,1,True,,614,1,235,81.3
plate_05571.jpg,easyocr,ภซ,0.2815,True,per-letter,,1,0.196,เลย,0.778,0.667,car,2,1,True,,614,1,235,249.1
plate_05571.jpg,cnn,12,0.7148,True,per-letter,,1,0.196,เลย,0.778,0.667,car,2,1,True,,614,1,235,1.8
plate_05571.jpg,tesseract,น?,0.0,False,per-letter,,1,0.196,เลย,0.778,0.667,car,2,1,True,,614,1,235,225.0
plate_05571.jpg,paddle,พ2,0.0,False,per-letter,,1,0.196,เลย,0.778,0.667,car,2,1,True,,614,1,235,156.2
plate_05571.jpg,easyocr+cnn,ณซ,0.346,True,per-letter,easyocr=ภซ|cnn=ณ2,1,0.196,เลย,0.778,0.667,car,2,1,True,,614,1,235,251.0
plate_05571.jpg,cnn+paddle,พ2,0.0,False,per-letter,cnn=ณ2|paddle=พ2,1,0.196,เลย,0.778,0.667,car,2,1,True,,614,1,235,158.0
plate_05571.jpg,easyocr+cnn+paddle,พซ,0.6212,True,per-letter,easyocr=ภซ|cnn=ณ2|paddle=พ2,1,0.196,เลย,0.778,0.667,car,2,1,True,,614,1,235,407.1
plate_05571.jpg,easyocr+cnn+tesseract+paddle,พซ,0.4704,True,per-letter,easyocr=ภซ|cnn=ณ2|tesseract=นก|paddle=พ2,1,0.196,เลย,0.778,0.667,car,2,1,True,,614,1,235,632.1
plate_05591.jpg,group,71,0.8514,True,whole crop,,1040,0.65,สมุทรสาคร,1.0,0.941,car,2,4,True,,360,5,267,78.4
plate_05591.jpg,easyocr,7ก,0.7136,True,per-letter,,1040,0.65,สมุทรสาคร,1.0,0.941,car,2,4,True,,360,5,267,253.0
plate_05591.jpg,cnn,71,0.9927,True,per-letter,,1040,0.65,สมุทรสาคร,1.0,0.941,car,2,4,True,,360,5,267,1.8
plate_05591.jpg,tesseract,7?,0.0,False,per-letter,,1040,0.65,สมุทรสาคร,1.0,0.941,car,2,4,True,,360,5,267,177.3
plate_05591.jpg,paddle,71,0.9988,True,per-letter,,1040,0.65,สมุทรสาคร,1.0,0.941,car,2,4,True,,360,5,267,152.0
plate_05591.jpg,easyocr+cnn,71,0.936,True,per-letter,easyocr=7ก|cnn=71,1040,0.65,สมุทรสาคร,1.0,0.941,car,2,4,True,,360,5,267,254.9
plate_05591.jpg,cnn+paddle,71,0.9951,True,per-letter,cnn=71|paddle=71,1040,0.65,สมุทรสาคร,1.0,0.941,car,2,4,True,,360,5,267,153.8
plate_05591.jpg,easyocr+cnn+paddle,71,0.9556,True,per-letter,easyocr=7ก|cnn=71|paddle=71,1040,0.65,สมุทรสาคร,1.0,0.941,car,2,4,True,,360,5,267,406.8
plate_05591.jpg,easyocr+cnn+tesseract+paddle,71,0.9554,True,per-letter,easyocr=7ก|cnn=71|tesseract=7ก|paddle=71,1040,0.65,สมุทรสาคร,1.0,0.941,car,2,4,True,,360,5,267,584.2
plate_05595.jpg,group,10,0.9771,True,whole crop,,7448,0.491,ชลบุรี,1.0,0.833,car,2,4,True,,426,8,313,79.4
plate_05595.jpg,easyocr,กง,0.4201,True,per-letter,,7448,0.491,ชลบุรี,1.0,0.833,car,2,4,True,,426,8,313,284.2
plate_05595.jpg,cnn,10,0.9906,True,per-letter,,7448,0.491,ชลบุรี,1.0,0.833,car,2,4,True,,426,8,313,3.1
plate_05595.jpg,tesseract,?ก,0.0,False,per-letter,,7448,0.491,ชลบุรี,1.0,0.833,car,2,4,True,,426,8,313,214.1
plate_05595.jpg,paddle,10,0.9995,True,per-letter,,7448,0.491,ชลบุรี,1.0,0.833,car,2,4,True,,426,8,313,154.4
plate_05595.jpg,easyocr+cnn,10,0.9134,True,per-letter,easyocr=ตง|cnn=10,7448,0.491,ชลบุรี,1.0,0.833,car,2,4,True,,426,8,313,287.3
plate_05595.jpg,cnn+paddle,10,0.9937,True,per-letter,cnn=10|paddle=10,7448,0.491,ชลบุรี,1.0,0.833,car,2,4,True,,426,8,313,157.5
plate_05595.jpg,easyocr+cnn+paddle,10,0.9401,True,per-letter,easyocr=ตง|cnn=10|paddle=10,7448,0.491,ชลบุรี,1.0,0.833,car,2,4,True,,426,8,313,441.8
plate_05595.jpg,easyocr+cnn+tesseract+paddle,10,0.947,True,per-letter,easyocr=ตง|cnn=10|tesseract=ก0|paddle=10,7448,0.491,ชลบุรี,1.0,0.833,car,2,4,True,,426,8,313,655.9
plate_05704.jpg,group,16,0.8068,True,whole crop,,0096,0.7,กรุงเทพมหานคร,1.0,1.0,car,2,4,True,,444,6,267,80.5
plate_05704.jpg,easyocr,16,0.9999,True,per-letter,,0096,0.7,กรุงเทพมหานคร,1.0,1.0,car,2,4,True,,444,6,267,251.4
plate_05704.jpg,cnn,16,0.9958,True,per-letter,,0096,0.7,กรุงเทพมหานคร,1.0,1.0,car,2,4,True,,444,6,267,1.8
plate_05704.jpg,tesseract,?ก,0.0,False,per-letter,,0096,0.7,กรุงเทพมหานคร,1.0,1.0,car,2,4,True,,444,6,267,225.4
plate_05704.jpg,paddle,16,0.9981,True,per-letter,,0096,0.7,กรุงเทพมหานคร,1.0,1.0,car,2,4,True,,444,6,267,156.8
plate_05704.jpg,easyocr+cnn,16,0.9992,True,per-letter,easyocr=ก6|cnn=16,0096,0.7,กรุงเทพมหานคร,1.0,1.0,car,2,4,True,,444,6,267,253.2
plate_05704.jpg,cnn+paddle,16,0.9971,True,per-letter,cnn=16|paddle=16,0096,0.7,กรุงเทพมหานคร,1.0,1.0,car,2,4,True,,444,6,267,158.7
plate_05704.jpg,easyocr+cnn+paddle,16,0.9994,True,per-letter,easyocr=ก6|cnn=16|paddle=16,0096,0.7,กรุงเทพมหานคร,1.0,1.0,car,2,4,True,,444,6,267,410.0
plate_05704.jpg,easyocr+cnn+tesseract+paddle,16,0.953,True,per-letter,easyocr=ก6|cnn=16|tesseract=ก0|paddle=16,0096,0.7,กรุงเทพมหานคร,1.0,1.0,car,2,4,True,,444,6,267,635.4
plate_05718.jpg,group,บกว,0.2519,True,whole crop,,2526,1.0,ภูเก็ต,1.0,0.545,motorcycle,3,4,True,,242,1,269,83.5
plate_05718.jpg,easyocr,1กว,0.9985,True,per-letter,,2526,1.0,ภูเก็ต,1.0,0.545,motorcycle,3,4,True,,242,1,269,330.7
plate_05718.jpg,cnn,1กว,0.9889,True,per-letter,,2526,1.0,ภูเก็ต,1.0,0.545,motorcycle,3,4,True,,242,1,269,2.3
plate_05718.jpg,tesseract,1กว,0.9788,True,per-letter,,2526,1.0,ภูเก็ต,1.0,0.545,motorcycle,3,4,True,,242,1,269,274.6
plate_05718.jpg,paddle,1กว,0.9698,True,per-letter,,2526,1.0,ภูเก็ต,1.0,0.545,motorcycle,3,4,True,,242,1,269,236.2
plate_05718.jpg,easyocr+cnn,1กว,0.9928,True,per-letter,easyocr=1กว|cnn=1กว,2526,1.0,ภูเก็ต,1.0,0.545,motorcycle,3,4,True,,242,1,269,333.0
plate_05718.jpg,cnn+paddle,1กว,0.9827,True,per-letter,cnn=1กว|paddle=1กว,2526,1.0,ภูเก็ต,1.0,0.545,motorcycle,3,4,True,,242,1,269,238.6
plate_05718.jpg,easyocr+cnn+paddle,1กว,0.9872,True,per-letter,easyocr=1กว|cnn=1กว|paddle=1กว,2526,1.0,ภูเก็ต,1.0,0.545,motorcycle,3,4,True,,242,1,269,569.3
plate_05718.jpg,easyocr+cnn+tesseract+paddle,1กว,0.9872,True,per-letter,easyocr=1กว|cnn=1กว|tesseract=1กว|paddle=1กว,2526,1.0,ภูเก็ต,1.0,0.545,motorcycle,3,4,True,,242,1,269,843.9
plate_05725.jpg,group,30,0.9972,True,whole crop,,4026,0.562,พระนครศรีอยุธยา,1.0,0.522,car,2,4,True,,310,5,322,133.2
plate_05725.jpg,easyocr,30,0.9688,True,per-letter,,4026,0.562,พระนครศรีอยุธยา,1.0,0.522,car,2,4,True,,310,5,322,321.4
plate_05725.jpg,cnn,30,0.9972,True,per-letter,,4026,0.562,พระนครศรีอยุธยา,1.0,0.522,car,2,4,True,,310,5,322,3.3
plate_05725.jpg,tesseract,30,0.999,True,per-letter,,4026,0.562,พระนครศรีอยุธยา,1.0,0.522,car,2,4,True,,310,5,322,162.2
plate_05725.jpg,paddle,30,0.9999,True,per-letter,,4026,0.562,พระนครศรีอยุธยา,1.0,0.522,car,2,4,True,,310,5,322,151.1
plate_05725.jpg,easyocr+cnn,30,0.9911,True,per-letter,easyocr=30|cnn=30,4026,0.562,พระนครศรีอยุธยา,1.0,0.522,car,2,4,True,,310,5,322,324.8
plate_05725.jpg,cnn+paddle,30,0.9981,True,per-letter,cnn=30|paddle=30,4026,0.562,พระนครศรีอยุธยา,1.0,0.522,car,2,4,True,,310,5,322,154.4
plate_05725.jpg,easyocr+cnn+paddle,30,0.9936,True,per-letter,easyocr=30|cnn=30|paddle=30,4026,0.562,พระนครศรีอยุธยา,1.0,0.522,car,2,4,True,,310,5,322,475.8
plate_05725.jpg,easyocr+cnn+tesseract+paddle,30,0.994,True,per-letter,easyocr=30|cnn=30|tesseract=30|paddle=30,4026,0.562,พระนครศรีอยุธยา,1.0,0.522,car,2,4,True,,310,5,322,638.0
plate_05752.jpg,group,ซ,0.0921,True,whole crop,,2958,0.135,เลย,0.854,0.0,motorcycle,1,3,True,,183,1,254,76.9
plate_05752.jpg,easyocr,ม,0.7334,True,per-letter,,2958,0.135,เลย,0.854,0.0,motorcycle,1,3,True,,183,1,254,137.0
plate_05752.jpg,cnn,บ,0.4519,True,per-letter,,2958,0.135,เลย,0.854,0.0,motorcycle,1,3,True,,183,1,254,1.4
plate_05752.jpg,tesseract,?,0.0,False,per-letter,,2958,0.135,เลย,0.854,0.0,motorcycle,1,3,True,,183,1,254,147.5
plate_05752.jpg,paddle,ซ,0.7771,True,per-letter,,2958,0.135,เลย,0.854,0.0,motorcycle,1,3,True,,183,1,254,70.0
plate_05752.jpg,easyocr+cnn,บ,0.378,True,per-letter,easyocr=ม|cnn=ก,2958,0.135,เลย,0.854,0.0,motorcycle,1,3,True,,183,1,254,138.4
plate_05752.jpg,cnn+paddle,ซ,0.4583,True,per-letter,cnn=ก|paddle=ซ,2958,0.135,เลย,0.854,0.0,motorcycle,1,3,True,,183,1,254,71.4
plate_05752.jpg,easyocr+cnn+paddle,ซ,0.4501,True,per-letter,easyocr=ม|cnn=ก|paddle=ซ,2958,0.135,เลย,0.854,0.0,motorcycle,1,3,True,,183,1,254,208.4
plate_05752.jpg,easyocr+cnn+tesseract+paddle,ซ,0.4496,True,per-letter,easyocr=ม|cnn=ก|tesseract=ก|paddle=ซ,2958,0.135,เลย,0.854,0.0,motorcycle,1,3,True,,183,1,254,355.9
plate_05761.jpg,group,10,0.9779,True,whole crop,,2366,0.836,สุพรรณบุรี,1.0,0.7,car,2,4,False,,393,20,263,81.5
plate_05761.jpg,easyocr,กด,0.7709,True,per-letter,,2366,0.836,สุพรรณบุรี,1.0,0.7,car,2,4,False,,393,20,263,261.4
plate_05761.jpg,cnn,10,0.9916,True,per-letter,,2366,0.836,สุพรรณบุรี,1.0,0.7,car,2,4,False,,393,20,263,2.0
plate_05761.jpg,tesseract,?ก,0.0,False,per-letter,,2366,0.836,สุพรรณบุรี,1.0,0.7,car,2,4,True,,393,20,263,210.7
plate_05761.jpg,paddle,10,0.9996,True,per-letter,,2366,0.836,สุพรรณบุรี,1.0,0.7,car,2,4,False,,393,20,263,150.8
plate_05761.jpg,easyocr+cnn,10,0.8488,True,per-letter,easyocr=กด|cnn=10,2366,0.836,สุพรรณบุรี,1.0,0.7,car,2,4,False,,393,20,263,263.4
plate_05761.jpg,cnn+paddle,10,0.9944,True,per-letter,cnn=10|paddle=10,2366,0.836,สุพรรณบุรี,1.0,0.7,car,2,4,False,,393,20,263,152.7
plate_05761.jpg,easyocr+cnn+paddle,10,0.8951,True,per-letter,easyocr=กด|cnn=10|paddle=10,2366,0.836,สุพรรณบุรี,1.0,0.7,car,2,4,False,,393,20,263,414.2
plate_05761.jpg,easyocr+cnn+tesseract+paddle,10,0.908,True,per-letter,easyocr=กด|cnn=10|tesseract=ก0|paddle=10,2366,0.836,สุพรรณบุรี,1.0,0.7,car,2,4,False,,393,20,263,624.9
plate_05762.jpg,group,8ร,0.0927,True,whole crop,,2006,0.364,สมุทรสงคราม,0.282,0.235,car,2,4,True,,346,1,270,78.3
plate_05762.jpg,easyocr,8ว,0.8363,True,per-letter,,2006,0.364,สมุทรสงคราม,0.282,0.235,car,2,4,True,,346,1,270,253.1
plate_05762.jpg,cnn,8ว,0.6958,True,per-letter,,2006,0.364,สมุทรสงคราม,0.282,0.235,car,2,4,True,,346,1,270,2.2
plate_05762.jpg,tesseract,?ว,0.0,False,per-letter,,2006,0.364,สมุทรสงคราม,0.282,0.235,car,2,4,True,,346,1,270,225.6
plate_05762.jpg,paddle,8ซ,0.4559,True,per-letter,,2006,0.364,สมุทรสงคราม,0.282,0.235,car,2,4,True,,346,1,270,155.5
plate_05762.jpg,easyocr+cnn,8ว,0.798,True,per-letter,easyocr=8ว|cnn=8ว,2006,0.364,สมุทรสงคราม,0.282,0.235,car,2,4,True,,346,1,270,255.3
plate_05762.jpg,cnn+paddle,8ว,0.6726,True,per-letter,cnn=8ว|paddle=8ซ,2006,0.364,สมุทรสงคราม,0.282,0.235,car,2,4,True,,346,1,270,157.7
plate_05762.jpg,easyocr+cnn+paddle,8ว,0.7729,True,per-letter,easyocr=8ว|cnn=8ว|paddle=8ซ,2006,0.364,สมุทรสงคราม,0.282,0.235,car,2,4,True,,346,1,270,410.8
plate_05762.jpg,easyocr+cnn+tesseract+paddle,8ว,0.7884,True,per-letter,easyocr=8ว|cnn=8ว|tesseract=กว|paddle=8ซ,2006,0.364,สมุทรสงคราม,0.282,0.235,car,2,4,True,,346,1,270,636.4
plate_05777.jpg,group,ดดร,0.3835,True,whole crop,,4905,0.804,เบตง,0.146,0.0,motorcycle,3,4,True,,202,1,270,81.4
plate_05777.jpg,easyocr,1ธง,0.2743,True,per-letter,,4905,0.804,เบตง,0.146,0.0,motorcycle,3,4,True,,202,1,270,458.6
plate_05777.jpg,cnn,1กช,0.6449,True,per-letter,,4905,0.804,เบตง,0.146,0.0,motorcycle,3,4,True,,202,1,270,2.6
plate_05777.jpg,tesseract,1ก?,0.0,False,per-letter,,4905,0.804,เบตง,0.146,0.0,motorcycle,3,4,True,,202,1,270,236.9
plate_05777.jpg,paddle,1ทซ,0.4869,True,per-letter,,4905,0.804,เบตง,0.146,0.0,motorcycle,3,4,True,,202,1,270,225.0
plate_05777.jpg,easyocr+cnn,1กช,0.5796,True,per-letter,easyocr=1ธง|cnn=1กช,4905,0.804,เบตง,0.146,0.0,motorcycle,3,4,True,,202,1,270,461.3
plate_05777.jpg,cnn+paddle,1กร,0.3469,True,per-letter,cnn=1กช|paddle=1ทซ,4905,0.804,เบตง,0.146,0.0,motorcycle,3,4,True,,202,1,270,227.6
plate_05777.jpg,easyocr+cnn+paddle,1กร,0.34,True,per-letter,easyocr=1ธง|cnn=1กช|paddle=1ทซ,4905,0.804,เบตง,0.146,0.0,motorcycle,3,4,True,,202,1,270,686.2
plate_05777.jpg,easyocr+cnn+tesseract+paddle,1กร,0.3567,True,per-letter,easyocr=1ธง|cnn=1กช|tesseract=1กก|paddle=1ทซ,4905,0.804,เบตง,0.146,0.0,motorcycle,3,4,True,,202,1,270,923.1
plate_05800.jpg,group,75,0.9979,True,whole crop,,1179,0.739,ชลบุรี,0.989,0.667,car,2,4,True,,408,8,313,80.7
plate_05800.jpg,easyocr,75,0.9962,True,per-letter,,1179,0.739,ชลบุรี,0.989,0.667,car,2,4,True,,408,8,313,280.7
plate_05800.jpg,cnn,75,0.9969,True,per-letter,,1179,0.739,ชลบุรี,0.989,0.667,car,2,4,True,,408,8,313,2.2
plate_05800.jpg,tesseract,75,0.9998,True,per-letter,,1179,0.739,ชลบุรี,0.989,0.667,car,2,4,True,,408,8,313,164.0
plate_05800.jpg,paddle,75,0.9999,True,per-letter,,1179,0.739,ชลบุรี,0.989,0.667,car,2,4,True,,408,8,313,154.4
plate_05800.jpg,easyocr+cnn,75,0.9966,True,per-letter,easyocr=75|cnn=75,1179,0.739,ชลบุรี,0.989,0.667,car,2,4,True,,408,8,313,282.8
plate_05800.jpg,cnn+paddle,75,0.9974,True,per-letter,cnn=75|paddle=75,1179,0.739,ชลบุรี,0.989,0.667,car,2,4,True,,408,8,313,156.5
plate_05800.jpg,easyocr+cnn+paddle,75,0.9971,True,per-letter,easyocr=75|cnn=75|paddle=75,1179,0.739,ชลบุรี,0.989,0.667,car,2,4,True,,408,8,313,437.2
plate_05800.jpg,easyocr+cnn+tesseract+paddle,75,0.9973,True,per-letter,easyocr=75|cnn=75|tesseract=75|paddle=75,1179,0.739,ชลบุรี,0.989,0.667,car,2,4,True,,408,8,313,601.1
plate_05868.jpg,group,,,,,,,,,,,,,,,PlateNotFound: could not find the large characters of the top line,,,,
plate_05868.jpg,easyocr,,,,,,,,,,,,,,,PlateNotFound: could not find the large characters of the top line,,,,
plate_05868.jpg,cnn,,,,,,,,,,,,,,,PlateNotFound: could not find the large characters of the top line,,,,
plate_05868.jpg,tesseract,,,,,,,,,,,,,,,PlateNotFound: could not find the large characters of the top line,,,,
plate_05868.jpg,paddle,,,,,,,,,,,,,,,PlateNotFound: could not find the large characters of the top line,,,,
plate_05868.jpg,easyocr+cnn,,,,,,,,,,,,,,,PlateNotFound: could not find the large characters of the top line,,,,
plate_05868.jpg,cnn+paddle,,,,,,,,,,,,,,,PlateNotFound: could not find the large characters of the top line,,,,
plate_05868.jpg,easyocr+cnn+paddle,,,,,,,,,,,,,,,PlateNotFound: could not find the large characters of the top line,,,,
plate_05868.jpg,easyocr+cnn+tesseract+paddle,,,,,,,,,,,,,,,PlateNotFound: could not find the large characters of the top line,,,,
plate_05876.jpg,group,มกจ,0.0619,True,whole crop,,4326,0.886,ขอนแก่น,0.13,0.0,motorcycle,3,4,True,,328,1,269,79.6
plate_05876.jpg,easyocr,ตกว,0.3388,True,per-letter,,4326,0.886,ขอนแก่น,0.13,0.0,motorcycle,3,4,True,,328,1,269,336.4
plate_05876.jpg,cnn,1กจ,0.9899,True,per-letter,,4326,0.886,ขอนแก่น,0.13,0.0,motorcycle,3,4,True,,328,1,269,2.4
plate_05876.jpg,tesseract,วณฆ,0.848,True,per-letter,,4326,0.886,ขอนแก่น,0.13,0.0,motorcycle,3,4,True,,328,1,269,334.1
plate_05876.jpg,paddle,1กซ,0.4838,True,per-letter,,4326,0.886,ขอนแก่น,0.13,0.0,motorcycle,3,4,True,,328,1,269,235.7
plate_05876.jpg,easyocr+cnn,1กจ,0.7583,True,per-letter,easyocr=ตกว|cnn=1กจ,4326,0.886,ขอนแก่น,0.13,0.0,motorcycle,3,4,True,,328,1,269,338.8
plate_05876.jpg,cnn+paddle,1กจ,0.8139,True,per-letter,cnn=1กจ|paddle=1กซ,4326,0.886,ขอนแก่น,0.13,0.0,motorcycle,3,4,True,,328,1,269,238.1
plate_05876.jpg,easyocr+cnn+paddle,1กจ,0.7112,True,per-letter,easyocr=ตกว|cnn=1กจ|paddle=1กซ,4326,0.886,ขอนแก่น,0.13,0.0,motorcycle,3,4,True,,328,1,269,574.5
plate_05876.jpg,easyocr+cnn+tesseract+paddle,1กจ,0.6574,True,per-letter,easyocr=ตกว|cnn=1กจ|tesseract=วณฆ|paddle=1กซ,4326,0.886,ขอนแก่น,0.13,0.0,motorcycle,3,4,True,,328,1,269,908.6
plate_05951.jpg,group,2ม,0.197,True,whole crop,,668,0.327,ภูเก็ต,1.0,0.833,motorcycle,3,3,True,,288,1,220,78.7
plate_05951.jpg,easyocr,ขมล,0.6345,True,per-letter,,668,0.327,ภูเก็ต,1.0,0.833,motorcycle,3,3,True,,288,1,220,304.2
plate_05951.jpg,cnn,ขมฉ,0.9454,True,per-letter,,668,0.327,ภูเก็ต,1.0,0.833,motorcycle,3,3,True,,288,1,220,2.1
plate_05951.jpg,tesseract,ยมก,0.5715,True,per-letter,,668,0.327,ภูเก็ต,1.0,0.833,motorcycle,3,3,True,,288,1,220,315.5
plate_05951.jpg,paddle,2มซ,0.5969,True,per-letter,,668,0.327,ภูเก็ต,1.0,0.833,motorcycle,3,3,True,,288,1,220,206.1
plate_05951.jpg,easyocr+cnn,ขมฉ,0.7437,True,per-letter,easyocr=ขมล|cnn=ขมฉ,668,0.327,ภูเก็ต,1.0,0.833,motorcycle,3,3,True,,288,1,220,306.4
plate_05951.jpg,cnn+paddle,ขมฉ,0.5279,True,per-letter,cnn=ขมฉ|paddle=2มซ,668,0.327,ภูเก็ต,1.0,0.833,motorcycle,3,3,True,,288,1,220,208.3
plate_05951.jpg,easyocr+cnn+paddle,ขมฉ,0.4966,True,per-letter,easyocr=ขมล|cnn=ขมฉ|paddle=2มซ,668,0.327,ภูเก็ต,1.0,0.833,motorcycle,3,3,True,,288,1,220,512.5
plate_05951.jpg,easyocr+cnn+tesseract+paddle,ขมฉ,0.4945,True,per-letter,easyocr=ขมล|cnn=ขมฉ|tesseract=ยม1|paddle=2มซ,668,0.327,ภูเก็ต,1.0,0.833,motorcycle,3,3,True,,288,1,220,828.0
plate_05968.jpg,group,4ร,0.1412,True,whole crop,,1046,0.139,มุกดาหาร,0.893,0.5,car,2,3,True,,247,1,213,77.3
plate_05968.jpg,easyocr,4ห,0.87,True,per-letter,,1046,0.139,มุกดาหาร,0.893,0.5,car,2,3,True,,247,1,213,229.3
plate_05968.jpg,cnn,4พ,0.9209,True,per-letter,,1046,0.139,มุกดาหาร,0.893,0.5,car,2,3,True,,247,1,213,1.8
plate_05968.jpg,tesseract,ลค,0.4783,True,per-letter,,1046,0.139,มุกดาหาร,0.893,0.5,car,2,3,True,,247,1,213,192.2
plate_05968.jpg,paddle,4พ,0.9479,True,per-letter,,1046,0.139,มุกดาหาร,0.893,0.5,car,2,3,True,,247,1,213,136.6
plate_05968.jpg,easyocr+cnn,4พ,0.7259,True,per-letter,easyocr=4ห|cnn=4พ,1046,0.139,มุกดาหาร,0.893,0.5,car,2,3,True,,247,1,213,231.0
plate_05968.jpg,cnn+paddle,4พ,0.9376,True,per-letter,cnn=4พ|paddle=4พ,1046,0.139,มุกดาหาร,0.893,0.5,car,2,3,True,,247,1,213,138.4
plate_05968.jpg,easyocr+cnn+paddle,4พ,0.8013,True,per-letter,easyocr=4ห|cnn=4พ|paddle=4พ,1046,0.139,มุกดาหาร,0.893,0.5,car,2,3,True,,247,1,213,367.6
plate_05968.jpg,easyocr+cnn+tesseract+paddle,4พ,0.7893,True,per-letter,easyocr=4ห|cnn=4พ|tesseract=ลค|paddle=4พ,1046,0.139,มุกดาหาร,0.893,0.5,car,2,3,True,,247,1,213,559.9
plate_05970.jpg,group,1กด,0.5615,True,whole crop,,1510,0.984,ลำปาง,1.0,0.6,motorcycle,3,4,True,,154,1,239,72.5
plate_05970.jpg,easyocr,1กด,0.9932,True,per-letter,,1510,0.984,ลำปาง,1.0,0.6,motorcycle,3,4,False,,154,1,239,316.5
plate_05970.jpg,cnn,1กด,0.9579,True,per-letter,,1510,0.984,ลำปาง,1.0,0.6,motorcycle,3,4,False,,154,1,239,2.2
plate_05970.jpg,tesseract,1กด,0.9934,True,per-letter,,1510,0.984,ลำปาง,1.0,0.6,motorcycle,3,4,False,,154,1,239,314.8
plate_05970.jpg,paddle,1กด,0.9989,True,per-letter,,1510,0.984,ลำปาง,1.0,0.6,motorcycle,3,4,False,,154,1,239,208.5
plate_05970.jpg,easyocr+cnn,1กด,0.97,True,per-letter,easyocr=1กด|cnn=1กด,1510,0.984,ลำปาง,1.0,0.6,motorcycle,3,4,False,,154,1,239,318.7
plate_05970.jpg,cnn+paddle,1กด,0.9722,True,per-letter,cnn=1กด|paddle=1กด,1510,0.984,ลำปาง,1.0,0.6,motorcycle,3,4,False,,154,1,239,210.7
plate_05970.jpg,easyocr+cnn+paddle,1กด,0.9776,True,per-letter,easyocr=1กด|cnn=1กด|paddle=1กด,1510,0.984,ลำปาง,1.0,0.6,motorcycle,3,4,False,,154,1,239,527.2
plate_05970.jpg,easyocr+cnn+tesseract+paddle,1กด,0.9789,True,per-letter,easyocr=1กด|cnn=1กด|tesseract=1กด|paddle=1กด,1510,0.984,ลำปาง,1.0,0.6,motorcycle,3,4,False,,154,1,239,842.0
plate_05977.jpg,group,4กย,0.6225,True,whole crop,,7677,0.996,กรุงเทพมหานคร,1.0,0.87,motorcycle,3,4,True,,253,1,273,70.3
plate_05977.jpg,easyocr,4กย,0.986,True,per-letter,,7677,0.996,กรุงเทพมหานคร,1.0,0.87,motorcycle,3,4,False,,253,1,273,332.0
plate_05977.jpg,cnn,4กย,0.9948,True,per-letter,,7677,0.996,กรุงเทพมหานคร,1.0,0.87,motorcycle,3,4,False,,253,1,273,3.2
plate_05977.jpg,tesseract,4กว,0.5091,True,per-letter,,7677,0.996,กรุงเทพมหานคร,1.0,0.87,motorcycle,3,4,True,,253,1,273,233.4
plate_05977.jpg,paddle,4กย,0.9972,True,per-letter,,7677,0.996,กรุงเทพมหานคร,1.0,0.87,motorcycle,3,4,False,,253,1,273,215.8
plate_05977.jpg,easyocr+cnn,4กย,0.9932,True,per-letter,easyocr=4กย|cnn=4กย,7677,0.996,กรุงเทพมหานคร,1.0,0.87,motorcycle,3,4,False,,253,1,273,335.3
plate_05977.jpg,cnn+paddle,4กย,0.996,True,per-letter,cnn=4กย|paddle=4กย,7677,0.996,กรุงเทพมหานคร,1.0,0.87,motorcycle,3,4,False,,253,1,273,219.0
plate_05977.jpg,easyocr+cnn+paddle,4กย,0.9949,True,per-letter,easyocr=4กย|cnn=4กย|paddle=4กย,7677,0.996,กรุงเทพมหานคร,1.0,0.87,motorcycle,3,4,False,,253,1,273,551.1
plate_05977.jpg,easyocr+cnn+tesseract+paddle,4กย,0.9944,True,per-letter,easyocr=4กย|cnn=4กย|tesseract=4กว|paddle=4กย,7677,0.996,กรุงเทพมหานคร,1.0,0.87,motorcycle,3,4,False,,253,1,273,784.5
plate_06163.jpg,group,1กค,0.4955,True,whole crop,,9292,0.998,ฉะเชิงเทรา,1.0,0.7,motorcycle,3,4,True,,300,1,239,70.7
plate_06163.jpg,easyocr,1กค,0.9995,True,per-letter,,9292,0.998,ฉะเชิงเทรา,1.0,0.7,motorcycle,3,4,False,,300,1,239,329.8
plate_06163.jpg,cnn,1กค,0.9832,True,per-letter,,9292,0.998,ฉะเชิงเทรา,1.0,0.7,motorcycle,3,4,False,,300,1,239,2.2
plate_06163.jpg,tesseract,1กว,0.9565,True,per-letter,,9292,0.998,ฉะเชิงเทรา,1.0,0.7,motorcycle,3,4,False,,300,1,239,213.9
plate_06163.jpg,paddle,1กค,0.9815,True,per-letter,,9292,0.998,ฉะเชิงเทรา,1.0,0.7,motorcycle,3,4,False,,300,1,239,207.4
plate_06163.jpg,easyocr+cnn,1กค,0.9889,True,per-letter,easyocr=1กค|cnn=1กค,9292,0.998,ฉะเชิงเทรา,1.0,0.7,motorcycle,3,4,False,,300,1,239,332.1
plate_06163.jpg,cnn+paddle,1กค,0.9828,True,per-letter,cnn=1กค|paddle=1กค,9292,0.998,ฉะเชิงเทรา,1.0,0.7,motorcycle,3,4,False,,300,1,239,209.6
plate_06163.jpg,easyocr+cnn+paddle,1กค,0.9871,True,per-letter,easyocr=1กค|cnn=1กค|paddle=1กค,9292,0.998,ฉะเชิงเทรา,1.0,0.7,motorcycle,3,4,False,,300,1,239,539.4
plate_06163.jpg,easyocr+cnn+tesseract+paddle,1กค,0.9683,True,per-letter,easyocr=1กค|cnn=1กค|tesseract=1กว|paddle=1กค,9292,0.998,ฉะเชิงเทรา,1.0,0.7,motorcycle,3,4,False,,300,1,239,753.3
plate_06175.jpg,group,ดร,0.067,True,whole crop,,576,0.726,เลย,0.36,0.0,motorcycle,2,3,True,,226,1,216,69.6
plate_06175.jpg,easyocr,7ย,0.349,True,per-letter,,576,0.726,เลย,0.36,0.0,motorcycle,2,3,True,,226,1,216,234.6
plate_06175.jpg,cnn,ฉข,0.8881,True,per-letter,,576,0.726,เลย,0.36,0.0,motorcycle,2,3,True,,226,1,216,1.8
plate_06175.jpg,tesseract,จย,0.9225,True,per-letter,,576,0.726,เลย,0.36,0.0,motorcycle,2,3,True,,226,1,216,166.7
plate_06175.jpg,paddle,ซซ,0.8131,True,per-letter,,576,0.726,เลย,0.36,0.0,motorcycle,2,3,True,,226,1,216,140.3
plate_06175.jpg,easyocr+cnn,ฉข,0.5235,True,per-letter,easyocr=7ย|cnn=ฉข,576,0.726,เลย,0.36,0.0,motorcycle,2,3,True,,226,1,216,236.4
plate_06175.jpg,cnn+paddle,ฉข,0.378,True,per-letter,cnn=ฉข|paddle=ซซ,576,0.726,เลย,0.36,0.0,motorcycle,2,3,True,,226,1,216,142.1
plate_06175.jpg,easyocr+cnn+paddle,ฉข,0.3019,True,per-letter,easyocr=7ย|cnn=ฉข|paddle=ซซ,576,0.726,เลย,0.36,0.0,motorcycle,2,3,True,,226,1,216,376.7
plate_06175.jpg,easyocr+cnn+tesseract+paddle,ฉข,0.2875,True,per-letter,easyocr=7ย|cnn=ฉข|tesseract=จย|paddle=ซซ,576,0.726,เลย,0.36,0.0,motorcycle,2,3,True,,226,1,216,543.3
plate_06176.jpg,group,ขคร,0.3521,True,whole crop,,341,0.92,ศรีสะเกษ,1.0,0.533,motorcycle,3,3,True,,214,1,216,70.0
plate_06176.jpg,easyocr,ขกร,0.8808,True,per-letter,,341,0.92,ศรีสะเกษ,1.0,0.533,motorcycle,3,3,True,,214,1,216,342.7
plate_06176.jpg,cnn,ขคร,0.9256,True,per-letter,,341,0.92,ศรีสะเกษ,1.0,0.533,motorcycle,3,3,True,,214,1,216,2.2
plate_06176.jpg,tesseract,ขต?,0.0,False,per-letter,,341,0.92,ศรีสะเกษ,1.0,0.533,motorcycle,3,3,True,,214,1,216,208.7
plate_06176.jpg,paddle,ขคร,0.4494,True,per-letter,,341,0.92,ศรีสะเกษ,1.0,0.533,motorcycle,3,3,True,,214,1,216,206.5
plate_06176.jpg,easyocr+cnn,ขคร,0.6754,True,per-letter,easyocr=ขกร|cnn=ขคร,341,0.92,ศรีสะเกษ,1.0,0.533,motorcycle,3,3,True,,214,1,216,345.0
plate_06176.jpg,cnn+paddle,ขคร,0.8065,True,per-letter,cnn=ขคร|paddle=2คร,341,0.92,ศรีสะเกษ,1.0,0.533,motorcycle,3,3,True,,214,1,216,208.8
plate_06176.jpg,easyocr+cnn+paddle,ขคร,0.6699,True,per-letter,easyocr=ขกร|cnn=ขคร|paddle=2คร,341,0.92,ศรีสะเกษ,1.0,0.533,motorcycle,3,3,True,,214,1,216,551.5
plate_06176.jpg,easyocr+cnn+tesseract+paddle,ขคร,0.6668,True,per-letter,easyocr=ขกร|cnn=ขคร|tesseract=ขตก|paddle=2คร,341,0.92,ศรีสะเกษ,1.0,0.533,motorcycle,3,3,True,,214,1,216,760.2
